scenario_id,replicate_id,seed,split,carb_fraction,protein_fraction,lipid_fraction,ph_setpoint,total_solids_pct,temperature_c,ph_measured,olr_kg_vs_m3_d,hrt_days,inoculum_ratio,pretreatment_temp_c,pretreatment_hours,vs_slurry_g_per_l,ph_effective,c_lcfa_g_per_l,tan_g_per_l,f_lcfa,f_tan,rate_constant_per_day,window_completeness,simulated_methane_fraction,simulated_methane_yield_ml_per_g_vs,simulated_biogas_yield_ml_per_g_vs,simulated_stability_indicator,data_provenance,simulator_version,as_of
OOD00000,0,11,ood,0.5809052933099152,0.11212858594472726,0.30696612074535745,6.554130505551494,22.809420673414593,47.14314436242278,5.800000000000001,3.8038791175967304,27.05072733976684,2.3395922178654684,25.44616188072971,14.52388730855326,193.88007572402404,5.754130505551494,0.7141753768178377,2.434823858184643,0.7384439412087799,0.8586072481853565,0.006168353294141166,0.15368059478633334,0.6914514898554475,0.30000000000000004,0.43386991625792437,1.0,synthetic,SPEC_V1,2026-10-07
OOD00000,1,11,ood,0.5809052933099152,0.11212858594472726,0.30696612074535745,6.554130505551494,22.809420673414593,47.14314436242278,5.800000000000001,3.8038791175967304,27.05072733976684,2.3395922178654684,25.44616188072971,14.52388730855326,193.88007572402404,5.754130505551494,0.7141753768178377,2.434823858184643,0.7384439412087799,0.8586072481853565,0.006168353294141166,0.15368059478633334,0.700811281266149,0.30000000000000004,0.4280753007542814,1.0,synthetic,SPEC_V1,2026-10-07
OOD00000,2,11,ood,0.5809052933099152,0.11212858594472726,0.30696612074535745,6.554130505551494,22.809420673414593,47.14314436242278,5.800000000000001,3.8038791175967304,27.05072733976684,2.3395922178654684,25.44616188072971,14.52388730855326,193.88007572402404,5.754130505551494,0.7141753768178377,2.434823858184643,0.7384439412087799,0.8586072481853565,0.006168353294141166,0.15368059478633334,0.7005462776663988,0.30000000000000004,0.42823723366190025,1.0,synthetic,SPEC_V1,2026-10-07
OOD00000,3,11,ood,0.5809052933099152,0.11212858594472726,0.30696612074535745,6.554130505551494,22.809420673414593,47.14314436242278,5.800000000000001,3.8038791175967304,27.05072733976684,2.3395922178654684,25.44616188072971,14.52388730855326,193.88007572402404,5.754130505551494,0.7141753768178377,2.434823858184643,0.7384439412087799,0.8586072481853565,0.006168353294141166,0.15368059478633334,0.6915926562366381,0.30000000000000004,0.4337813556790442,1.0,synthetic,SPEC_V1,2026-10-07
OOD00000,4,11,ood,0.5809052933099152,0.11212858594472726,0.30696612074535745,6.554130505551494,22.809420673414593,47.14314436242278,5.800000000000001,3.8038791175967304,27.05072733976684,2.3395922178654684,25.44616188072971,14.52388730855326,193.88007572402404,5.754130505551494,0.7141753768178377,2.434823858184643,0.7384439412087799,0.8586072481853565,0.006168353294141166,0.15368059478633334,0.7178645707170679,0.30000000000000004,0.4179061235747196,1.0,synthetic,SPEC_V1,2026-10-07
OOD00000,5,11,ood,0.5809052933099152,0.11212858594472726,0.30696612074535745,6.554130505551494,22.809420673414593,47.14314436242278,5.800000000000001,3.8038791175967304,27.05072733976684,2.3395922178654684,25.44616188072971,14.52388730855326,193.88007572402404,5.754130505551494,0.7141753768178377,2.434823858184643,0.7384439412087799,0.8586072481853565,0.006168353294141166,0.15368059478633334,0.7210487232778073,0.30000000000000004,0.4160606493223279,1.0,synthetic,SPEC_V1,2026-10-07
OOD00000,6,11,ood,0.5809052933099152,0.11212858594472726,0.30696612074535745,6.554130505551494,22.809420673414593,47.14314436242278,5.800000000000001,3.8038791175967304,27.05072733976684,2.3395922178654684,25.44616188072971,14.52388730855326,193.88007572402404,5.754130505551494,0.7141753768178377,2.434823858184643,0.7384439412087799,0.8586072481853565,0.006168353294141166,0.15368059478633334,0.7063428375871273,0.2,0.2831486204110196,1.0,synthetic,SPEC_V1,2026-10-07
OOD00000,7,11,ood,0.5809052933099152,0.11212858594472726,0.30696612074535745,6.554130505551494,22.809420673414593,47.14314436242278,5.800000000000001,3.8038791175967304,27.05072733976684,2.3395922178654684,25.44616188072971,14.52388730855326,193.88007572402404,5.754130505551494,0.7141753768178377,2.434823858184643,0.7384439412087799,0.8586072481853565,0.006168353294141166,0.15368059478633334,0.7026316454906821,0.30000000000000004,0.4269662516986341,1.0,synthetic,SPEC_V1,2026-10-07
OOD00001,0,11,ood,0.49169708120347644,0.1991861965110362,0.3091167222854874,7.477078592674353,27.40170631191458,53.070162401738116,7.2,1.9379657147366616,23.68853321492979,1.0317783898753148,28.58247033089021,3.7561082560531913,232.91450365127392,7.174267022771548,0.8639732152971958,5.196055658589947,0.6586019284906374,0.5714376925976118,0.06231604855696672,0.7714901097157489,0.7055327020724319,49.800000000000004,70.58496346621138,0.37851446237850594,synthetic,SPEC_V1,2026-10-07
OOD00001,1,11,ood,0.49169708120347644,0.1991861965110362,0.3091167222854874,7.477078592674353,27.40170631191458,53.070162401738116,7.2,1.9379657147366616,23.68853321492979,1.0317783898753148,28.58247033089021,3.7561082560531913,232.91450365127392,7.174267022771548,0.8639732152971958,5.196055658589947,0.6586019284906374,0.5714376925976118,0.06231604855696672,0.7714901097157489,0.6875908632985248,46.2,67.19111969924735,0.37851446237850594,synthetic,SPEC_V1,2026-10-07
OOD00001,2,11,ood,0.49169708120347644,0.1991861965110362,0.3091167222854874,7.477078592674353,27.40170631191458,53.070162401738116,7.2,1.9379657147366616,23.68853321492979,1.0317783898753148,28.58247033089021,3.7561082560531913,232.91450365127392,7.174267022771548,0.8639732152971958,5.196055658589947,0.6586019284906374,0.5714376925976118,0.06231604855696672,0.7714901097157489,0.7028038362596876,49.800000000000004,70.8590326783572,0.37851446237850594,synthetic,SPEC_V1,2026-10-07
OOD00001,3,11,ood,0.49169708120347644,0.1991861965110362,0.3091167222854874,7.477078592674353,27.40170631191458,53.070162401738116,7.2,1.9379657147366616,23.68853321492979,1.0317783898753148,28.58247033089021,3.7561082560531913,232.91450365127392,7.174267022771548,0.8639732152971958,5.196055658589947,0.6586019284906374,0.5714376925976118,0.06231604855696672,0.7714901097157489,0.7031313677103898,55.900000000000006,79.5015022328295,0.37851446237850594,synthetic,SPEC_V1,2026-10-07
OOD00001,4,11,ood,0.49169708120347644,0.1991861965110362,0.3091167222854874,7.477078592674353,27.40170631191458,53.070162401738116,7.2,1.9379657147366616,23.68853321492979,1.0317783898753148,28.58247033089021,3.7561082560531913,232.91450365127392,7.174267022771548,0.8639732152971958,5.196055658589947,0.6586019284906374,0.5714376925976118,0.06231604855696672,0.7714901097157489,0.7081639025090559,54.1,76.39474394038064,0.37851446237850594,synthetic,SPEC_V1,2026-10-07
OOD00001,5,11,ood,0.49169708120347644,0.1991861965110362,0.3091167222854874,7.477078592674353,27.40170631191458,53.070162401738116,7.2,1.9379657147366616,23.68853321492979,1.0317783898753148,28.58247033089021,3.7561082560531913,232.91450365127392,7.174267022771548,0.8639732152971958,5.196055658589947,0.6586019284906374,0.5714376925976118,0.06231604855696672,0.7714901097157489,0.7004962948347655,47.800000000000004,68.23733451905719,0.37851446237850594,synthetic,SPEC_V1,2026-10-07
OOD00001,6,11,ood,0.49169708120347644,0.1991861965110362,0.3091167222854874,7.477078592674353,27.40170631191458,53.070162401738116,7.2,1.9379657147366616,23.68853321492979,1.0317783898753148,28.58247033089021,3.7561082560531913,232.91450365127392,7.174267022771548,0.8639732152971958,5.196055658589947,0.6586019284906374,0.5714376925976118,0.06231604855696672,0.7714901097157489,0.7028304087977827,50.7,72.13689015921241,0.37851446237850594,synthetic,SPEC_V1,2026-10-07
OOD00001,7,11,ood,0.49169708120347644,0.1991861965110362,0.3091167222854874,7.477078592674353,27.40170631191458,53.070162401738116,7.2,1.9379657147366616,23.68853321492979,1.0317783898753148,28.58247033089021,3.7561082560531913,232.91450365127392,7.174267022771548,0.8639732152971958,5.196055658589947,0.6586019284906374,0.5714376925976118,0.06231604855696672,0.7714901097157489,0.7059820422717558,49.900000000000006,70.68168453609455,0.37851446237850594,synthetic,SPEC_V1,2026-10-07
OOD00002,0,11,ood,0.5369414330108269,0.1239400104590816,0.33911855653009154,7.2389588739234645,25.70869608456598,51.75590902138702,6.4,3.504525031855105,33.847584545720345,1.1612054316078837,33.60011003302939,73.55180094712749,218.52391671881082,6.438958873923465,0.8892661824598208,3.0333919306531554,0.6455099746628084,0.7964343350765596,0.057105874242885095,0.8197077668887236,0.7123398685157925,10.5,14.740154895271338,1.0,synthetic,SPEC_V1,2026-10-07
OOD00002,1,11,ood,0.5369414330108269,0.1239400104590816,0.33911855653009154,7.2389588739234645,25.70869608456598,51.75590902138702,6.4,3.504525031855105,33.847584545720345,1.1612054316078837,33.60011003302939,73.55180094712749,218.52391671881082,6.438958873923465,0.8892661824598208,3.0333919306531554,0.6455099746628084,0.7964343350765596,0.057105874242885095,0.8197077668887236,0.7081202473041828,9.9,13.980676357849317,1.0,synthetic,SPEC_V1,2026-10-07
OOD00002,2,11,ood,0.5369414330108269,0.1239400104590816,0.33911855653009154,7.2389588739234645,25.70869608456598,51.75590902138702,6.4,3.504525031855105,33.847584545720345,1.1612054316078837,33.60011003302939,73.55180094712749,218.52391671881082,6.438958873923465,0.8892661824598208,3.0333919306531554,0.6455099746628084,0.7964343350765596,0.057105874242885095,0.8197077668887236,0.7106986664486865,9.3,13.085714718547983,1.0,synthetic,SPEC_V1,2026-10-07
OOD00002,3,11,ood,0.5369414330108269,0.1239400104590816,0.33911855653009154,7.2389588739234645,25.70869608456598,51.75590902138702,6.4,3.504525031855105,33.847584545720345,1.1612054316078837,33.60011003302939,73.55180094712749,218.52391671881082,6.438958873923465,0.8892661824598208,3.0333919306531554,0.6455099746628084,0.7964343350765596,0.057105874242885095,0.8197077668887236,0.7334665921225794,10.100000000000001,13.770224995212946,1.0,synthetic,SPEC_V1,2026-10-07
OOD00002,4,11,ood,0.5369414330108269,0.1239400104590816,0.33911855653009154,7.2389588739234645,25.70869608456598,51.75590902138702,6.4,3.504525031855105,33.847584545720345,1.1612054316078837,33.60011003302939,73.55180094712749,218.52391671881082,6.438958873923465,0.8892661824598208,3.0333919306531554,0.6455099746628084,0.7964343350765596,0.057105874242885095,0.8197077668887236,0.7374109212089972,10.0,13.560959991757157,1.0,synthetic,SPEC_V1,2026-10-07
OOD00002,5,11,ood,0.5369414330108269,0.1239400104590816,0.33911855653009154,7.2389588739234645,25.70869608456598,51.75590902138702,6.4,3.504525031855105,33.847584545720345,1.1612054316078837,33.60011003302939,73.55180094712749,218.52391671881082,6.438958873923465,0.8892661824598208,3.0333919306531554,0.6455099746628084,0.7964343350765596,0.057105874242885095,0.8197077668887236,0.7221963744366322,10.100000000000001,13.985115901306989,1.0,synthetic,SPEC_V1,2026-10-07
OOD00002,6,11,ood,0.5369414330108269,0.1239400104590816,0.33911855653009154,7.2389588739234645,25.70869608456598,51.75590902138702,6.4,3.504525031855105,33.847584545720345,1.1612054316078837,33.60011003302939,73.55180094712749,218.52391671881082,6.438958873923465,0.8892661824598208,3.0333919306531554,0.6455099746628084,0.7964343350765596,0.057105874242885095,0.8197077668887236,0.7240200565391826,11.200000000000001,15.46918472609174,1.0,synthetic,SPEC_V1,2026-10-07
OOD00002,7,11,ood,0.5369414330108269,0.1239400104590816,0.33911855653009154,7.2389588739234645,25.70869608456598,51.75590902138702,6.4,3.504525031855105,33.847584545720345,1.1612054316078837,33.60011003302939,73.55180094712749,218.52391671881082,6.438958873923465,0.8892661824598208,3.0333919306531554,0.6455099746628084,0.7964343350765596,0.057105874242885095,0.8197077668887236,0.7206354799338018,10.200000000000001,14.154174036694643,1.0,synthetic,SPEC_V1,2026-10-07
OOD00003,0,11,ood,0.596018991544148,0.06778564906129063,0.33619535939456147,6.661664722762279,26.502407475305,54.9835331821318,6.7,1.61152597588772,22.288027769584595,2.567209419724964,33.4978713459476,30.84527410905128,225.2704635400925,6.661664722762279,0.9088186134100903,1.7102517135651334,0.635494689467777,0.9248564197795346,0.11059910304857085,0.9149942076940506,0.7236913949147554,99.2,137.07500282172748,0.0,synthetic,SPEC_V1,2026-10-07
OOD00003,1,11,ood,0.596018991544148,0.06778564906129063,0.33619535939456147,6.661664722762279,26.502407475305,54.9835331821318,6.7,1.61152597588772,22.288027769584595,2.567209419724964,33.4978713459476,30.84527410905128,225.2704635400925,6.661664722762279,0.9088186134100903,1.7102517135651334,0.635494689467777,0.9248564197795346,0.11059910304857085,0.9149942076940506,0.6988575842320853,97.4,139.3703126324722,0.0,synthetic,SPEC_V1,2026-10-07
OOD00003,2,11,ood,0.596018991544148,0.06778564906129063,0.33619535939456147,6.661664722762279,26.502407475305,54.9835331821318,6.7,1.61152597588772,22.288027769584595,2.567209419724964,33.4978713459476,30.84527410905128,225.2704635400925,6.661664722762279,0.9088186134100903,1.7102517135651334,0.635494689467777,0.9248564197795346,0.11059910304857085,0.9149942076940506,0.7297352976768549,101.5,139.09153130337785,0.0,synthetic,SPEC_V1,2026-10-07
OOD00003,3,11,ood,0.596018991544148,0.06778564906129063,0.33619535939456147,6.661664722762279,26.502407475305,54.9835331821318,6.7,1.61152597588772,22.288027769584595,2.567209419724964,33.4978713459476,30.84527410905128,225.2704635400925,6.661664722762279,0.9088186134100903,1.7102517135651334,0.635494689467777,0.9248564197795346,0.11059910304857085,0.9149942076940506,0.7197543391922806,107.5,149.3565153363829,0.0,synthetic,SPEC_V1,2026-10-07
OOD00003,4,11,ood,0.596018991544148,0.06778564906129063,0.33619535939456147,6.661664722762279,26.502407475305,54.9835331821318,6.7,1.61152597588772,22.288027769584595,2.567209419724964,33.4978713459476,30.84527410905128,225.2704635400925,6.661664722762279,0.9088186134100903,1.7102517135651334,0.635494689467777,0.9248564197795346,0.11059910304857085,0.9149942076940506,0.7112029927514274,100.9,141.87229388567206,0.0,synthetic,SPEC_V1,2026-10-07
OOD00003,5,11,ood,0.596018991544148,0.06778564906129063,0.33619535939456147,6.661664722762279,26.502407475305,54.9835331821318,6.7,1.61152597588772,22.288027769584595,2.567209419724964,33.4978713459476,30.84527410905128,225.2704635400925,6.661664722762279,0.9088186134100903,1.7102517135651334,0.635494689467777,0.9248564197795346,0.11059910304857085,0.9149942076940506,0.7066210441898103,105.4,149.160573219056,0.0,synthetic,SPEC_V1,2026-10-07
OOD00003,6,11,ood,0.596018991544148,0.06778564906129063,0.33619535939456147,6.661664722762279,26.502407475305,54.9835331821318,6.7,1.61152597588772,22.288027769584595,2.567209419724964,33.4978713459476,30.84527410905128,225.2704635400925,6.661664722762279,0.9088186134100903,1.7102517135651334,0.635494689467777,0.9248564197795346,0.11059910304857085,0.9149942076940506,0.7240842896431757,97.30000000000001,134.3766207770491,0.0,synthetic,SPEC_V1,2026-10-07
OOD00003,7,11,ood,0.596018991544148,0.06778564906129063,0.33619535939456147,6.661664722762279,26.502407475305,54.9835331821318,6.7,1.61152597588772,22.288027769584595,2.567209419724964,33.4978713459476,30.84527410905128,225.2704635400925,6.661664722762279,0.9088186134100903,1.7102517135651334,0.635494689467777,0.9248564197795346,0.11059910304857085,0.9149942076940506,0.7154139339657375,96.0,134.18804896327,0.0,synthetic,SPEC_V1,2026-10-07
OOD00004,0,11,ood,0.5322271210427804,0.09951375537038894,0.3682591235868306,7.162781079259519,25.971328948180535,49.37368590600785,6.4,3.410288528090955,21.042680871310292,1.061976231225034,32.41219687341105,35.99146345566823,220.75629605953455,6.362781079259519,0.9755462413579092,2.4604482607646676,0.602084600264139,0.8560461877062483,0.03860524556328103,0.556189612234852,0.7324682714036144,4.800000000000001,6.553184878304498,1.0,synthetic,SPEC_V1,2026-10-07
OOD00004,1,11,ood,0.5322271210427804,0.09951375537038894,0.3682591235868306,7.162781079259519,25.971328948180535,49.37368590600785,6.4,3.410288528090955,21.042680871310292,1.061976231225034,32.41219687341105,35.99146345566823,220.75629605953455,6.362781079259519,0.9755462413579092,2.4604482607646676,0.602084600264139,0.8560461877062483,0.03860524556328103,0.556189612234852,0.75,3.9000000000000004,5.2,1.0,synthetic,SPEC_V1,2026-10-07
OOD00004,2,11,ood,0.5322271210427804,0.09951375537038894,0.3682591235868306,7.162781079259519,25.971328948180535,49.37368590600785,6.4,3.410288528090955,21.042680871310292,1.061976231225034,32.41219687341105,35.99146345566823,220.75629605953455,6.362781079259519,0.9755462413579092,2.4604482607646676,0.602084600264139,0.8560461877062483,0.03860524556328103,0.556189612234852,0.7359564353194028,4.3,5.84273714263238,1.0,synthetic,SPEC_V1,2026-10-07
OOD00004,3,11,ood,0.5322271210427804,0.09951375537038894,0.3682591235868306,7.162781079259519,25.971328948180535,49.37368590600785,6.4,3.410288528090955,21.042680871310292,1.061976231225034,32.41219687341105,35.99146345566823,220.75629605953455,6.362781079259519,0.9755462413579092,2.4604482607646676,0.602084600264139,0.8560461877062483,0.03860524556328103,0.556189612234852,0.7260184137249841,4.3,5.922714794433356,1.0,synthetic,SPEC_V1,2026-10-07
OOD00004,4,11,ood,0.5322271210427804,0.09951375537038894,0.3682591235868306,7.162781079259519,25.971328948180535,49.37368590600785,6.4,3.410288528090955,21.042680871310292,1.061976231225034,32.41219687341105,35.99146345566823,220.75629605953455,6.362781079259519,0.9755462413579092,2.4604482607646676,0.602084600264139,0.8560461877062483,0.03860524556328103,0.556189612234852,0.7263598548082282,4.3,5.919930694869247,1.0,synthetic,SPEC_V1,2026-10-07
OOD00004,5,11,ood,0.5322271210427804,0.09951375537038894,0.3682591235868306,7.162781079259519,25.971328948180535,49.37368590600785,6.4,3.410288528090955,21.042680871310292,1.061976231225034,32.41219687341105,35.99146345566823,220.75629605953455,6.362781079259519,0.9755462413579092,2.4604482607646676,0.602084600264139,0.8560461877062483,0.03860524556328103,0.556189612234852,0.7433324164737128,4.2,5.650231184487201,1.0,synthetic,SPEC_V1,2026-10-07
OOD00004,6,11,ood,0.5322271210427804,0.09951375537038894,0.3682591235868306,7.162781079259519,25.971328948180535,49.37368590600785,6.4,3.410288528090955,21.042680871310292,1.061976231225034,32.41219687341105,35.99146345566823,220.75629605953455,6.362781079259519,0.9755462413579092,2.4604482607646676,0.602084600264139,0.8560461877062483,0.03860524556328103,0.556189612234852,0.75,4.3,5.733333333333333,1.0,synthetic,SPEC_V1,2026-10-07
OOD00004,7,11,ood,0.5322271210427804,0.09951375537038894,0.3682591235868306,7.162781079259519,25.971328948180535,49.37368590600785,6.4,3.410288528090955,21.042680871310292,1.061976231225034,32.41219687341105,35.99146345566823,220.75629605953455,6.362781079259519,0.9755462413579092,2.4604482607646676,0.602084600264139,0.8560461877062483,0.03860524556328103,0.556189612234852,0.7403836663108163,4.3,5.807799652612597,1.0,synthetic,SPEC_V1,2026-10-07
OOD00005,0,11,ood,0.47791632812972973,0.1614839144571325,0.36059975741313777,6.510546958193646,26.051724099463286,37.52852696848344,5.7,3.1806207041587706,30.999139519456612,2.0937421195702868,28.903818903034242,43.684115356806224,221.43965484543793,5.710546958193646,0.9582130298269665,4.005001535413496,0.6106424261849192,0.6917750614472349,0.005613616863152492,0.1549914268143312,0.7127943876998705,0.1,0.14029291156835827,1.0,synthetic,SPEC_V1,2026-10-07
OOD00005,1,11,ood,0.47791632812972973,0.1614839144571325,0.36059975741313777,6.510546958193646,26.051724099463286,37.52852696848344,5.7,3.1806207041587706,30.999139519456612,2.0937421195702868,28.903818903034242,43.684115356806224,221.43965484543793,5.710546958193646,0.9582130298269665,4.005001535413496,0.6106424261849192,0.6917750614472349,0.005613616863152492,0.1549914268143312,0.7404977104000728,0.1,0.1350443068162526,1.0,synthetic,SPEC_V1,2026-10-07
OOD00005,2,11,ood,0.47791632812972973,0.1614839144571325,0.36059975741313777,6.510546958193646,26.051724099463286,37.52852696848344,5.7,3.1806207041587706,30.999139519456612,2.0937421195702868,28.903818903034242,43.684115356806224,221.43965484543793,5.710546958193646,0.9582130298269665,4.005001535413496,0.6106424261849192,0.6917750614472349,0.005613616863152492,0.1549914268143312,0.7497960097030868,0.1,0.13336960814128526,1.0,synthetic,SPEC_V1,2026-10-07
OOD00005,3,11,ood,0.47791632812972973,0.1614839144571325,0.36059975741313777,6.510546958193646,26.051724099463286,37.52852696848344,5.7,3.1806207041587706,30.999139519456612,2.0937421195702868,28.903818903034242,43.684115356806224,221.43965484543793,5.710546958193646,0.9582130298269665,4.005001535413496,0.6106424261849192,0.6917750614472349,0.005613616863152492,0.1549914268143312,0.7428886455338359,0.1,0.13460967616235475,1.0,synthetic,SPEC_V1,2026-10-07
OOD00005,4,11,ood,0.47791632812972973,0.1614839144571325,0.36059975741313777,6.510546958193646,26.051724099463286,37.52852696848344,5.7,3.1806207041587706,30.999139519456612,2.0937421195702868,28.903818903034242,43.684115356806224,221.43965484543793,5.710546958193646,0.9582130298269665,4.005001535413496,0.6106424261849192,0.6917750614472349,0.005613616863152492,0.1549914268143312,0.735256375495057,0.1,0.13600698114677184,1.0,synthetic,SPEC_V1,2026-10-07
OOD00005,5,11,ood,0.47791632812972973,0.1614839144571325,0.36059975741313777,6.510546958193646,26.051724099463286,37.52852696848344,5.7,3.1806207041587706,30.999139519456612,2.0937421195702868,28.903818903034242,43.684115356806224,221.43965484543793,5.710546958193646,0.9582130298269665,4.005001535413496,0.6106424261849192,0.6917750614472349,0.005613616863152492,0.1549914268143312,0.75,0.1,0.13333333333333333,1.0,synthetic,SPEC_V1,2026-10-07
OOD00005,6,11,ood,0.47791632812972973,0.1614839144571325,0.36059975741313777,6.510546958193646,26.051724099463286,37.52852696848344,5.7,3.1806207041587706,30.999139519456612,2.0937421195702868,28.903818903034242,43.684115356806224,221.43965484543793,5.710546958193646,0.9582130298269665,4.005001535413496,0.6106424261849192,0.6917750614472349,0.005613616863152492,0.1549914268143312,0.7319485782474345,0.1,0.13662161929385577,1.0,synthetic,SPEC_V1,2026-10-07
OOD00005,7,11,ood,0.47791632812972973,0.1614839144571325,0.36059975741313777,6.510546958193646,26.051724099463286,37.52852696848344,5.7,3.1806207041587706,30.999139519456612,2.0937421195702868,28.903818903034242,43.684115356806224,221.43965484543793,5.710546958193646,0.9582130298269665,4.005001535413496,0.6106424261849192,0.6917750614472349,0.005613616863152492,0.1549914268143312,0.717259866256551,0.1,0.13941948337624094,1.0,synthetic,SPEC_V1,2026-10-07
OOD00006,0,11,ood,0.5604175352613108,0.06051157234100683,0.3790708923976825,7.303639032615463,26.33735543378882,34.62371656302166,7.2,1.7430455848698028,26.168681243144217,1.4437275260818008,26.29465639009159,11.7653151349037,223.86752118720494,7.207312718766529,1.0183399324234903,1.5172164787496003,0.5813445990196746,0.9399000287661198,0.09192771269922781,0.9097910841123537,0.7379408161848539,89.0,120.60587793493934,0.12040789231116689,synthetic,SPEC_V1,2026-10-07
OOD00006,1,11,ood,0.5604175352613108,0.06051157234100683,0.3790708923976825,7.303639032615463,26.33735543378882,34.62371656302166,7.2,1.7430455848698028,26.168681243144217,1.4437275260818008,26.29465639009159,11.7653151349037,223.86752118720494,7.207312718766529,1.0183399324234903,1.5172164787496003,0.5813445990196746,0.9399000287661198,0.09192771269922781,0.9097910841123537,0.75,100.2,133.6,0.12040789231116689,synthetic,SPEC_V1,2026-10-07
OOD00006,2,11,ood,0.5604175352613108,0.06051157234100683,0.3790708923976825,7.303639032615463,26.33735543378882,34.62371656302166,7.2,1.7430455848698028,26.168681243144217,1.4437275260818008,26.29465639009159,11.7653151349037,223.86752118720494,7.207312718766529,1.0183399324234903,1.5172164787496003,0.5813445990196746,0.9399000287661198,0.09192771269922781,0.9097910841123537,0.7403525485376589,92.4,124.80540545515522,0.12040789231116689,synthetic,SPEC_V1,2026-10-07
OOD00006,3,11,ood,0.5604175352613108,0.06051157234100683,0.3790708923976825,7.303639032615463,26.33735543378882,34.62371656302166,7.2,1.7430455848698028,26.168681243144217,1.4437275260818008,26.29465639009159,11.7653151349037,223.86752118720494,7.207312718766529,1.0183399324234903,1.5172164787496003,0.5813445990196746,0.9399000287661198,0.09192771269922781,0.9097910841123537,0.75,84.30000000000001,112.40000000000002,0.12040789231116689,synthetic,SPEC_V1,2026-10-07
OOD00006,4,11,ood,0.5604175352613108,0.06051157234100683,0.3790708923976825,7.303639032615463,26.33735543378882,34.62371656302166,7.2,1.7430455848698028,26.168681243144217,1.4437275260818008,26.29465639009159,11.7653151349037,223.86752118720494,7.207312718766529,1.0183399324234903,1.5172164787496003,0.5813445990196746,0.9399000287661198,0.09192771269922781,0.9097910841123537,0.745487811049049,99.10000000000001,132.93309230709846,0.12040789231116689,synthetic,SPEC_V1,2026-10-07
OOD00006,5,11,ood,0.5604175352613108,0.06051157234100683,0.3790708923976825,7.303639032615463,26.33735543378882,34.62371656302166,7.2,1.7430455848698028,26.168681243144217,1.4437275260818008,26.29465639009159,11.7653151349037,223.86752118720494,7.207312718766529,1.0183399324234903,1.5172164787496003,0.5813445990196746,0.9399000287661198,0.09192771269922781,0.9097910841123537,0.75,92.7,123.60000000000001,0.12040789231116689,synthetic,SPEC_V1,2026-10-07
OOD00006,6,11,ood,0.5604175352613108,0.06051157234100683,0.3790708923976825,7.303639032615463,26.33735543378882,34.62371656302166,7.2,1.7430455848698028,26.168681243144217,1.4437275260818008,26.29465639009159,11.7653151349037,223.86752118720494,7.207312718766529,1.0183399324234903,1.5172164787496003,0.5813445990196746,0.9399000287661198,0.09192771269922781,0.9097910841123537,0.7338392654334275,95.80000000000001,130.54629877759083,0.12040789231116689,synthetic,SPEC_V1,2026-10-07
OOD00006,7,11,ood,0.5604175352613108,0.06051157234100683,0.3790708923976825,7.303639032615463,26.33735543378882,34.62371656302166,7.2,1.7430455848698028,26.168681243144217,1.4437275260818008,26.29465639009159,11.7653151349037,223.86752118720494,7.207312718766529,1.0183399324234903,1.5172164787496003,0.5813445990196746,0.9399000287661198,0.09192771269922781,0.9097910841123537,0.7471183828552983,90.7,121.39977021227539,0.12040789231116689,synthetic,SPEC_V1,2026-10-07
OOD00007,0,11,ood,0.5912310033097684,0.09346647785280704,0.3153025188374245,6.725123737713194,26.62749068422057,52.38860350691181,6.2,2.7461637257304603,31.092327218321245,2.693313826057851,31.052740536437348,58.235829187588834,226.33367081587485,6.152440183487927,0.8563629180715897,2.3693164354335265,0.6625693356105865,0.8651005385938495,0.03760523356079361,0.6763708465420625,0.7090559075492153,11.9,16.782879704269337,0.7158544427815823,synthetic,SPEC_V1,2026-10-07
OOD00007,1,11,ood,0.5912310033097684,0.09346647785280704,0.3153025188374245,6.725123737713194,26.62749068422057,52.38860350691181,6.2,2.7461637257304603,31.092327218321245,2.693313826057851,31.052740536437348,58.235829187588834,226.33367081587485,6.152440183487927,0.8563629180715897,2.3693164354335265,0.6625693356105865,0.8651005385938495,0.03760523356079361,0.6763708465420625,0.7176100932252906,12.3,17.14022714579973,0.7158544427815823,synthetic,SPEC_V1,2026-10-07
OOD00007,2,11,ood,0.5912310033097684,0.09346647785280704,0.3153025188374245,6.725123737713194,26.62749068422057,52.38860350691181,6.2,2.7461637257304603,31.092327218321245,2.693313826057851,31.052740536437348,58.235829187588834,226.33367081587485,6.152440183487927,0.8563629180715897,2.3693164354335265,0.6625693356105865,0.8651005385938495,0.03760523356079361,0.6763708465420625,0.6987187542601319,11.9,17.031173025548487,0.7158544427815823,synthetic,SPEC_V1,2026-10-07
OOD00007,3,11,ood,0.5912310033097684,0.09346647785280704,0.3153025188374245,6.725123737713194,26.62749068422057,52.38860350691181,6.2,2.7461637257304603,31.092327218321245,2.693313826057851,31.052740536437348,58.235829187588834,226.33367081587485,6.152440183487927,0.8563629180715897,2.3693164354335265,0.6625693356105865,0.8651005385938495,0.03760523356079361,0.6763708465420625,0.7027258911828712,11.200000000000001,15.937935602667885,0.7158544427815823,synthetic,SPEC_V1,2026-10-07
OOD00007,4,11,ood,0.5912310033097684,0.09346647785280704,0.3153025188374245,6.725123737713194,26.62749068422057,52.38860350691181,6.2,2.7461637257304603,31.092327218321245,2.693313826057851,31.052740536437348,58.235829187588834,226.33367081587485,6.152440183487927,0.8563629180715897,2.3693164354335265,0.6625693356105865,0.8651005385938495,0.03760523356079361,0.6763708465420625,0.7142820446054895,11.8,16.52008487280028,0.7158544427815823,synthetic,SPEC_V1,2026-10-07
OOD00007,5,11,ood,0.5912310033097684,0.09346647785280704,0.3153025188374245,6.725123737713194,26.62749068422057,52.38860350691181,6.2,2.7461637257304603,31.092327218321245,2.693313826057851,31.052740536437348,58.235829187588834,226.33367081587485,6.152440183487927,0.8563629180715897,2.3693164354335265,0.6625693356105865,0.8651005385938495,0.03760523356079361,0.6763708465420625,0.6981319183567934,10.700000000000001,15.326616243509962,0.7158544427815823,synthetic,SPEC_V1,2026-10-07
OOD00007,6,11,ood,0.5912310033097684,0.09346647785280704,0.3153025188374245,6.725123737713194,26.62749068422057,52.38860350691181,6.2,2.7461637257304603,31.092327218321245,2.693313826057851,31.052740536437348,58.235829187588834,226.33367081587485,6.152440183487927,0.8563629180715897,2.3693164354335265,0.6625693356105865,0.8651005385938495,0.03760523356079361,0.6763708465420625,0.7255022267671951,12.100000000000001,16.67810180806343,0.7158544427815823,synthetic,SPEC_V1,2026-10-07
OOD00007,7,11,ood,0.5912310033097684,0.09346647785280704,0.3153025188374245,6.725123737713194,26.62749068422057,52.38860350691181,6.2,2.7461637257304603,31.092327218321245,2.693313826057851,31.052740536437348,58.235829187588834,226.33367081587485,6.152440183487927,0.8563629180715897,2.3693164354335265,0.6625693356105865,0.8651005385938495,0.03760523356079361,0.6763708465420625,0.7136399061757884,13.0,18.216470081758228,0.7158544427815823,synthetic,SPEC_V1,2026-10-07
OOD00008,0,11,ood,0.52483502075753,0.13573377283444168,0.3394312064080284,7.048528391326632,22.741452057645407,42.558219875767406,6.2,3.773104327250604,30.335007209483482,1.9031152958979694,33.834629575311865,67.80764586824615,193.30234248998596,6.248528391326632,0.787354167754486,2.938617499316934,0.6990540391827619,0.8065334079785751,0.045376587990018306,0.7436720602620959,0.7130469111902759,12.5,17.53040340520371,1.0,synthetic,SPEC_V1,2026-10-07
OOD00008,1,11,ood,0.52483502075753,0.13573377283444168,0.3394312064080284,7.048528391326632,22.741452057645407,42.558219875767406,6.2,3.773104327250604,30.335007209483482,1.9031152958979694,33.834629575311865,67.80764586824615,193.30234248998596,6.248528391326632,0.787354167754486,2.938617499316934,0.6990540391827619,0.8065334079785751,0.045376587990018306,0.7436720602620959,0.7101834442508808,10.700000000000001,15.066529763005992,1.0,synthetic,SPEC_V1,2026-10-07
OOD00008,2,11,ood,0.52483502075753,0.13573377283444168,0.3394312064080284,7.048528391326632,22.741452057645407,42.558219875767406,6.2,3.773104327250604,30.335007209483482,1.9031152958979694,33.834629575311865,67.80764586824615,193.30234248998596,6.248528391326632,0.787354167754486,2.938617499316934,0.6990540391827619,0.8065334079785751,0.045376587990018306,0.7436720602620959,0.7151288854552782,12.0,16.78019199624463,1.0,synthetic,SPEC_V1,2026-10-07
OOD00008,3,11,ood,0.52483502075753,0.13573377283444168,0.3394312064080284,7.048528391326632,22.741452057645407,42.558219875767406,6.2,3.773104327250604,30.335007209483482,1.9031152958979694,33.834629575311865,67.80764586824615,193.30234248998596,6.248528391326632,0.787354167754486,2.938617499316934,0.6990540391827619,0.8065334079785751,0.045376587990018306,0.7436720602620959,0.722777091856761,11.600000000000001,16.049208159324,1.0,synthetic,SPEC_V1,2026-10-07
OOD00008,4,11,ood,0.52483502075753,0.13573377283444168,0.3394312064080284,7.048528391326632,22.741452057645407,42.558219875767406,6.2,3.773104327250604,30.335007209483482,1.9031152958979694,33.834629575311865,67.80764586824615,193.30234248998596,6.248528391326632,0.787354167754486,2.938617499316934,0.6990540391827619,0.8065334079785751,0.045376587990018306,0.7436720602620959,0.7168668197304167,11.8,16.46051913023047,1.0,synthetic,SPEC_V1,2026-10-07
OOD00008,5,11,ood,0.52483502075753,0.13573377283444168,0.3394312064080284,7.048528391326632,22.741452057645407,42.558219875767406,6.2,3.773104327250604,30.335007209483482,1.9031152958979694,33.834629575311865,67.80764586824615,193.30234248998596,6.248528391326632,0.787354167754486,2.938617499316934,0.6990540391827619,0.8065334079785751,0.045376587990018306,0.7436720602620959,0.7122520634727726,10.3,14.461172565481435,1.0,synthetic,SPEC_V1,2026-10-07
OOD00008,6,11,ood,0.52483502075753,0.13573377283444168,0.3394312064080284,7.048528391326632,22.741452057645407,42.558219875767406,6.2,3.773104327250604,30.335007209483482,1.9031152958979694,33.834629575311865,67.80764586824615,193.30234248998596,6.248528391326632,0.787354167754486,2.938617499316934,0.6990540391827619,0.8065334079785751,0.045376587990018306,0.7436720602620959,0.7083680229677005,10.700000000000001,15.105142599707511,1.0,synthetic,SPEC_V1,2026-10-07
OOD00008,7,11,ood,0.52483502075753,0.13573377283444168,0.3394312064080284,7.048528391326632,22.741452057645407,42.558219875767406,6.2,3.773104327250604,30.335007209483482,1.9031152958979694,33.834629575311865,67.80764586824615,193.30234248998596,6.248528391326632,0.787354167754486,2.938617499316934,0.6990540391827619,0.8065334079785751,0.045376587990018306,0.7436720602620959,0.7131922053370446,11.200000000000001,15.704041513896016,1.0,synthetic,SPEC_V1,2026-10-07
OOD00009,0,11,ood,0.5723090566788378,0.12593986063462564,0.30175108268653666,6.89492064673066,24.528480648450476,34.41815177185984,6.1000000000000005,3.677149568441375,23.15399860189955,1.3248834226957613,29.837793611537023,14.200778853341209,208.49208551182903,6.09492064673066,0.7549525504172208,2.9408359895916067,0.7164345369395766,0.8062977892447206,0.0349309110010907,0.5546034475267274,0.677965797854264,2.1,3.0975013881915876,1.0,synthetic,SPEC_V1,2026-10-07
OOD00009,1,11,ood,0.5723090566788378,0.12593986063462564,0.30175108268653666,6.89492064673066,24.528480648450476,34.41815177185984,6.1000000000000005,3.677149568441375,23.15399860189955,1.3248834226957613,29.837793611537023,14.200778853341209,208.49208551182903,6.09492064673066,0.7549525504172208,2.9408359895916067,0.7164345369395766,0.8062977892447206,0.0349309110010907,0.5546034475267274,0.7086071578740941,2.1,2.96356024161575,1.0,synthetic,SPEC_V1,2026-10-07
OOD00009,2,11,ood,0.5723090566788378,0.12593986063462564,0.30175108268653666,6.89492064673066,24.528480648450476,34.41815177185984,6.1000000000000005,3.677149568441375,23.15399860189955,1.3248834226957613,29.837793611537023,14.200778853341209,208.49208551182903,6.09492064673066,0.7549525504172208,2.9408359895916067,0.7164345369395766,0.8062977892447206,0.0349309110010907,0.5546034475267274,0.7068186100234924,2.2,3.1125383072849186,1.0,synthetic,SPEC_V1,2026-10-07
OOD00009,3,11,ood,0.5723090566788378,0.12593986063462564,0.30175108268653666,6.89492064673066,24.528480648450476,34.41815177185984,6.1000000000000005,3.677149568441375,23.15399860189955,1.3248834226957613,29.837793611537023,14.200778853341209,208.49208551182903,6.09492064673066,0.7549525504172208,2.9408359895916067,0.7164345369395766,0.8062977892447206,0.0349309110010907,0.5546034475267274,0.6963822988285354,2.2,3.159184263731104,1.0,synthetic,SPEC_V1,2026-10-07
OOD00009,4,11,ood,0.5723090566788378,0.12593986063462564,0.30175108268653666,6.89492064673066,24.528480648450476,34.41815177185984,6.1000000000000005,3.677149568441375,23.15399860189955,1.3248834226957613,29.837793611537023,14.200778853341209,208.49208551182903,6.09492064673066,0.7549525504172208,2.9408359895916067,0.7164345369395766,0.8062977892447206,0.0349309110010907,0.5546034475267274,0.6925858403509065,2.1,3.0321151222728018,1.0,synthetic,SPEC_V1,2026-10-07
OOD00009,5,11,ood,0.5723090566788378,0.12593986063462564,0.30175108268653666,6.89492064673066,24.528480648450476,34.41815177185984,6.1000000000000005,3.677149568441375,23.15399860189955,1.3248834226957613,29.837793611537023,14.200778853341209,208.49208551182903,6.09492064673066,0.7549525504172208,2.9408359895916067,0.7164345369395766,0.8062977892447206,0.0349309110010907,0.5546034475267274,0.6905313799866286,2.1,3.04113623343325,1.0,synthetic,SPEC_V1,2026-10-07
OOD00009,6,11,ood,0.5723090566788378,0.12593986063462564,0.30175108268653666,6.89492064673066,24.528480648450476,34.41815177185984,6.1000000000000005,3.677149568441375,23.15399860189955,1.3248834226957613,29.837793611537023,14.200778853341209,208.49208551182903,6.09492064673066,0.7549525504172208,2.9408359895916067,0.7164345369395766,0.8062977892447206,0.0349309110010907,0.5546034475267274,0.6952590611731736,2.2,3.164288137845684,1.0,synthetic,SPEC_V1,2026-10-07
OOD00009,7,11,ood,0.5723090566788378,0.12593986063462564,0.30175108268653666,6.89492064673066,24.528480648450476,34.41815177185984,6.1000000000000005,3.677149568441375,23.15399860189955,1.3248834226957613,29.837793611537023,14.200778853341209,208.49208551182903,6.09492064673066,0.7549525504172208,2.9408359895916067,0.7164345369395766,0.8062977892447206,0.0349309110010907,0.5546034475267274,0.6851887801746587,2.1,3.0648487843958825,1.0,synthetic,SPEC_V1,2026-10-07
OOD00010,0,11,ood,0.5520189190014053,0.07582472191450389,0.3721563590840908,7.129333403629843,23.600955958482253,51.32808946903406,7.0,1.7982324668842529,22.044578602434214,2.6322622026771123,33.07734659599413,78.95641097389519,200.60812564709914,6.99140797554021,0.8958910757220988,1.7036381981898885,0.6421058733787597,0.9253931795874769,0.10786977664933353,0.9072589214418505,0.7267407170942908,192.3,264.6060630383671,0.172406785112041,synthetic,SPEC_V1,2026-10-07
OOD00010,1,11,ood,0.5520189190014053,0.07582472191450389,0.3721563590840908,7.129333403629843,23.600955958482253,51.32808946903406,7.0,1.7982324668842529,22.044578602434214,2.6322622026771123,33.07734659599413,78.95641097389519,200.60812564709914,6.99140797554021,0.8958910757220988,1.7036381981898885,0.6421058733787597,0.9253931795874769,0.10786977664933353,0.9072589214418505,0.7346478308201522,205.60000000000002,279.8619847151398,0.172406785112041,synthetic,SPEC_V1,2026-10-07
OOD00010,2,11,ood,0.5520189190014053,0.07582472191450389,0.3721563590840908,7.129333403629843,23.600955958482253,51.32808946903406,7.0,1.7982324668842529,22.044578602434214,2.6322622026771123,33.07734659599413,78.95641097389519,200.60812564709914,6.99140797554021,0.8958910757220988,1.7036381981898885,0.6421058733787597,0.9253931795874769,0.10786977664933353,0.9072589214418505,0.7381245056521218,201.60000000000002,273.1246537085088,0.172406785112041,synthetic,SPEC_V1,2026-10-07
OOD00010,3,11,ood,0.5520189190014053,0.07582472191450389,0.3721563590840908,7.129333403629843,23.600955958482253,51.32808946903406,7.0,1.7982324668842529,22.044578602434214,2.6322622026771123,33.07734659599413,78.95641097389519,200.60812564709914,6.99140797554021,0.8958910757220988,1.7036381981898885,0.6421058733787597,0.9253931795874769,0.10786977664933353,0.9072589214418505,0.7365344972902809,192.10000000000002,260.8160251919472,0.172406785112041,synthetic,SPEC_V1,2026-10-07
OOD00010,4,11,ood,0.5520189190014053,0.07582472191450389,0.3721563590840908,7.129333403629843,23.600955958482253,51.32808946903406,7.0,1.7982324668842529,22.044578602434214,2.6322622026771123,33.07734659599413,78.95641097389519,200.60812564709914,6.99140797554021,0.8958910757220988,1.7036381981898885,0.6421058733787597,0.9253931795874769,0.10786977664933353,0.9072589214418505,0.7405573875478194,221.60000000000002,299.2340684545407,0.172406785112041,synthetic,SPEC_V1,2026-10-07
OOD00010,5,11,ood,0.5520189190014053,0.07582472191450389,0.3721563590840908,7.129333403629843,23.600955958482253,51.32808946903406,7.0,1.7982324668842529,22.044578602434214,2.6322622026771123,33.07734659599413,78.95641097389519,200.60812564709914,6.99140797554021,0.8958910757220988,1.7036381981898885,0.6421058733787597,0.9253931795874769,0.10786977664933353,0.9072589214418505,0.75,207.20000000000002,276.2666666666667,0.172406785112041,synthetic,SPEC_V1,2026-10-07
OOD00010,6,11,ood,0.5520189190014053,0.07582472191450389,0.3721563590840908,7.129333403629843,23.600955958482253,51.32808946903406,7.0,1.7982324668842529,22.044578602434214,2.6322622026771123,33.07734659599413,78.95641097389519,200.60812564709914,6.99140797554021,0.8958910757220988,1.7036381981898885,0.6421058733787597,0.9253931795874769,0.10786977664933353,0.9072589214418505,0.75,197.9,263.8666666666667,0.172406785112041,synthetic,SPEC_V1,2026-10-07
OOD00010,7,11,ood,0.5520189190014053,0.07582472191450389,0.3721563590840908,7.129333403629843,23.600955958482253,51.32808946903406,7.0,1.7982324668842529,22.044578602434214,2.6322622026771123,33.07734659599413,78.95641097389519,200.60812564709914,6.99140797554021,0.8958910757220988,1.7036381981898885,0.6421058733787597,0.9253931795874769,0.10786977664933353,0.9072589214418505,0.75,209.4,279.2,0.172406785112041,synthetic,SPEC_V1,2026-10-07
OOD00011,0,11,ood,0.4612288349872456,0.18983718937351507,0.3489339756392394,7.495533547877586,24.843651756759904,31.153377447257135,6.7,3.4240873598772774,32.134161800791546,1.095076491839102,25.123185082157615,71.30742290346944,211.1710399324592,6.695533547877586,0.8842170060420669,4.489869070160362,0.648111558665962,0.641037919970222,0.07422403743370766,0.8921184187158021,0.7323913454116747,33.5,45.74057327393699,1.0,synthetic,SPEC_V1,2026-10-07
OOD00011,1,11,ood,0.4612288349872456,0.18983718937351507,0.3489339756392394,7.495533547877586,24.843651756759904,31.153377447257135,6.7,3.4240873598772774,32.134161800791546,1.095076491839102,25.123185082157615,71.30742290346944,211.1710399324592,6.695533547877586,0.8842170060420669,4.489869070160362,0.648111558665962,0.641037919970222,0.07422403743370766,0.8921184187158021,0.7301697388179109,33.9,46.42756087766868,1.0,synthetic,SPEC_V1,2026-10-07
OOD00011,2,11,ood,0.4612288349872456,0.18983718937351507,0.3489339756392394,7.495533547877586,24.843651756759904,31.153377447257135,6.7,3.4240873598772774,32.134161800791546,1.095076491839102,25.123185082157615,71.30742290346944,211.1710399324592,6.695533547877586,0.8842170060420669,4.489869070160362,0.648111558665962,0.641037919970222,0.07422403743370766,0.8921184187158021,0.7353798929182475,36.300000000000004,49.36224167885359,1.0,synthetic,SPEC_V1,2026-10-07
OOD00011,3,11,ood,0.4612288349872456,0.18983718937351507,0.3489339756392394,7.495533547877586,24.843651756759904,31.153377447257135,6.7,3.4240873598772774,32.134161800791546,1.095076491839102,25.123185082157615,71.30742290346944,211.1710399324592,6.695533547877586,0.8842170060420669,4.489869070160362,0.648111558665962,0.641037919970222,0.07422403743370766,0.8921184187158021,0.7158392211632029,33.6,46.93791427829518,1.0,synthetic,SPEC_V1,2026-10-07
OOD00011,4,11,ood,0.4612288349872456,0.18983718937351507,0.3489339756392394,7.495533547877586,24.843651756759904,31.153377447257135,6.7,3.4240873598772774,32.134161800791546,1.095076491839102,25.123185082157615,71.30742290346944,211.1710399324592,6.695533547877586,0.8842170060420669,4.489869070160362,0.648111558665962,0.641037919970222,0.07422403743370766,0.8921184187158021,0.7279912504518155,33.4,45.87967228901564,1.0,synthetic,SPEC_V1,2026-10-07
OOD00011,5,11,ood,0.4612288349872456,0.18983718937351507,0.3489339756392394,7.495533547877586,24.843651756759904,31.153377447257135,6.7,3.4240873598772774,32.134161800791546,1.095076491839102,25.123185082157615,71.30742290346944,211.1710399324592,6.695533547877586,0.8842170060420669,4.489869070160362,0.648111558665962,0.641037919970222,0.07422403743370766,0.8921184187158021,0.7295320162993391,36.9,50.58037094407563,1.0,synthetic,SPEC_V1,2026-10-07
OOD00011,6,11,ood,0.4612288349872456,0.18983718937351507,0.3489339756392394,7.495533547877586,24.843651756759904,31.153377447257135,6.7,3.4240873598772774,32.134161800791546,1.095076491839102,25.123185082157615,71.30742290346944,211.1710399324592,6.695533547877586,0.8842170060420669,4.489869070160362,0.648111558665962,0.641037919970222,0.07422403743370766,0.8921184187158021,0.742878546406348,37.800000000000004,50.88314931539797,1.0,synthetic,SPEC_V1,2026-10-07
OOD00011,7,11,ood,0.4612288349872456,0.18983718937351507,0.3489339756392394,7.495533547877586,24.843651756759904,31.153377447257135,6.7,3.4240873598772774,32.134161800791546,1.095076491839102,25.123185082157615,71.30742290346944,211.1710399324592,6.695533547877586,0.8842170060420669,4.489869070160362,0.648111558665962,0.641037919970222,0.07422403743370766,0.8921184187158021,0.7155657182266001,34.6,48.35335052907485,1.0,synthetic,SPEC_V1,2026-10-07
OOD00012,0,11,ood,0.599012215801745,0.08860777423157026,0.31238000996668464,7.233288442983991,27.115048418639653,46.8793460576717,6.6000000000000005,2.9920356882788917,20.185568885292454,2.2068517728204475,33.24480219213066,84.8132371558492,230.47791155843706,6.553143379785791,0.8639603077167028,2.2872790923061865,0.6586086467970346,0.8731157691108132,0.04620741056581421,0.6065191464030997,0.6906731803228608,18.3,26.495889114219718,0.8501813289977496,synthetic,SPEC_V1,2026-10-07
OOD00012,1,11,ood,0.599012215801745,0.08860777423157026,0.31238000996668464,7.233288442983991,27.115048418639653,46.8793460576717,6.6000000000000005,2.9920356882788917,20.185568885292454,2.2068517728204475,33.24480219213066,84.8132371558492,230.47791155843706,6.553143379785791,0.8639603077167028,2.2872790923061865,0.6586086467970346,0.8731157691108132,0.04620741056581421,0.6065191464030997,0.7231001245599438,20.200000000000003,27.935273849237813,0.8501813289977496,synthetic,SPEC_V1,2026-10-07
OOD00012,2,11,ood,0.599012215801745,0.08860777423157026,0.31238000996668464,7.233288442983991,27.115048418639653,46.8793460576717,6.6000000000000005,2.9920356882788917,20.185568885292454,2.2068517728204475,33.24480219213066,84.8132371558492,230.47791155843706,6.553143379785791,0.8639603077167028,2.2872790923061865,0.6586086467970346,0.8731157691108132,0.04620741056581421,0.6065191464030997,0.690585967682903,19.3,27.94728086462075,0.8501813289977496,synthetic,SPEC_V1,2026-10-07
OOD00012,3,11,ood,0.599012215801745,0.08860777423157026,0.31238000996668464,7.233288442983991,27.115048418639653,46.8793460576717,6.6000000000000005,2.9920356882788917,20.185568885292454,2.2068517728204475,33.24480219213066,84.8132371558492,230.47791155843706,6.553143379785791,0.8639603077167028,2.2872790923061865,0.6586086467970346,0.8731157691108132,0.04620741056581421,0.6065191464030997,0.6997101102454276,19.700000000000003,28.154516722775533,0.8501813289977496,synthetic,SPEC_V1,2026-10-07
OOD00012,4,11,ood,0.599012215801745,0.08860777423157026,0.31238000996668464,7.233288442983991,27.115048418639653,46.8793460576717,6.6000000000000005,2.9920356882788917,20.185568885292454,2.2068517728204475,33.24480219213066,84.8132371558492,230.47791155843706,6.553143379785791,0.8639603077167028,2.2872790923061865,0.6586086467970346,0.8731157691108132,0.04620741056581421,0.6065191464030997,0.6996586386448902,18.2,26.012685322159452,0.8501813289977496,synthetic,SPEC_V1,2026-10-07
OOD00012,5,11,ood,0.599012215801745,0.08860777423157026,0.31238000996668464,7.233288442983991,27.115048418639653,46.8793460576717,6.6000000000000005,2.9920356882788917,20.185568885292454,2.2068517728204475,33.24480219213066,84.8132371558492,230.47791155843706,6.553143379785791,0.8639603077167028,2.2872790923061865,0.6586086467970346,0.8731157691108132,0.04620741056581421,0.6065191464030997,0.6966999032988554,20.900000000000002,29.99856882574414,0.8501813289977496,synthetic,SPEC_V1,2026-10-07
OOD00012,6,11,ood,0.599012215801745,0.08860777423157026,0.31238000996668464,7.233288442983991,27.115048418639653,46.8793460576717,6.6000000000000005,2.9920356882788917,20.185568885292454,2.2068517728204475,33.24480219213066,84.8132371558492,230.47791155843706,6.553143379785791,0.8639603077167028,2.2872790923061865,0.6586086467970346,0.8731157691108132,0.04620741056581421,0.6065191464030997,0.7063402749183915,18.8,26.616066883871373,0.8501813289977496,synthetic,SPEC_V1,2026-10-07
OOD00012,7,11,ood,0.599012215801745,0.08860777423157026,0.31238000996668464,7.233288442983991,27.115048418639653,46.8793460576717,6.6000000000000005,2.9920356882788917,20.185568885292454,2.2068517728204475,33.24480219213066,84.8132371558492,230.47791155843706,6.553143379785791,0.8639603077167028,2.2872790923061865,0.6586086467970346,0.8731157691108132,0.04620741056581421,0.6065191464030997,0.7071768681804909,16.400000000000002,23.190803797352537,0.8501813289977496,synthetic,SPEC_V1,2026-10-07
OOD00013,0,11,ood,0.5267674474293261,0.13911512550133076,0.3341174270693431,6.991737674677082,25.829994248566933,47.6103461936047,6.7,2.026686173123701,34.88724346694913,1.5123460686794363,30.545993280834786,77.18590149620358,219.55495111281894,6.689459504447493,0.8802856243938056,3.4208624327918145,0.650141402443665,0.7546805953370351,0.03908224514349698,0.6903978999879492,0.7272642285014147,46.800000000000004,64.35075199069682,0.37784771278698615,synthetic,SPEC_V1,2026-10-07
OOD00013,1,11,ood,0.5267674474293261,0.13911512550133076,0.3341174270693431,6.991737674677082,25.829994248566933,47.6103461936047,6.7,2.026686173123701,34.88724346694913,1.5123460686794363,30.545993280834786,77.18590149620358,219.55495111281894,6.689459504447493,0.8802856243938056,3.4208624327918145,0.650141402443665,0.7546805953370351,0.03908224514349698,0.6903978999879492,0.7280166677016718,51.400000000000006,70.60277914002761,0.37784771278698615,synthetic,SPEC_V1,2026-10-07
OOD00013,2,11,ood,0.5267674474293261,0.13911512550133076,0.3341174270693431,6.991737674677082,25.829994248566933,47.6103461936047,6.7,2.026686173123701,34.88724346694913,1.5123460686794363,30.545993280834786,77.18590149620358,219.55495111281894,6.689459504447493,0.8802856243938056,3.4208624327918145,0.650141402443665,0.7546805953370351,0.03908224514349698,0.6903978999879492,0.7207408848263482,52.900000000000006,73.39669652949614,0.37784771278698615,synthetic,SPEC_V1,2026-10-07
OOD00013,3,11,ood,0.5267674474293261,0.13911512550133076,0.3341174270693431,6.991737674677082,25.829994248566933,47.6103461936047,6.7,2.026686173123701,34.88724346694913,1.5123460686794363,30.545993280834786,77.18590149620358,219.55495111281894,6.689459504447493,0.8802856243938056,3.4208624327918145,0.650141402443665,0.7546805953370351,0.03908224514349698,0.6903978999879492,0.7198887550812182,45.1,62.648568520717895,0.37784771278698615,synthetic,SPEC_V1,2026-10-07
OOD00013,4,11,ood,0.5267674474293261,0.13911512550133076,0.3341174270693431,6.991737674677082,25.829994248566933,47.6103461936047,6.7,2.026686173123701,34.88724346694913,1.5123460686794363,30.545993280834786,77.18590149620358,219.55495111281894,6.689459504447493,0.8802856243938056,3.4208624327918145,0.650141402443665,0.7546805953370351,0.03908224514349698,0.6903978999879492,0.7097784267133178,49.300000000000004,69.45829591959755,0.37784771278698615,synthetic,SPEC_V1,2026-10-07
OOD00013,5,11,ood,0.5267674474293261,0.13911512550133076,0.3341174270693431,6.991737674677082,25.829994248566933,47.6103461936047,6.7,2.026686173123701,34.88724346694913,1.5123460686794363,30.545993280834786,77.18590149620358,219.55495111281894,6.689459504447493,0.8802856243938056,3.4208624327918145,0.650141402443665,0.7546805953370351,0.03908224514349698,0.6903978999879492,0.7330034735533971,45.900000000000006,62.619075701632845,0.37784771278698615,synthetic,SPEC_V1,2026-10-07
OOD00013,6,11,ood,0.5267674474293261,0.13911512550133076,0.3341174270693431,6.991737674677082,25.829994248566933,47.6103461936047,6.7,2.026686173123701,34.88724346694913,1.5123460686794363,30.545993280834786,77.18590149620358,219.55495111281894,6.689459504447493,0.8802856243938056,3.4208624327918145,0.650141402443665,0.7546805953370351,0.03908224514349698,0.6903978999879492,0.7273813669879549,45.5,62.55315583407495,0.37784771278698615,synthetic,SPEC_V1,2026-10-07
OOD00013,7,11,ood,0.5267674474293261,0.13911512550133076,0.3341174270693431,6.991737674677082,25.829994248566933,47.6103461936047,6.7,2.026686173123701,34.88724346694913,1.5123460686794363,30.545993280834786,77.18590149620358,219.55495111281894,6.689459504447493,0.8802856243938056,3.4208624327918145,0.650141402443665,0.7546805953370351,0.03908224514349698,0.6903978999879492,0.7246316296298485,48.7,67.2065612494401,0.37784771278698615,synthetic,SPEC_V1,2026-10-07
OOD00014,0,11,ood,0.4989491920000553,0.19653043901891232,0.3045203689810324,6.743201585575993,23.59772199499194,44.11811562263654,5.9,2.8505751535186796,20.599933691343335,2.257129636478041,34.04055281973193,50.760802305916144,200.58063695743147,5.943201585575993,0.7329706749207304,4.415062471672953,0.728285702691121,0.6487330817995649,0.00903633689502362,0.16984922731410457,0.694684189553986,0.30000000000000004,0.4318509108327506,1.0,synthetic,SPEC_V1,2026-10-07
OOD00014,1,11,ood,0.4989491920000553,0.19653043901891232,0.3045203689810324,6.743201585575993,23.59772199499194,44.11811562263654,5.9,2.8505751535186796,20.599933691343335,2.257129636478041,34.04055281973193,50.760802305916144,200.58063695743147,5.943201585575993,0.7329706749207304,4.415062471672953,0.728285702691121,0.6487330817995649,0.00903633689502362,0.16984922731410457,0.705627589701048,0.30000000000000004,0.42515344408103506,1.0,synthetic,SPEC_V1,2026-10-07
OOD00014,2,11,ood,0.4989491920000553,0.19653043901891232,0.3045203689810324,6.743201585575993,23.59772199499194,44.11811562263654,5.9,2.8505751535186796,20.599933691343335,2.257129636478041,34.04055281973193,50.760802305916144,200.58063695743147,5.943201585575993,0.7329706749207304,4.415062471672953,0.728285702691121,0.6487330817995649,0.00903633689502362,0.16984922731410457,0.6924017957966208,0.30000000000000004,0.4332744395251671,1.0,synthetic,SPEC_V1,2026-10-07
OOD00014,3,11,ood,0.4989491920000553,0.19653043901891232,0.3045203689810324,6.743201585575993,23.59772199499194,44.11811562263654,5.9,2.8505751535186796,20.599933691343335,2.257129636478041,34.04055281973193,50.760802305916144,200.58063695743147,5.943201585575993,0.7329706749207304,4.415062471672953,0.728285702691121,0.6487330817995649,0.00903633689502362,0.16984922731410457,0.6941184165659927,0.30000000000000004,0.4322029106851652,1.0,synthetic,SPEC_V1,2026-10-07
OOD00014,4,11,ood,0.4989491920000553,0.19653043901891232,0.3045203689810324,6.743201585575993,23.59772199499194,44.11811562263654,5.9,2.8505751535186796,20.599933691343335,2.257129636478041,34.04055281973193,50.760802305916144,200.58063695743147,5.943201585575993,0.7329706749207304,4.415062471672953,0.728285702691121,0.6487330817995649,0.00903633689502362,0.16984922731410457,0.6883182041990769,0.30000000000000004,0.4358449306873677,1.0,synthetic,SPEC_V1,2026-10-07
OOD00014,5,11,ood,0.4989491920000553,0.19653043901891232,0.3045203689810324,6.743201585575993,23.59772199499194,44.11811562263654,5.9,2.8505751535186796,20.599933691343335,2.257129636478041,34.04055281973193,50.760802305916144,200.58063695743147,5.943201585575993,0.7329706749207304,4.415062471672953,0.728285702691121,0.6487330817995649,0.00903633689502362,0.16984922731410457,0.7043251709583879,0.30000000000000004,0.42593962614140946,1.0,synthetic,SPEC_V1,2026-10-07
OOD00014,6,11,ood,0.4989491920000553,0.19653043901891232,0.3045203689810324,6.743201585575993,23.59772199499194,44.11811562263654,5.9,2.8505751535186796,20.599933691343335,2.257129636478041,34.04055281973193,50.760802305916144,200.58063695743147,5.943201585575993,0.7329706749207304,4.415062471672953,0.728285702691121,0.6487330817995649,0.00903633689502362,0.16984922731410457,0.7012134547763449,0.30000000000000004,0.4278297827238446,1.0,synthetic,SPEC_V1,2026-10-07
OOD00014,7,11,ood,0.4989491920000553,0.19653043901891232,0.3045203689810324,6.743201585575993,23.59772199499194,44.11811562263654,5.9,2.8505751535186796,20.599933691343335,2.257129636478041,34.04055281973193,50.760802305916144,200.58063695743147,5.943201585575993,0.7329706749207304,4.415062471672953,0.728285702691121,0.6487330817995649,0.00903633689502362,0.16984922731410457,0.6954453017950573,0.30000000000000004,0.4313782826998059,1.0,synthetic,SPEC_V1,2026-10-07
OOD00015,0,11,ood,0.4554215610470439,0.17914433823847797,0.3654341007144781,7.418805348048787,25.298830432617393,38.52132572704312,7.300000000000001,1.5421587138323278,25.944070012381726,1.7846128766928628,29.438127483870915,1.6408135668829362,215.04005867724783,7.302973388320787,0.9429956455237041,4.314599408727892,0.6182271956348458,0.6591503018304963,0.06407490300249581,0.8103099338531532,0.7433258477330301,75.2,101.16693806537523,0.1447899496600007,synthetic,SPEC_V1,2026-10-07
OOD00015,1,11,ood,0.4554215610470439,0.17914433823847797,0.3654341007144781,7.418805348048787,25.298830432617393,38.52132572704312,7.300000000000001,1.5421587138323278,25.944070012381726,1.7846128766928628,29.438127483870915,1.6408135668829362,215.04005867724783,7.302973388320787,0.9429956455237041,4.314599408727892,0.6182271956348458,0.6591503018304963,0.06407490300249581,0.8103099338531532,0.7429312135844085,81.5,109.70060014949195,0.1447899496600007,synthetic,SPEC_V1,2026-10-07
OOD00015,2,11,ood,0.4554215610470439,0.17914433823847797,0.3654341007144781,7.418805348048787,25.298830432617393,38.52132572704312,7.300000000000001,1.5421587138323278,25.944070012381726,1.7846128766928628,29.438127483870915,1.6408135668829362,215.04005867724783,7.302973388320787,0.9429956455237041,4.314599408727892,0.6182271956348458,0.6591503018304963,0.06407490300249581,0.8103099338531532,0.75,75.7,100.93333333333334,0.1447899496600007,synthetic,SPEC_V1,2026-10-07
OOD00015,3,11,ood,0.4554215610470439,0.17914433823847797,0.3654341007144781,7.418805348048787,25.298830432617393,38.52132572704312,7.300000000000001,1.5421587138323278,25.944070012381726,1.7846128766928628,29.438127483870915,1.6408135668829362,215.04005867724783,7.302973388320787,0.9429956455237041,4.314599408727892,0.6182271956348458,0.6591503018304963,0.06407490300249581,0.8103099338531532,0.7452068010323827,80.10000000000001,107.48694173084887,0.1447899496600007,synthetic,SPEC_V1,2026-10-07
OOD00015,4,11,ood,0.4554215610470439,0.17914433823847797,0.3654341007144781,7.418805348048787,25.298830432617393,38.52132572704312,7.300000000000001,1.5421587138323278,25.944070012381726,1.7846128766928628,29.438127483870915,1.6408135668829362,215.04005867724783,7.302973388320787,0.9429956455237041,4.314599408727892,0.6182271956348458,0.6591503018304963,0.06407490300249581,0.8103099338531532,0.7340028283396689,77.60000000000001,105.7216634648847,0.1447899496600007,synthetic,SPEC_V1,2026-10-07
OOD00015,5,11,ood,0.4554215610470439,0.17914433823847797,0.3654341007144781,7.418805348048787,25.298830432617393,38.52132572704312,7.300000000000001,1.5421587138323278,25.944070012381726,1.7846128766928628,29.438127483870915,1.6408135668829362,215.04005867724783,7.302973388320787,0.9429956455237041,4.314599408727892,0.6182271956348458,0.6591503018304963,0.06407490300249581,0.8103099338531532,0.7416278280159045,73.0,98.43212085945956,0.1447899496600007,synthetic,SPEC_V1,2026-10-07
OOD00015,6,11,ood,0.4554215610470439,0.17914433823847797,0.3654341007144781,7.418805348048787,25.298830432617393,38.52132572704312,7.300000000000001,1.5421587138323278,25.944070012381726,1.7846128766928628,29.438127483870915,1.6408135668829362,215.04005867724783,7.302973388320787,0.9429956455237041,4.314599408727892,0.6182271956348458,0.6591503018304963,0.06407490300249581,0.8103099338531532,0.718239645490333,85.10000000000001,118.48413065795515,0.1447899496600007,synthetic,SPEC_V1,2026-10-07
OOD00015,7,11,ood,0.4554215610470439,0.17914433823847797,0.3654341007144781,7.418805348048787,25.298830432617393,38.52132572704312,7.300000000000001,1.5421587138323278,25.944070012381726,1.7846128766928628,29.438127483870915,1.6408135668829362,215.04005867724783,7.302973388320787,0.9429956455237041,4.314599408727892,0.6182271956348458,0.6591503018304963,0.06407490300249581,0.8103099338531532,0.7372517956076162,83.2,112.85153931897796,0.1447899496600007,synthetic,SPEC_V1,2026-10-07
OOD00016,0,11,ood,0.5447703178246118,0.1016025004301064,0.35362718174528174,6.671809491392116,23.991385362608163,47.93980022003636,6.5,1.8617015656653029,32.96956955683703,1.5662238359434522,34.37469476905599,25.1562036932614,203.9267755821694,6.486451828482784,0.8653686111783012,2.320580674025328,0.6578758514010982,0.8698784016734806,0.040838253970729564,0.7062856607296975,0.7272862803511384,68.4,94.04824736550242,0.23169707863666433,synthetic,SPEC_V1,2026-10-07
OOD00016,1,11,ood,0.5447703178246118,0.1016025004301064,0.35362718174528174,6.671809491392116,23.991385362608163,47.93980022003636,6.5,1.8617015656653029,32.96956955683703,1.5662238359434522,34.37469476905599,25.1562036932614,203.9267755821694,6.486451828482784,0.8653686111783012,2.320580674025328,0.6578758514010982,0.8698784016734806,0.040838253970729564,0.7062856607296975,0.7133413697615818,69.10000000000001,96.86806756083013,0.23169707863666433,synthetic,SPEC_V1,2026-10-07
OOD00016,2,11,ood,0.5447703178246118,0.1016025004301064,0.35362718174528174,6.671809491392116,23.991385362608163,47.93980022003636,6.5,1.8617015656653029,32.96956955683703,1.5662238359434522,34.37469476905599,25.1562036932614,203.9267755821694,6.486451828482784,0.8653686111783012,2.320580674025328,0.6578758514010982,0.8698784016734806,0.040838253970729564,0.7062856607296975,0.7069415134781865,64.7,91.5210081265038,0.23169707863666433,synthetic,SPEC_V1,2026-10-07
OOD00016,3,11,ood,0.5447703178246118,0.1016025004301064,0.35362718174528174,6.671809491392116,23.991385362608163,47.93980022003636,6.5,1.8617015656653029,32.96956955683703,1.5662238359434522,34.37469476905599,25.1562036932614,203.9267755821694,6.486451828482784,0.8653686111783012,2.320580674025328,0.6578758514010982,0.8698784016734806,0.040838253970729564,0.7062856607296975,0.7255615491063376,68.4,94.27180930997126,0.23169707863666433,synthetic,SPEC_V1,2026-10-07
OOD00016,4,11,ood,0.5447703178246118,0.1016025004301064,0.35362718174528174,6.671809491392116,23.991385362608163,47.93980022003636,6.5,1.8617015656653029,32.96956955683703,1.5662238359434522,34.37469476905599,25.1562036932614,203.9267755821694,6.486451828482784,0.8653686111783012,2.320580674025328,0.6578758514010982,0.8698784016734806,0.040838253970729564,0.7062856607296975,0.736380042924075,65.7,89.22023434952602,0.23169707863666433,synthetic,SPEC_V1,2026-10-07
OOD00016,5,11,ood,0.5447703178246118,0.1016025004301064,0.35362718174528174,6.671809491392116,23.991385362608163,47.93980022003636,6.5,1.8617015656653029,32.96956955683703,1.5662238359434522,34.37469476905599,25.1562036932614,203.9267755821694,6.486451828482784,0.8653686111783012,2.320580674025328,0.6578758514010982,0.8698784016734806,0.040838253970729564,0.7062856607296975,0.75,78.80000000000001,105.06666666666668,0.23169707863666433,synthetic,SPEC_V1,2026-10-07
OOD00016,6,11,ood,0.5447703178246118,0.1016025004301064,0.35362718174528174,6.671809491392116,23.991385362608163,47.93980022003636,6.5,1.8617015656653029,32.96956955683703,1.5662238359434522,34.37469476905599,25.1562036932614,203.9267755821694,6.486451828482784,0.8653686111783012,2.320580674025328,0.6578758514010982,0.8698784016734806,0.040838253970729564,0.7062856607296975,0.7232885065863909,73.0,100.92791373739429,0.23169707863666433,synthetic,SPEC_V1,2026-10-07
OOD00016,7,11,ood,0.5447703178246118,0.1016025004301064,0.35362718174528174,6.671809491392116,23.991385362608163,47.93980022003636,6.5,1.8617015656653029,32.96956955683703,1.5662238359434522,34.37469476905599,25.1562036932614,203.9267755821694,6.486451828482784,0.8653686111783012,2.320580674025328,0.6578758514010982,0.8698784016734806,0.040838253970729564,0.7062856607296975,0.7373077092625999,69.9,94.80437966654216,0.23169707863666433,synthetic,SPEC_V1,2026-10-07
OOD00017,0,11,ood,0.46401577767431634,0.18871394347818493,0.3472702788474987,7.173769150975177,23.21377181776445,36.92094206588439,6.4,2.7521804531858463,25.379093412788485,2.101370559590081,34.630442279899654,90.22007821881579,197.31706045099781,6.3737691509751775,0.8222682072502413,4.170485826441895,0.6804891000449623,0.6742462934199335,0.06251890415971575,0.7953948201314707,0.7365449828993885,17.400000000000002,23.62381172091539,1.0,synthetic,SPEC_V1,2026-10-07
OOD00017,1,11,ood,0.46401577767431634,0.18871394347818493,0.3472702788474987,7.173769150975177,23.21377181776445,36.92094206588439,6.4,2.7521804531858463,25.379093412788485,2.101370559590081,34.630442279899654,90.22007821881579,197.31706045099781,6.3737691509751775,0.8222682072502413,4.170485826441895,0.6804891000449623,0.6742462934199335,0.06251890415971575,0.7953948201314707,0.7237048351252875,17.8,24.59566267360708,1.0,synthetic,SPEC_V1,2026-10-07
OOD00017,2,11,ood,0.46401577767431634,0.18871394347818493,0.3472702788474987,7.173769150975177,23.21377181776445,36.92094206588439,6.4,2.7521804531858463,25.379093412788485,2.101370559590081,34.630442279899654,90.22007821881579,197.31706045099781,6.3737691509751775,0.8222682072502413,4.170485826441895,0.6804891000449623,0.6742462934199335,0.06251890415971575,0.7953948201314707,0.7329984926425656,16.5,22.510278214236312,1.0,synthetic,SPEC_V1,2026-10-07
OOD00017,3,11,ood,0.46401577767431634,0.18871394347818493,0.3472702788474987,7.173769150975177,23.21377181776445,36.92094206588439,6.4,2.7521804531858463,25.379093412788485,2.101370559590081,34.630442279899654,90.22007821881579,197.31706045099781,6.3737691509751775,0.8222682072502413,4.170485826441895,0.6804891000449623,0.6742462934199335,0.06251890415971575,0.7953948201314707,0.7283698313666818,17.5,24.026255957311896,1.0,synthetic,SPEC_V1,2026-10-07
OOD00017,4,11,ood,0.46401577767431634,0.18871394347818493,0.3472702788474987,7.173769150975177,23.21377181776445,36.92094206588439,6.4,2.7521804531858463,25.379093412788485,2.101370559590081,34.630442279899654,90.22007821881579,197.31706045099781,6.3737691509751775,0.8222682072502413,4.170485826441895,0.6804891000449623,0.6742462934199335,0.06251890415971575,0.7953948201314707,0.7214101508665965,18.3,25.366984340346555,1.0,synthetic,SPEC_V1,2026-10-07
OOD00017,5,11,ood,0.46401577767431634,0.18871394347818493,0.3472702788474987,7.173769150975177,23.21377181776445,36.92094206588439,6.4,2.7521804531858463,25.379093412788485,2.101370559590081,34.630442279899654,90.22007821881579,197.31706045099781,6.3737691509751775,0.8222682072502413,4.170485826441895,0.6804891000449623,0.6742462934199335,0.06251890415971575,0.7953948201314707,0.7288068931131259,18.6,25.521163665932697,1.0,synthetic,SPEC_V1,2026-10-07
OOD00017,6,11,ood,0.46401577767431634,0.18871394347818493,0.3472702788474987,7.173769150975177,23.21377181776445,36.92094206588439,6.4,2.7521804531858463,25.379093412788485,2.101370559590081,34.630442279899654,90.22007821881579,197.31706045099781,6.3737691509751775,0.8222682072502413,4.170485826441895,0.6804891000449623,0.6742462934199335,0.06251890415971575,0.7953948201314707,0.7413403843609321,17.0,22.93143656898544,1.0,synthetic,SPEC_V1,2026-10-07
OOD00017,7,11,ood,0.46401577767431634,0.18871394347818493,0.3472702788474987,7.173769150975177,23.21377181776445,36.92094206588439,6.4,2.7521804531858463,25.379093412788485,2.101370559590081,34.630442279899654,90.22007821881579,197.31706045099781,6.3737691509751775,0.8222682072502413,4.170485826441895,0.6804891000449623,0.6742462934199335,0.06251890415971575,0.7953948201314707,0.7275418941377543,17.6,24.191046786190405,1.0,synthetic,SPEC_V1,2026-10-07
OOD00018,0,11,ood,0.46807353144030095,0.18615052837670187,0.34577594018299723,6.8768666311210636,23.355281142081235,30.369094890661874,6.1000000000000005,2.6302020918117432,33.59299048488089,1.8271723037686134,27.965536601265683,28.046208807787785,198.51988970769048,6.137065581154041,0.8237208181044191,4.13891322458557,0.679721092214875,0.6775756001938135,0.028580812755508424,0.5757466092945192,0.7220769902762859,3.9000000000000004,5.401086106493653,0.9247513124587783,synthetic,SPEC_V1,2026-10-07
OOD00018,1,11,ood,0.46807353144030095,0.18615052837670187,0.34577594018299723,6.8768666311210636,23.355281142081235,30.369094890661874,6.1000000000000005,2.6302020918117432,33.59299048488089,1.8271723037686134,27.965536601265683,28.046208807787785,198.51988970769048,6.137065581154041,0.8237208181044191,4.13891322458557,0.679721092214875,0.6775756001938135,0.028580812755508424,0.5757466092945192,0.7072391733023563,4.1000000000000005,5.7971901936025585,0.9247513124587783,synthetic,SPEC_V1,2026-10-07
OOD00018,2,11,ood,0.46807353144030095,0.18615052837670187,0.34577594018299723,6.8768666311210636,23.355281142081235,30.369094890661874,6.1000000000000005,2.6302020918117432,33.59299048488089,1.8271723037686134,27.965536601265683,28.046208807787785,198.51988970769048,6.137065581154041,0.8237208181044191,4.13891322458557,0.679721092214875,0.6775756001938135,0.028580812755508424,0.5757466092945192,0.7434065280473522,3.8000000000000003,5.111604292716077,0.9247513124587783,synthetic,SPEC_V1,2026-10-07
OOD00018,3,11,ood,0.46807353144030095,0.18615052837670187,0.34577594018299723,6.8768666311210636,23.355281142081235,30.369094890661874,6.1000000000000005,2.6302020918117432,33.59299048488089,1.8271723037686134,27.965536601265683,28.046208807787785,198.51988970769048,6.137065581154041,0.8237208181044191,4.13891322458557,0.679721092214875,0.6775756001938135,0.028580812755508424,0.5757466092945192,0.7253894114007505,4.4,6.0657075094375275,0.9247513124587783,synthetic,SPEC_V1,2026-10-07
OOD00018,4,11,ood,0.46807353144030095,0.18615052837670187,0.34577594018299723,6.8768666311210636,23.355281142081235,30.369094890661874,6.1000000000000005,2.6302020918117432,33.59299048488089,1.8271723037686134,27.965536601265683,28.046208807787785,198.51988970769048,6.137065581154041,0.8237208181044191,4.13891322458557,0.679721092214875,0.6775756001938135,0.028580812755508424,0.5757466092945192,0.7165037231719986,4.4,6.1409311043367305,0.9247513124587783,synthetic,SPEC_V1,2026-10-07
OOD00018,5,11,ood,0.46807353144030095,0.18615052837670187,0.34577594018299723,6.8768666311210636,23.355281142081235,30.369094890661874,6.1000000000000005,2.6302020918117432,33.59299048488089,1.8271723037686134,27.965536601265683,28.046208807787785,198.51988970769048,6.137065581154041,0.8237208181044191,4.13891322458557,0.679721092214875,0.6775756001938135,0.028580812755508424,0.5757466092945192,0.7277945999336709,3.9000000000000004,5.358654763796592,0.9247513124587783,synthetic,SPEC_V1,2026-10-07
OOD00018,6,11,ood,0.46807353144030095,0.18615052837670187,0.34577594018299723,6.8768666311210636,23.355281142081235,30.369094890661874,6.1000000000000005,2.6302020918117432,33.59299048488089,1.8271723037686134,27.965536601265683,28.046208807787785,198.51988970769048,6.137065581154041,0.8237208181044191,4.13891322458557,0.679721092214875,0.6775756001938135,0.028580812755508424,0.5757466092945192,0.7249498971513213,4.3,5.9314443893250814,0.9247513124587783,synthetic,SPEC_V1,2026-10-07
OOD00018,7,11,ood,0.46807353144030095,0.18615052837670187,0.34577594018299723,6.8768666311210636,23.355281142081235,30.369094890661874,6.1000000000000005,2.6302020918117432,33.59299048488089,1.8271723037686134,27.965536601265683,28.046208807787785,198.51988970769048,6.137065581154041,0.8237208181044191,4.13891322458557,0.679721092214875,0.6775756001938135,0.028580812755508424,0.5757466092945192,0.7216108421677145,4.3,5.958890510961319,0.9247513124587783,synthetic,SPEC_V1,2026-10-07
OOD00019,0,11,ood,0.5795048729953404,0.06412570937914054,0.3563694176255191,7.01252086444331,27.89149754422217,46.123411424028575,6.5,2.5920593875680478,29.480559640568096,1.6834210419517053,34.985415452062824,19.71511776787788,237.07772912588845,6.507182025268552,1.0138470271268814,1.7027110865176525,0.5834953964480026,0.9254683084082128,0.038482814748883876,0.6784154922772049,0.7282507636564093,32.300000000000004,44.35285428034132,0.6316735489684473,synthetic,SPEC_V1,2026-10-07
OOD00019,1,11,ood,0.5795048729953404,0.06412570937914054,0.3563694176255191,7.01252086444331,27.89149754422217,46.123411424028575,6.5,2.5920593875680478,29.480559640568096,1.6834210419517053,34.985415452062824,19.71511776787788,237.07772912588845,6.507182025268552,1.0138470271268814,1.7027110865176525,0.5834953964480026,0.9254683084082128,0.038482814748883876,0.6784154922772049,0.7167676095414199,31.400000000000002,43.80778313920934,0.6316735489684473,synthetic,SPEC_V1,2026-10-07
OOD00019,2,11,ood,0.5795048729953404,0.06412570937914054,0.3563694176255191,7.01252086444331,27.89149754422217,46.123411424028575,6.5,2.5920593875680478,29.480559640568096,1.6834210419517053,34.985415452062824,19.71511776787788,237.07772912588845,6.507182025268552,1.0138470271268814,1.7027110865176525,0.5834953964480026,0.9254683084082128,0.038482814748883876,0.6784154922772049,0.7474245461988304,29.0,38.79990314404981,0.6316735489684473,synthetic,SPEC_V1,2026-10-07
OOD00019,3,11,ood,0.5795048729953404,0.06412570937914054,0.3563694176255191,7.01252086444331,27.89149754422217,46.123411424028575,6.5,2.5920593875680478,29.480559640568096,1.6834210419517053,34.985415452062824,19.71511776787788,237.07772912588845,6.507182025268552,1.0138470271268814,1.7027110865176525,0.5834953964480026,0.9254683084082128,0.038482814748883876,0.6784154922772049,0.7423576733809021,29.400000000000002,39.6035510296597,0.6316735489684473,synthetic,SPEC_V1,2026-10-07
OOD00019,4,11,ood,0.5795048729953404,0.06412570937914054,0.3563694176255191,7.01252086444331,27.89149754422217,46.123411424028575,6.5,2.5920593875680478,29.480559640568096,1.6834210419517053,34.985415452062824,19.71511776787788,237.07772912588845,6.507182025268552,1.0138470271268814,1.7027110865176525,0.5834953964480026,0.9254683084082128,0.038482814748883876,0.6784154922772049,0.7346361812724932,31.3,42.606123681226805,0.6316735489684473,synthetic,SPEC_V1,2026-10-07
OOD00019,5,11,ood,0.5795048729953404,0.06412570937914054,0.3563694176255191,7.01252086444331,27.89149754422217,46.123411424028575,6.5,2.5920593875680478,29.480559640568096,1.6834210419517053,34.985415452062824,19.71511776787788,237.07772912588845,6.507182025268552,1.0138470271268814,1.7027110865176525,0.5834953964480026,0.9254683084082128,0.038482814748883876,0.6784154922772049,0.7337016894726495,29.0,39.52560068499208,0.6316735489684473,synthetic,SPEC_V1,2026-10-07
OOD00019,6,11,ood,0.5795048729953404,0.06412570937914054,0.3563694176255191,7.01252086444331,27.89149754422217,46.123411424028575,6.5,2.5920593875680478,29.480559640568096,1.6834210419517053,34.985415452062824,19.71511776787788,237.07772912588845,6.507182025268552,1.0138470271268814,1.7027110865176525,0.5834953964480026,0.9254683084082128,0.038482814748883876,0.6784154922772049,0.7292720912567706,28.900000000000002,39.6285561266934,0.6316735489684473,synthetic,SPEC_V1,2026-10-07
OOD00019,7,11,ood,0.5795048729953404,0.06412570937914054,0.3563694176255191,7.01252086444331,27.89149754422217,46.123411424028575,6.5,2.5920593875680478,29.480559640568096,1.6834210419517053,34.985415452062824,19.71511776787788,237.07772912588845,6.507182025268552,1.0138470271268814,1.7027110865176525,0.5834953964480026,0.9254683084082128,0.038482814748883876,0.6784154922772049,0.7424838333844105,27.700000000000003,37.30720960446653,0.6316735489684473,synthetic,SPEC_V1,2026-10-07
OOD00020,0,11,ood,0.532455749463811,0.10664978089654933,0.3608944696396397,7.376321767733604,25.520017521254033,45.73830885282369,7.1000000000000005,2.0690994370587297,33.14426121642987,1.9890469695715307,31.30845337405157,7.013879725174397,216.92014893065928,7.064197704012521,0.9394233852297833,2.591062471816186,0.6200171779357472,0.84282280142724,0.04666179247135107,0.7533669745689021,0.7371964205989662,102.80000000000001,139.44723160277397,0.3901550796513533,synthetic,SPEC_V1,2026-10-07
OOD00020,1,11,ood,0.532455749463811,0.10664978089654933,0.3608944696396397,7.376321767733604,25.520017521254033,45.73830885282369,7.1000000000000005,2.0690994370587297,33.14426121642987,1.9890469695715307,31.30845337405157,7.013879725174397,216.92014893065928,7.064197704012521,0.9394233852297833,2.591062471816186,0.6200171779357472,0.84282280142724,0.04666179247135107,0.7533669745689021,0.7334054055018304,101.9,138.94089031192132,0.3901550796513533,synthetic,SPEC_V1,2026-10-07
OOD00020,2,11,ood,0.532455749463811,0.10664978089654933,0.3608944696396397,7.376321767733604,25.520017521254033,45.73830885282369,7.1000000000000005,2.0690994370587297,33.14426121642987,1.9890469695715307,31.30845337405157,7.013879725174397,216.92014893065928,7.064197704012521,0.9394233852297833,2.591062471816186,0.6200171779357472,0.84282280142724,0.04666179247135107,0.7533669745689021,0.7407530309235235,107.80000000000001,145.52758544315623,0.3901550796513533,synthetic,SPEC_V1,2026-10-07
OOD00020,3,11,ood,0.532455749463811,0.10664978089654933,0.3608944696396397,7.376321767733604,25.520017521254033,45.73830885282369,7.1000000000000005,2.0690994370587297,33.14426121642987,1.9890469695715307,31.30845337405157,7.013879725174397,216.92014893065928,7.064197704012521,0.9394233852297833,2.591062471816186,0.6200171779357472,0.84282280142724,0.04666179247135107,0.7533669745689021,0.75,111.80000000000001,149.0666666666667,0.3901550796513533,synthetic,SPEC_V1,2026-10-07
OOD00020,4,11,ood,0.532455749463811,0.10664978089654933,0.3608944696396397,7.376321767733604,25.520017521254033,45.73830885282369,7.1000000000000005,2.0690994370587297,33.14426121642987,1.9890469695715307,31.30845337405157,7.013879725174397,216.92014893065928,7.064197704012521,0.9394233852297833,2.591062471816186,0.6200171779357472,0.84282280142724,0.04666179247135107,0.7533669745689021,0.734031017864265,107.10000000000001,145.9066407188322,0.3901550796513533,synthetic,SPEC_V1,2026-10-07
OOD00020,5,11,ood,0.532455749463811,0.10664978089654933,0.3608944696396397,7.376321767733604,25.520017521254033,45.73830885282369,7.1000000000000005,2.0690994370587297,33.14426121642987,1.9890469695715307,31.30845337405157,7.013879725174397,216.92014893065928,7.064197704012521,0.9394233852297833,2.591062471816186,0.6200171779357472,0.84282280142724,0.04666179247135107,0.7533669745689021,0.7361992903639222,105.4,143.16775549715362,0.3901550796513533,synthetic,SPEC_V1,2026-10-07
OOD00020,6,11,ood,0.532455749463811,0.10664978089654933,0.3608944696396397,7.376321767733604,25.520017521254033,45.73830885282369,7.1000000000000005,2.0690994370587297,33.14426121642987,1.9890469695715307,31.30845337405157,7.013879725174397,216.92014893065928,7.064197704012521,0.9394233852297833,2.591062471816186,0.6200171779357472,0.84282280142724,0.04666179247135107,0.7533669745689021,0.7491908600800803,107.30000000000001,143.22118130022412,0.3901550796513533,synthetic,SPEC_V1,2026-10-07
OOD00020,7,11,ood,0.532455749463811,0.10664978089654933,0.3608944696396397,7.376321767733604,25.520017521254033,45.73830885282369,7.1000000000000005,2.0690994370587297,33.14426121642987,1.9890469695715307,31.30845337405157,7.013879725174397,216.92014893065928,7.064197704012521,0.9394233852297833,2.591062471816186,0.6200171779357472,0.84282280142724,0.04666179247135107,0.7533669745689021,0.7387153370200741,113.4,153.50974092056578,0.3901550796513533,synthetic,SPEC_V1,2026-10-07
OOD00021,0,11,ood,0.5834794120438389,0.08974967622930868,0.3267709117268525,7.434950672987475,26.159036878251086,41.21766907896901,6.800000000000001,2.877355376148647,25.56653205231269,1.653395455903044,34.71910013433864,53.75105887807889,222.35181346513423,6.7840042694449085,0.8718972577214515,2.2350723659594887,0.6544845196501308,0.8781441237850062,0.07307714605722458,0.8456186126583809,0.7156083698551243,61.2,85.52163806075941,0.8136830044282086,synthetic,SPEC_V1,2026-10-07
OOD00021,1,11,ood,0.5834794120438389,0.08974967622930868,0.3267709117268525,7.434950672987475,26.159036878251086,41.21766907896901,6.800000000000001,2.877355376148647,25.56653205231269,1.653395455903044,34.71910013433864,53.75105887807889,222.35181346513423,6.7840042694449085,0.8718972577214515,2.2350723659594887,0.6544845196501308,0.8781441237850062,0.07307714605722458,0.8456186126583809,0.6935304540980605,58.2,83.91844893918807,0.8136830044282086,synthetic,SPEC_V1,2026-10-07
OOD00021,2,11,ood,0.5834794120438389,0.08974967622930868,0.3267709117268525,7.434950672987475,26.159036878251086,41.21766907896901,6.800000000000001,2.877355376148647,25.56653205231269,1.653395455903044,34.71910013433864,53.75105887807889,222.35181346513423,6.7840042694449085,0.8718972577214515,2.2350723659594887,0.6544845196501308,0.8781441237850062,0.07307714605722458,0.8456186126583809,0.7290582851614538,60.800000000000004,83.39525280415067,0.8136830044282086,synthetic,SPEC_V1,2026-10-07
OOD00021,3,11,ood,0.5834794120438389,0.08974967622930868,0.3267709117268525,7.434950672987475,26.159036878251086,41.21766907896901,6.800000000000001,2.877355376148647,25.56653205231269,1.653395455903044,34.71910013433864,53.75105887807889,222.35181346513423,6.7840042694449085,0.8718972577214515,2.2350723659594887,0.6544845196501308,0.8781441237850062,0.07307714605722458,0.8456186126583809,0.719759313088111,63.0,87.52925992676624,0.8136830044282086,synthetic,SPEC_V1,2026-10-07
OOD00021,4,11,ood,0.5834794120438389,0.08974967622930868,0.3267709117268525,7.434950672987475,26.159036878251086,41.21766907896901,6.800000000000001,2.877355376148647,25.56653205231269,1.653395455903044,34.71910013433864,53.75105887807889,222.35181346513423,6.7840042694449085,0.8718972577214515,2.2350723659594887,0.6544845196501308,0.8781441237850062,0.07307714605722458,0.8456186126583809,0.7248695803126222,68.4,94.36180225758739,0.8136830044282086,synthetic,SPEC_V1,2026-10-07
OOD00021,5,11,ood,0.5834794120438389,0.08974967622930868,0.3267709117268525,7.434950672987475,26.159036878251086,41.21766907896901,6.800000000000001,2.877355376148647,25.56653205231269,1.653395455903044,34.71910013433864,53.75105887807889,222.35181346513423,6.7840042694449085,0.8718972577214515,2.2350723659594887,0.6544845196501308,0.8781441237850062,0.07307714605722458,0.8456186126583809,0.7159272020292219,63.300000000000004,88.41681084415102,0.8136830044282086,synthetic,SPEC_V1,2026-10-07
OOD00021,6,11,ood,0.5834794120438389,0.08974967622930868,0.3267709117268525,7.434950672987475,26.159036878251086,41.21766907896901,6.800000000000001,2.877355376148647,25.56653205231269,1.653395455903044,34.71910013433864,53.75105887807889,222.35181346513423,6.7840042694449085,0.8718972577214515,2.2350723659594887,0.6544845196501308,0.8781441237850062,0.07307714605722458,0.8456186126583809,0.7079681226705157,65.2,92.09454198878346,0.8136830044282086,synthetic,SPEC_V1,2026-10-07
OOD00021,7,11,ood,0.5834794120438389,0.08974967622930868,0.3267709117268525,7.434950672987475,26.159036878251086,41.21766907896901,6.800000000000001,2.877355376148647,25.56653205231269,1.653395455903044,34.71910013433864,53.75105887807889,222.35181346513423,6.7840042694449085,0.8718972577214515,2.2350723659594887,0.6544845196501308,0.8781441237850062,0.07307714605722458,0.8456186126583809,0.7007598359199079,60.300000000000004,86.04945219333588,0.8136830044282086,synthetic,SPEC_V1,2026-10-07
OOD00022,0,11,ood,0.515971078501148,0.15183317678745362,0.3321957447113984,7.324244185860037,27.03677602255801,43.198324703963145,6.5,3.1490359764477427,29.059726082796267,1.1085064214846785,26.391760095835043,80.7902060030159,229.81259619174304,6.524244185860037,0.9161131984317115,3.9080357731032365,0.6317830597547284,0.7021274359364217,0.03919611663989147,0.6798700951999331,0.722166197477651,8.6,11.908616091472691,1.0,synthetic,SPEC_V1,2026-10-07
OOD00022,1,11,ood,0.515971078501148,0.15183317678745362,0.3321957447113984,7.324244185860037,27.03677602255801,43.198324703963145,6.5,3.1490359764477427,29.059726082796267,1.1085064214846785,26.391760095835043,80.7902060030159,229.81259619174304,6.524244185860037,0.9161131984317115,3.9080357731032365,0.6317830597547284,0.7021274359364217,0.03919611663989147,0.6798700951999331,0.7135006139730973,9.3,13.03432655539475,1.0,synthetic,SPEC_V1,2026-10-07
OOD00022,2,11,ood,0.515971078501148,0.15183317678745362,0.3321957447113984,7.324244185860037,27.03677602255801,43.198324703963145,6.5,3.1490359764477427,29.059726082796267,1.1085064214846785,26.391760095835043,80.7902060030159,229.81259619174304,6.524244185860037,0.9161131984317115,3.9080357731032365,0.6317830597547284,0.7021274359364217,0.03919611663989147,0.6798700951999331,0.7228286494933184,7.1000000000000005,9.82252156853065,1.0,synthetic,SPEC_V1,2026-10-07
OOD00022,3,11,ood,0.515971078501148,0.15183317678745362,0.3321957447113984,7.324244185860037,27.03677602255801,43.198324703963145,6.5,3.1490359764477427,29.059726082796267,1.1085064214846785,26.391760095835043,80.7902060030159,229.81259619174304,6.524244185860037,0.9161131984317115,3.9080357731032365,0.6317830597547284,0.7021274359364217,0.03919611663989147,0.6798700951999331,0.7029576100568695,7.7,10.953718815814609,1.0,synthetic,SPEC_V1,2026-10-07
OOD00022,4,11,ood,0.515971078501148,0.15183317678745362,0.3321957447113984,7.324244185860037,27.03677602255801,43.198324703963145,6.5,3.1490359764477427,29.059726082796267,1.1085064214846785,26.391760095835043,80.7902060030159,229.81259619174304,6.524244185860037,0.9161131984317115,3.9080357731032365,0.6317830597547284,0.7021274359364217,0.03919611663989147,0.6798700951999331,0.7051427320166194,7.9,11.203405553662867,1.0,synthetic,SPEC_V1,2026-10-07
OOD00022,5,11,ood,0.515971078501148,0.15183317678745362,0.3321957447113984,7.324244185860037,27.03677602255801,43.198324703963145,6.5,3.1490359764477427,29.059726082796267,1.1085064214846785,26.391760095835043,80.7902060030159,229.81259619174304,6.524244185860037,0.9161131984317115,3.9080357731032365,0.6317830597547284,0.7021274359364217,0.03919611663989147,0.6798700951999331,0.7068439170352033,8.8,12.449707478435766,1.0,synthetic,SPEC_V1,2026-10-07
OOD00022,6,11,ood,0.515971078501148,0.15183317678745362,0.3321957447113984,7.324244185860037,27.03677602255801,43.198324703963145,6.5,3.1490359764477427,29.059726082796267,1.1085064214846785,26.391760095835043,80.7902060030159,229.81259619174304,6.524244185860037,0.9161131984317115,3.9080357731032365,0.6317830597547284,0.7021274359364217,0.03919611663989147,0.6798700951999331,0.7021588288757077,8.200000000000001,11.678269449562842,1.0,synthetic,SPEC_V1,2026-10-07
OOD00022,7,11,ood,0.515971078501148,0.15183317678745362,0.3321957447113984,7.324244185860037,27.03677602255801,43.198324703963145,6.5,3.1490359764477427,29.059726082796267,1.1085064214846785,26.391760095835043,80.7902060030159,229.81259619174304,6.524244185860037,0.9161131984317115,3.9080357731032365,0.6317830597547284,0.7021274359364217,0.03919611663989147,0.6798700951999331,0.7138691668468736,7.7,10.786290202181636,1.0,synthetic,SPEC_V1,2026-10-07
OOD00023,0,11,ood,0.47674175068952696,0.14604982856675355,0.3772084207437195,6.694515253753059,24.02154235850588,48.63822234856383,5.9,2.9316172579434427,31.845779312157504,1.6202951922094622,34.27457151708863,63.33953987315036,204.18311004729998,5.894515253753059,0.9242350618017975,3.3399417204870905,0.6276669171028196,0.7634363089138457,0.009462806250785924,0.2471461704760649,0.75,0.5,0.6666666666666666,1.0,synthetic,SPEC_V1,2026-10-07
OOD00023,1,11,ood,0.47674175068952696,0.14604982856675355,0.3772084207437195,6.694515253753059,24.02154235850588,48.63822234856383,5.9,2.9316172579434427,31.845779312157504,1.6202951922094622,34.27457151708863,63.33953987315036,204.18311004729998,5.894515253753059,0.9242350618017975,3.3399417204870905,0.6276669171028196,0.7634363089138457,0.009462806250785924,0.2471461704760649,0.7416052179426911,0.5,0.6742131634228044,1.0,synthetic,SPEC_V1,2026-10-07
OOD00023,2,11,ood,0.47674175068952696,0.14604982856675355,0.3772084207437195,6.694515253753059,24.02154235850588,48.63822234856383,5.9,2.9316172579434427,31.845779312157504,1.6202951922094622,34.27457151708863,63.33953987315036,204.18311004729998,5.894515253753059,0.9242350618017975,3.3399417204870905,0.6276669171028196,0.7634363089138457,0.009462806250785924,0.2471461704760649,0.7489683471470929,0.5,0.6675849545639116,1.0,synthetic,SPEC_V1,2026-10-07
OOD00023,3,11,ood,0.47674175068952696,0.14604982856675355,0.3772084207437195,6.694515253753059,24.02154235850588,48.63822234856383,5.9,2.9316172579434427,31.845779312157504,1.6202951922094622,34.27457151708863,63.33953987315036,204.18311004729998,5.894515253753059,0.9242350618017975,3.3399417204870905,0.6276669171028196,0.7634363089138457,0.009462806250785924,0.2471461704760649,0.7284700156484331,0.5,0.6863700485392455,1.0,synthetic,SPEC_V1,2026-10-07
OOD00023,4,11,ood,0.47674175068952696,0.14604982856675355,0.3772084207437195,6.694515253753059,24.02154235850588,48.63822234856383,5.9,2.9316172579434427,31.845779312157504,1.6202951922094622,34.27457151708863,63.33953987315036,204.18311004729998,5.894515253753059,0.9242350618017975,3.3399417204870905,0.6276669171028196,0.7634363089138457,0.009462806250785924,0.2471461704760649,0.75,0.5,0.6666666666666666,1.0,synthetic,SPEC_V1,2026-10-07
OOD00023,5,11,ood,0.47674175068952696,0.14604982856675355,0.3772084207437195,6.694515253753059,24.02154235850588,48.63822234856383,5.9,2.9316172579434427,31.845779312157504,1.6202951922094622,34.27457151708863,63.33953987315036,204.18311004729998,5.894515253753059,0.9242350618017975,3.3399417204870905,0.6276669171028196,0.7634363089138457,0.009462806250785924,0.2471461704760649,0.744011791501115,0.6000000000000001,0.8064388318220639,1.0,synthetic,SPEC_V1,2026-10-07
OOD00023,6,11,ood,0.47674175068952696,0.14604982856675355,0.3772084207437195,6.694515253753059,24.02154235850588,48.63822234856383,5.9,2.9316172579434427,31.845779312157504,1.6202951922094622,34.27457151708863,63.33953987315036,204.18311004729998,5.894515253753059,0.9242350618017975,3.3399417204870905,0.6276669171028196,0.7634363089138457,0.009462806250785924,0.2471461704760649,0.7470285075150794,0.5,0.6693184998564556,1.0,synthetic,SPEC_V1,2026-10-07
OOD00023,7,11,ood,0.47674175068952696,0.14604982856675355,0.3772084207437195,6.694515253753059,24.02154235850588,48.63822234856383,5.9,2.9316172579434427,31.845779312157504,1.6202951922094622,34.27457151708863,63.33953987315036,204.18311004729998,5.894515253753059,0.9242350618017975,3.3399417204870905,0.6276669171028196,0.7634363089138457,0.009462806250785924,0.2471461704760649,0.732159590439957,0.5,0.6829112211718055,1.0,synthetic,SPEC_V1,2026-10-07
OOD00024,0,11,ood,0.5433486387565548,0.08258362784403961,0.3740677333994056,6.701500139914933,27.50570473271997,33.22956341855689,6.4,2.098868266089093,29.66620149763449,1.416180843578399,29.678010641786805,33.030593651556075,233.79849022811973,6.393788406960524,1.04947765574203,2.1624878808397057,0.5666160784968073,0.8850350782724218,0.07220704785748017,0.8825930097608228,0.73578975277339,65.8,89.42772001374313,0.38463966619301204,synthetic,SPEC_V1,2026-10-07
OOD00024,1,11,ood,0.5433486387565548,0.08258362784403961,0.3740677333994056,6.701500139914933,27.50570473271997,33.22956341855689,6.4,2.098868266089093,29.66620149763449,1.416180843578399,29.678010641786805,33.030593651556075,233.79849022811973,6.393788406960524,1.04947765574203,2.1624878808397057,0.5666160784968073,0.8850350782724218,0.07220704785748017,0.8825930097608228,0.7291053624428533,71.7,98.3396964188695,0.38463966619301204,synthetic,SPEC_V1,2026-10-07
OOD00024,2,11,ood,0.5433486387565548,0.08258362784403961,0.3740677333994056,6.701500139914933,27.50570473271997,33.22956341855689,6.4,2.098868266089093,29.66620149763449,1.416180843578399,29.678010641786805,33.030593651556075,233.79849022811973,6.393788406960524,1.04947765574203,2.1624878808397057,0.5666160784968073,0.8850350782724218,0.07220704785748017,0.8825930097608228,0.7450317413463412,61.7,82.81526353293673,0.38463966619301204,synthetic,SPEC_V1,2026-10-07
OOD00024,3,11,ood,0.5433486387565548,0.08258362784403961,0.3740677333994056,6.701500139914933,27.50570473271997,33.22956341855689,6.4,2.098868266089093,29.66620149763449,1.416180843578399,29.678010641786805,33.030593651556075,233.79849022811973,6.393788406960524,1.04947765574203,2.1624878808397057,0.5666160784968073,0.8850350782724218,0.07220704785748017,0.8825930097608228,0.744626036345641,68.8,92.39537249818159,0.38463966619301204,synthetic,SPEC_V1,2026-10-07
OOD00024,4,11,ood,0.5433486387565548,0.08258362784403961,0.3740677333994056,6.701500139914933,27.50570473271997,33.22956341855689,6.4,2.098868266089093,29.66620149763449,1.416180843578399,29.678010641786805,33.030593651556075,233.79849022811973,6.393788406960524,1.04947765574203,2.1624878808397057,0.5666160784968073,0.8850350782724218,0.07220704785748017,0.8825930097608228,0.7433644809325848,71.60000000000001,96.31883394559628,0.38463966619301204,synthetic,SPEC_V1,2026-10-07
OOD00024,5,11,ood,0.5433486387565548,0.08258362784403961,0.3740677333994056,6.701500139914933,27.50570473271997,33.22956341855689,6.4,2.098868266089093,29.66620149763449,1.416180843578399,29.678010641786805,33.030593651556075,233.79849022811973,6.393788406960524,1.04947765574203,2.1624878808397057,0.5666160784968073,0.8850350782724218,0.07220704785748017,0.8825930097608228,0.7376847100279733,68.4,92.72253995532353,0.38463966619301204,synthetic,SPEC_V1,2026-10-07
OOD00024,6,11,ood,0.5433486387565548,0.08258362784403961,0.3740677333994056,6.701500139914933,27.50570473271997,33.22956341855689,6.4,2.098868266089093,29.66620149763449,1.416180843578399,29.678010641786805,33.030593651556075,233.79849022811973,6.393788406960524,1.04947765574203,2.1624878808397057,0.5666160784968073,0.8850350782724218,0.07220704785748017,0.8825930097608228,0.7457342598430095,66.3,88.90566461832844,0.38463966619301204,synthetic,SPEC_V1,2026-10-07
OOD00024,7,11,ood,0.5433486387565548,0.08258362784403961,0.3740677333994056,6.701500139914933,27.50570473271997,33.22956341855689,6.4,2.098868266089093,29.66620149763449,1.416180843578399,29.678010641786805,33.030593651556075,233.79849022811973,6.393788406960524,1.04947765574203,2.1624878808397057,0.5666160784968073,0.8850350782724218,0.07220704785748017,0.8825930097608228,0.727396850756828,73.3,100.77030155373124,0.38463966619301204,synthetic,SPEC_V1,2026-10-07
OOD00025,0,11,ood,0.4379167981789083,0.1927151282738121,0.36936807354727963,7.278846253828191,26.866245155179623,30.744230160045394,6.9,1.8892453381851546,30.740562076711882,1.3539837136440678,28.204491987673386,95.92805031579903,228.36308381902683,6.932771912206437,1.0122003880745987,4.92901035101295,0.5842852523769719,0.5970630167654292,0.0480766041164199,0.7636161053933873,0.727252009318649,31.3,43.03872605223117,0.43259292702719243,synthetic,SPEC_V1,2026-10-07
OOD00025,1,11,ood,0.4379167981789083,0.1927151282738121,0.36936807354727963,7.278846253828191,26.866245155179623,30.744230160045394,6.9,1.8892453381851546,30.740562076711882,1.3539837136440678,28.204491987673386,95.92805031579903,228.36308381902683,6.932771912206437,1.0122003880745987,4.92901035101295,0.5842852523769719,0.5970630167654292,0.0480766041164199,0.7636161053933873,0.7460237476415595,33.800000000000004,45.30686872482754,0.43259292702719243,synthetic,SPEC_V1,2026-10-07
OOD00025,2,11,ood,0.4379167981789083,0.1927151282738121,0.36936807354727963,7.278846253828191,26.866245155179623,30.744230160045394,6.9,1.8892453381851546,30.740562076711882,1.3539837136440678,28.204491987673386,95.92805031579903,228.36308381902683,6.932771912206437,1.0122003880745987,4.92901035101295,0.5842852523769719,0.5970630167654292,0.0480766041164199,0.7636161053933873,0.7404911752610809,34.7,46.86078802730572,0.43259292702719243,synthetic,SPEC_V1,2026-10-07
OOD00025,3,11,ood,0.4379167981789083,0.1927151282738121,0.36936807354727963,7.278846253828191,26.866245155179623,30.744230160045394,6.9,1.8892453381851546,30.740562076711882,1.3539837136440678,28.204491987673386,95.92805031579903,228.36308381902683,6.932771912206437,1.0122003880745987,4.92901035101295,0.5842852523769719,0.5970630167654292,0.0480766041164199,0.7636161053933873,0.7417566729181975,32.4,43.6800923846534,0.43259292702719243,synthetic,SPEC_V1,2026-10-07
OOD00025,4,11,ood,0.4379167981789083,0.1927151282738121,0.36936807354727963,7.278846253828191,26.866245155179623,30.744230160045394,6.9,1.8892453381851546,30.740562076711882,1.3539837136440678,28.204491987673386,95.92805031579903,228.36308381902683,6.932771912206437,1.0122003880745987,4.92901035101295,0.5842852523769719,0.5970630167654292,0.0480766041164199,0.7636161053933873,0.7296688552432207,33.1,45.363043471228835,0.43259292702719243,synthetic,SPEC_V1,2026-10-07
OOD00025,5,11,ood,0.4379167981789083,0.1927151282738121,0.36936807354727963,7.278846253828191,26.866245155179623,30.744230160045394,6.9,1.8892453381851546,30.740562076711882,1.3539837136440678,28.204491987673386,95.92805031579903,228.36308381902683,6.932771912206437,1.0122003880745987,4.92901035101295,0.5842852523769719,0.5970630167654292,0.0480766041164199,0.7636161053933873,0.75,36.300000000000004,48.400000000000006,0.43259292702719243,synthetic,SPEC_V1,2026-10-07
OOD00025,6,11,ood,0.4379167981789083,0.1927151282738121,0.36936807354727963,7.278846253828191,26.866245155179623,30.744230160045394,6.9,1.8892453381851546,30.740562076711882,1.3539837136440678,28.204491987673386,95.92805031579903,228.36308381902683,6.932771912206437,1.0122003880745987,4.92901035101295,0.5842852523769719,0.5970630167654292,0.0480766041164199,0.7636161053933873,0.75,32.300000000000004,43.06666666666667,0.43259292702719243,synthetic,SPEC_V1,2026-10-07
OOD00025,7,11,ood,0.4379167981789083,0.1927151282738121,0.36936807354727963,7.278846253828191,26.866245155179623,30.744230160045394,6.9,1.8892453381851546,30.740562076711882,1.3539837136440678,28.204491987673386,95.92805031579903,228.36308381902683,6.932771912206437,1.0122003880745987,4.92901035101295,0.5842852523769719,0.5970630167654292,0.0480766041164199,0.7636161053933873,0.7451141482202527,33.4,44.82534666638365,0.43259292702719243,synthetic,SPEC_V1,2026-10-07
OOD00026,0,11,ood,0.569226857237166,0.06607622730805318,0.36469691545478083,7.393092669949745,27.208992334095125,36.56368756506604,6.6000000000000005,3.8846326739472876,26.86705697356717,2.8865093018119587,30.82064049191601,5.865848928614425,231.2764348398086,6.593092669949745,1.0121496288414817,1.71156991930079,0.5843096139945971,0.9247492588748877,0.08833785541152847,0.9068345369652138,0.7322204372026062,20.1,27.450749772555596,1.0,synthetic,SPEC_V1,2026-10-07
OOD00026,1,11,ood,0.569226857237166,0.06607622730805318,0.36469691545478083,7.393092669949745,27.208992334095125,36.56368756506604,6.6000000000000005,3.8846326739472876,26.86705697356717,2.8865093018119587,30.82064049191601,5.865848928614425,231.2764348398086,6.593092669949745,1.0121496288414817,1.71156991930079,0.5843096139945971,0.9247492588748877,0.08833785541152847,0.9068345369652138,0.7129027771697726,21.900000000000002,30.719476345628934,1.0,synthetic,SPEC_V1,2026-10-07
OOD00026,2,11,ood,0.569226857237166,0.06607622730805318,0.36469691545478083,7.393092669949745,27.208992334095125,36.56368756506604,6.6000000000000005,3.8846326739472876,26.86705697356717,2.8865093018119587,30.82064049191601,5.865848928614425,231.2764348398086,6.593092669949745,1.0121496288414817,1.71156991930079,0.5843096139945971,0.9247492588748877,0.08833785541152847,0.9068345369652138,0.7448024875726019,23.1,31.014934006578834,1.0,synthetic,SPEC_V1,2026-10-07
OOD00026,3,11,ood,0.569226857237166,0.06607622730805318,0.36469691545478083,7.393092669949745,27.208992334095125,36.56368756506604,6.6000000000000005,3.8846326739472876,26.86705697356717,2.8865093018119587,30.82064049191601,5.865848928614425,231.2764348398086,6.593092669949745,1.0121496288414817,1.71156991930079,0.5843096139945971,0.9247492588748877,0.08833785541152847,0.9068345369652138,0.7402398624178458,22.1,29.85518765203317,1.0,synthetic,SPEC_V1,2026-10-07
OOD00026,4,11,ood,0.569226857237166,0.06607622730805318,0.36469691545478083,7.393092669949745,27.208992334095125,36.56368756506604,6.6000000000000005,3.8846326739472876,26.86705697356717,2.8865093018119587,30.82064049191601,5.865848928614425,231.2764348398086,6.593092669949745,1.0121496288414817,1.71156991930079,0.5843096139945971,0.9247492588748877,0.08833785541152847,0.9068345369652138,0.7338883629364014,23.200000000000003,31.612437492772333,1.0,synthetic,SPEC_V1,2026-10-07
OOD00026,5,11,ood,0.569226857237166,0.06607622730805318,0.36469691545478083,7.393092669949745,27.208992334095125,36.56368756506604,6.6000000000000005,3.8846326739472876,26.86705697356717,2.8865093018119587,30.82064049191601,5.865848928614425,231.2764348398086,6.593092669949745,1.0121496288414817,1.71156991930079,0.5843096139945971,0.9247492588748877,0.08833785541152847,0.9068345369652138,0.7331897051845463,23.1,31.506170690415864,1.0,synthetic,SPEC_V1,2026-10-07
OOD00026,6,11,ood,0.569226857237166,0.06607622730805318,0.36469691545478083,7.393092669949745,27.208992334095125,36.56368756506604,6.6000000000000005,3.8846326739472876,26.86705697356717,2.8865093018119587,30.82064049191601,5.865848928614425,231.2764348398086,6.593092669949745,1.0121496288414817,1.71156991930079,0.5843096139945971,0.9247492588748877,0.08833785541152847,0.9068345369652138,0.7326383104704081,20.400000000000002,27.84457174632554,1.0,synthetic,SPEC_V1,2026-10-07
OOD00026,7,11,ood,0.569226857237166,0.06607622730805318,0.36469691545478083,7.393092669949745,27.208992334095125,36.56368756506604,6.6000000000000005,3.8846326739472876,26.86705697356717,2.8865093018119587,30.82064049191601,5.865848928614425,231.2764348398086,6.593092669949745,1.0121496288414817,1.71156991930079,0.5843096139945971,0.9247492588748877,0.08833785541152847,0.9068345369652138,0.7475376514613947,21.200000000000003,28.35977553579432,1.0,synthetic,SPEC_V1,2026-10-07
OOD00027,0,11,ood,0.5601756269934473,0.09572140596027638,0.3441029670462764,6.813756026312874,26.493871492677037,31.335208119401923,6.0,3.4921237916255143,24.025546548683295,2.156830858287317,26.077863070715424,17.344781161014698,225.1979076877548,6.013756026312874,0.9298952184956386,2.4143011584366554,0.6248087831888628,0.8606500041962679,0.029253470350060824,0.5048183497883222,0.7324613979452966,1.5,2.0478894917982102,1.0,synthetic,SPEC_V1,2026-10-07
OOD00027,1,11,ood,0.5601756269934473,0.09572140596027638,0.3441029670462764,6.813756026312874,26.493871492677037,31.335208119401923,6.0,3.4921237916255143,24.025546548683295,2.156830858287317,26.077863070715424,17.344781161014698,225.1979076877548,6.013756026312874,0.9298952184956386,2.4143011584366554,0.6248087831888628,0.8606500041962679,0.029253470350060824,0.5048183497883222,0.7264921313603031,1.7000000000000002,2.3400115797770242,1.0,synthetic,SPEC_V1,2026-10-07
OOD00027,2,11,ood,0.5601756269934473,0.09572140596027638,0.3441029670462764,6.813756026312874,26.493871492677037,31.335208119401923,6.0,3.4921237916255143,24.025546548683295,2.156830858287317,26.077863070715424,17.344781161014698,225.1979076877548,6.013756026312874,0.9298952184956386,2.4143011584366554,0.6248087831888628,0.8606500041962679,0.029253470350060824,0.5048183497883222,0.7070343466235354,1.4000000000000001,1.9801018248770288,1.0,synthetic,SPEC_V1,2026-10-07
OOD00027,3,11,ood,0.5601756269934473,0.09572140596027638,0.3441029670462764,6.813756026312874,26.493871492677037,31.335208119401923,6.0,3.4921237916255143,24.025546548683295,2.156830858287317,26.077863070715424,17.344781161014698,225.1979076877548,6.013756026312874,0.9298952184956386,2.4143011584366554,0.6248087831888628,0.8606500041962679,0.029253470350060824,0.5048183497883222,0.740263230889201,1.6,2.1613933169125352,1.0,synthetic,SPEC_V1,2026-10-07
OOD00027,4,11,ood,0.5601756269934473,0.09572140596027638,0.3441029670462764,6.813756026312874,26.493871492677037,31.335208119401923,6.0,3.4921237916255143,24.025546548683295,2.156830858287317,26.077863070715424,17.344781161014698,225.1979076877548,6.013756026312874,0.9298952184956386,2.4143011584366554,0.6248087831888628,0.8606500041962679,0.029253470350060824,0.5048183497883222,0.727840094209584,1.6,2.1982850528969,1.0,synthetic,SPEC_V1,2026-10-07
OOD00027,5,11,ood,0.5601756269934473,0.09572140596027638,0.3441029670462764,6.813756026312874,26.493871492677037,31.335208119401923,6.0,3.4921237916255143,24.025546548683295,2.156830858287317,26.077863070715424,17.344781161014698,225.1979076877548,6.013756026312874,0.9298952184956386,2.4143011584366554,0.6248087831888628,0.8606500041962679,0.029253470350060824,0.5048183497883222,0.7098093447889413,1.6,2.2541264238719667,1.0,synthetic,SPEC_V1,2026-10-07
OOD00027,6,11,ood,0.5601756269934473,0.09572140596027638,0.3441029670462764,6.813756026312874,26.493871492677037,31.335208119401923,6.0,3.4921237916255143,24.025546548683295,2.156830858287317,26.077863070715424,17.344781161014698,225.1979076877548,6.013756026312874,0.9298952184956386,2.4143011584366554,0.6248087831888628,0.8606500041962679,0.029253470350060824,0.5048183497883222,0.7189046293575179,1.6,2.225608146980377,1.0,synthetic,SPEC_V1,2026-10-07
OOD00027,7,11,ood,0.5601756269934473,0.09572140596027638,0.3441029670462764,6.813756026312874,26.493871492677037,31.335208119401923,6.0,3.4921237916255143,24.025546548683295,2.156830858287317,26.077863070715424,17.344781161014698,225.1979076877548,6.013756026312874,0.9298952184956386,2.4143011584366554,0.6248087831888628,0.8606500041962679,0.029253470350060824,0.5048183497883222,0.7337948367846515,1.7000000000000002,2.316723850836938,1.0,synthetic,SPEC_V1,2026-10-07
OOD00028,0,11,ood,0.5044494091717647,0.13283192180865255,0.3627186690195827,6.968495625846951,23.428357760376798,54.01749069114293,6.4,2.365095798209446,28.61300395571881,1.7080367867030501,32.21697475734362,88.49274147862161,199.14104096320276,6.448995189421962,0.8667860799041652,2.962656164397196,0.6571387305820536,0.8039782353053961,0.05724816863370788,0.8056397873952146,0.7411754002680614,35.5,47.89689456390578,0.6493755455312367,synthetic,SPEC_V1,2026-10-07
OOD00028,1,11,ood,0.5044494091717647,0.13283192180865255,0.3627186690195827,6.968495625846951,23.428357760376798,54.01749069114293,6.4,2.365095798209446,28.61300395571881,1.7080367867030501,32.21697475734362,88.49274147862161,199.14104096320276,6.448995189421962,0.8667860799041652,2.962656164397196,0.6571387305820536,0.8039782353053961,0.05724816863370788,0.8056397873952146,0.7279809038170849,37.6,51.64970647286032,0.6493755455312367,synthetic,SPEC_V1,2026-10-07
OOD00028,2,11,ood,0.5044494091717647,0.13283192180865255,0.3627186690195827,6.968495625846951,23.428357760376798,54.01749069114293,6.4,2.365095798209446,28.61300395571881,1.7080367867030501,32.21697475734362,88.49274147862161,199.14104096320276,6.448995189421962,0.8667860799041652,2.962656164397196,0.6571387305820536,0.8039782353053961,0.05724816863370788,0.8056397873952146,0.7122221440271955,39.0,54.75819633952693,0.6493755455312367,synthetic,SPEC_V1,2026-10-07
OOD00028,3,11,ood,0.5044494091717647,0.13283192180865255,0.3627186690195827,6.968495625846951,23.428357760376798,54.01749069114293,6.4,2.365095798209446,28.61300395571881,1.7080367867030501,32.21697475734362,88.49274147862161,199.14104096320276,6.448995189421962,0.8667860799041652,2.962656164397196,0.6571387305820536,0.8039782353053961,0.05724816863370788,0.8056397873952146,0.75,38.7,51.6,0.6493755455312367,synthetic,SPEC_V1,2026-10-07
OOD00028,4,11,ood,0.5044494091717647,0.13283192180865255,0.3627186690195827,6.968495625846951,23.428357760376798,54.01749069114293,6.4,2.365095798209446,28.61300395571881,1.7080367867030501,32.21697475734362,88.49274147862161,199.14104096320276,6.448995189421962,0.8667860799041652,2.962656164397196,0.6571387305820536,0.8039782353053961,0.05724816863370788,0.8056397873952146,0.7330872616991948,36.9,50.33507186371089,0.6493755455312367,synthetic,SPEC_V1,2026-10-07
OOD00028,5,11,ood,0.5044494091717647,0.13283192180865255,0.3627186690195827,6.968495625846951,23.428357760376798,54.01749069114293,6.4,2.365095798209446,28.61300395571881,1.7080367867030501,32.21697475734362,88.49274147862161,199.14104096320276,6.448995189421962,0.8667860799041652,2.962656164397196,0.6571387305820536,0.8039782353053961,0.05724816863370788,0.8056397873952146,0.7326940122261726,37.800000000000004,51.59043116123032,0.6493755455312367,synthetic,SPEC_V1,2026-10-07
OOD00028,6,11,ood,0.5044494091717647,0.13283192180865255,0.3627186690195827,6.968495625846951,23.428357760376798,54.01749069114293,6.4,2.365095798209446,28.61300395571881,1.7080367867030501,32.21697475734362,88.49274147862161,199.14104096320276,6.448995189421962,0.8667860799041652,2.962656164397196,0.6571387305820536,0.8039782353053961,0.05724816863370788,0.8056397873952146,0.711672028879462,34.5,48.477386492652734,0.6493755455312367,synthetic,SPEC_V1,2026-10-07
OOD00028,7,11,ood,0.5044494091717647,0.13283192180865255,0.3627186690195827,6.968495625846951,23.428357760376798,54.01749069114293,6.4,2.365095798209446,28.61300395571881,1.7080367867030501,32.21697475734362,88.49274147862161,199.14104096320276,6.448995189421962,0.8667860799041652,2.962656164397196,0.6571387305820536,0.8039782353053961,0.05724816863370788,0.8056397873952146,0.7230426096595161,33.800000000000004,46.74689921236671,0.6493755455312367,synthetic,SPEC_V1,2026-10-07
OOD00029,0,11,ood,0.5465639079493341,0.08614630196346393,0.367289790087202,7.072507317832223,22.387550314158048,41.65530299007831,6.300000000000001,3.642215672974575,26.54871488622793,1.2876193867041519,30.275465549888533,46.2858452744276,190.2941776703434,6.272507317832223,0.8387173028562858,1.8360316454455872,0.6718151613102098,0.9143783201282765,0.037863272966715475,0.6340363394601864,0.7434724959354607,6.300000000000001,8.47374991602499,1.0,synthetic,SPEC_V1,2026-10-07
OOD00029,1,11,ood,0.5465639079493341,0.08614630196346393,0.367289790087202,7.072507317832223,22.387550314158048,41.65530299007831,6.300000000000001,3.642215672974575,26.54871488622793,1.2876193867041519,30.275465549888533,46.2858452744276,190.2941776703434,6.272507317832223,0.8387173028562858,1.8360316454455872,0.6718151613102098,0.9143783201282765,0.037863272966715475,0.6340363394601864,0.7355335901117033,5.7,7.749476130837693,1.0,synthetic,SPEC_V1,2026-10-07
OOD00029,2,11,ood,0.5465639079493341,0.08614630196346393,0.367289790087202,7.072507317832223,22.387550314158048,41.65530299007831,6.300000000000001,3.642215672974575,26.54871488622793,1.2876193867041519,30.275465549888533,46.2858452744276,190.2941776703434,6.272507317832223,0.8387173028562858,1.8360316454455872,0.6718151613102098,0.9143783201282765,0.037863272966715475,0.6340363394601864,0.741176676230471,5.300000000000001,7.150791666779258,1.0,synthetic,SPEC_V1,2026-10-07
OOD00029,3,11,ood,0.5465639079493341,0.08614630196346393,0.367289790087202,7.072507317832223,22.387550314158048,41.65530299007831,6.300000000000001,3.642215672974575,26.54871488622793,1.2876193867041519,30.275465549888533,46.2858452744276,190.2941776703434,6.272507317832223,0.8387173028562858,1.8360316454455872,0.6718151613102098,0.9143783201282765,0.037863272966715475,0.6340363394601864,0.7299185645789189,5.800000000000001,7.946091908685663,1.0,synthetic,SPEC_V1,2026-10-07
OOD00029,4,11,ood,0.5465639079493341,0.08614630196346393,0.367289790087202,7.072507317832223,22.387550314158048,41.65530299007831,6.300000000000001,3.642215672974575,26.54871488622793,1.2876193867041519,30.275465549888533,46.2858452744276,190.2941776703434,6.272507317832223,0.8387173028562858,1.8360316454455872,0.6718151613102098,0.9143783201282765,0.037863272966715475,0.6340363394601864,0.7486524925411201,5.6000000000000005,7.480105998167659,1.0,synthetic,SPEC_V1,2026-10-07
OOD00029,5,11,ood,0.5465639079493341,0.08614630196346393,0.367289790087202,7.072507317832223,22.387550314158048,41.65530299007831,6.300000000000001,3.642215672974575,26.54871488622793,1.2876193867041519,30.275465549888533,46.2858452744276,190.2941776703434,6.272507317832223,0.8387173028562858,1.8360316454455872,0.6718151613102098,0.9143783201282765,0.037863272966715475,0.6340363394601864,0.729974175855072,5.800000000000001,7.945486555337438,1.0,synthetic,SPEC_V1,2026-10-07
OOD00029,6,11,ood,0.5465639079493341,0.08614630196346393,0.367289790087202,7.072507317832223,22.387550314158048,41.65530299007831,6.300000000000001,3.642215672974575,26.54871488622793,1.2876193867041519,30.275465549888533,46.2858452744276,190.2941776703434,6.272507317832223,0.8387173028562858,1.8360316454455872,0.6718151613102098,0.9143783201282765,0.037863272966715475,0.6340363394601864,0.7484553392147156,5.7,7.615684866354856,1.0,synthetic,SPEC_V1,2026-10-07
OOD00029,7,11,ood,0.5465639079493341,0.08614630196346393,0.367289790087202,7.072507317832223,22.387550314158048,41.65530299007831,6.300000000000001,3.642215672974575,26.54871488622793,1.2876193867041519,30.275465549888533,46.2858452744276,190.2941776703434,6.272507317832223,0.8387173028562858,1.8360316454455872,0.6718151613102098,0.9143783201282765,0.037863272966715475,0.6340363394601864,0.7241439102408253,5.5,7.595175381880779,1.0,synthetic,SPEC_V1,2026-10-07
OOD00030,0,11,ood,0.5355124792589613,0.15111021376037426,0.31337730698066446,7.096539773238538,27.790184208161318,53.45264240895388,6.300000000000001,3.97932124493687,31.748158921381574,2.004484968291586,29.160075822763297,27.179132180895547,236.2165657693712,6.296539773238538,0.8882989349403185,3.9978104036809325,0.6460078738538693,0.6925409184633818,0.044938003515408886,0.7402771311483098,0.7157084657867948,3.5,4.8902593266832035,1.0,synthetic,SPEC_V1,2026-10-07
OOD00030,1,11,ood,0.5355124792589613,0.15111021376037426,0.31337730698066446,7.096539773238538,27.790184208161318,53.45264240895388,6.300000000000001,3.97932124493687,31.748158921381574,2.004484968291586,29.160075822763297,27.179132180895547,236.2165657693712,6.296539773238538,0.8882989349403185,3.9978104036809325,0.6460078738538693,0.6925409184633818,0.044938003515408886,0.7402771311483098,0.7060711739867991,3.1,4.390492225445191,1.0,synthetic,SPEC_V1,2026-10-07
OOD00030,2,11,ood,0.5355124792589613,0.15111021376037426,0.31337730698066446,7.096539773238538,27.790184208161318,53.45264240895388,6.300000000000001,3.97932124493687,31.748158921381574,2.004484968291586,29.160075822763297,27.179132180895547,236.2165657693712,6.296539773238538,0.8882989349403185,3.9978104036809325,0.6460078738538693,0.6925409184633818,0.044938003515408886,0.7402771311483098,0.707742316711219,3.3000000000000003,4.662713987959128,1.0,synthetic,SPEC_V1,2026-10-07
OOD00030,3,11,ood,0.5355124792589613,0.15111021376037426,0.31337730698066446,7.096539773238538,27.790184208161318,53.45264240895388,6.300000000000001,3.97932124493687,31.748158921381574,2.004484968291586,29.160075822763297,27.179132180895547,236.2165657693712,6.296539773238538,0.8882989349403185,3.9978104036809325,0.6460078738538693,0.6925409184633818,0.044938003515408886,0.7402771311483098,0.6987617129767084,3.2,4.579529674526779,1.0,synthetic,SPEC_V1,2026-10-07
OOD00030,4,11,ood,0.5355124792589613,0.15111021376037426,0.31337730698066446,7.096539773238538,27.790184208161318,53.45264240895388,6.300000000000001,3.97932124493687,31.748158921381574,2.004484968291586,29.160075822763297,27.179132180895547,236.2165657693712,6.296539773238538,0.8882989349403185,3.9978104036809325,0.6460078738538693,0.6925409184633818,0.044938003515408886,0.7402771311483098,0.7188315248154152,3.1,4.312554323206723,1.0,synthetic,SPEC_V1,2026-10-07
OOD00030,5,11,ood,0.5355124792589613,0.15111021376037426,0.31337730698066446,7.096539773238538,27.790184208161318,53.45264240895388,6.300000000000001,3.97932124493687,31.748158921381574,2.004484968291586,29.160075822763297,27.179132180895547,236.2165657693712,6.296539773238538,0.8882989349403185,3.9978104036809325,0.6460078738538693,0.6925409184633818,0.044938003515408886,0.7402771311483098,0.7117785741754761,2.9000000000000004,4.074300780069643,1.0,synthetic,SPEC_V1,2026-10-07
OOD00030,6,11,ood,0.5355124792589613,0.15111021376037426,0.31337730698066446,7.096539773238538,27.790184208161318,53.45264240895388,6.300000000000001,3.97932124493687,31.748158921381574,2.004484968291586,29.160075822763297,27.179132180895547,236.2165657693712,6.296539773238538,0.8882989349403185,3.9978104036809325,0.6460078738538693,0.6925409184633818,0.044938003515408886,0.7402771311483098,0.7156397884742092,3.3000000000000003,4.611258419596563,1.0,synthetic,SPEC_V1,2026-10-07
OOD00030,7,11,ood,0.5355124792589613,0.15111021376037426,0.31337730698066446,7.096539773238538,27.790184208161318,53.45264240895388,6.300000000000001,3.97932124493687,31.748158921381574,2.004484968291586,29.160075822763297,27.179132180895547,236.2165657693712,6.296539773238538,0.8882989349403185,3.9978104036809325,0.6460078738538693,0.6925409184633818,0.044938003515408886,0.7402771311483098,0.7000885458532559,3.2,4.570850385932104,1.0,synthetic,SPEC_V1,2026-10-07
OOD00031,0,11,ood,0.5744124059014674,0.1141995766567081,0.31138801744182454,7.462609438459036,25.054745857236885,32.01534399045503,6.9,2.6807137580798983,31.278700008957678,1.3821312708546794,32.69313169740334,42.63841463707346,212.9653397865135,6.890592563043696,0.7957782592793635,2.723901784371246,0.6945573106968672,0.829117865283394,0.09373905971514916,0.9399256184145663,0.7149509904871303,104.9,146.7233438316193,0.7150210942691744,synthetic,SPEC_V1,2026-10-07
OOD00031,1,11,ood,0.5744124059014674,0.1141995766567081,0.31138801744182454,7.462609438459036,25.054745857236885,32.01534399045503,6.9,2.6807137580798983,31.278700008957678,1.3821312708546794,32.69313169740334,42.63841463707346,212.9653397865135,6.890592563043696,0.7957782592793635,2.723901784371246,0.6945573106968672,0.829117865283394,0.09373905971514916,0.9399256184145663,0.6986930769501588,100.60000000000001,143.9831069160233,0.7150210942691744,synthetic,SPEC_V1,2026-10-07
OOD00031,2,11,ood,0.5744124059014674,0.1141995766567081,0.31138801744182454,7.462609438459036,25.054745857236885,32.01534399045503,6.9,2.6807137580798983,31.278700008957678,1.3821312708546794,32.69313169740334,42.63841463707346,212.9653397865135,6.890592563043696,0.7957782592793635,2.723901784371246,0.6945573106968672,0.829117865283394,0.09373905971514916,0.9399256184145663,0.6990346109360015,99.9,142.91137868872437,0.7150210942691744,synthetic,SPEC_V1,2026-10-07
OOD00031,3,11,ood,0.5744124059014674,0.1141995766567081,0.31138801744182454,7.462609438459036,25.054745857236885,32.01534399045503,6.9,2.6807137580798983,31.278700008957678,1.3821312708546794,32.69313169740334,42.63841463707346,212.9653397865135,6.890592563043696,0.7957782592793635,2.723901784371246,0.6945573106968672,0.829117865283394,0.09373905971514916,0.9399256184145663,0.7003963581460171,93.9,134.06694496321745,0.7150210942691744,synthetic,SPEC_V1,2026-10-07
OOD00031,4,11,ood,0.5744124059014674,0.1141995766567081,0.31138801744182454,7.462609438459036,25.054745857236885,32.01534399045503,6.9,2.6807137580798983,31.278700008957678,1.3821312708546794,32.69313169740334,42.63841463707346,212.9653397865135,6.890592563043696,0.7957782592793635,2.723901784371246,0.6945573106968672,0.829117865283394,0.09373905971514916,0.9399256184145663,0.6936364929098837,100.2,144.45606744196755,0.7150210942691744,synthetic,SPEC_V1,2026-10-07
OOD00031,5,11,ood,0.5744124059014674,0.1141995766567081,0.31138801744182454,7.462609438459036,25.054745857236885,32.01534399045503,6.9,2.6807137580798983,31.278700008957678,1.3821312708546794,32.69313169740334,42.63841463707346,212.9653397865135,6.890592563043696,0.7957782592793635,2.723901784371246,0.6945573106968672,0.829117865283394,0.09373905971514916,0.9399256184145663,0.7132371561299019,113.2,158.7129877167853,0.7150210942691744,synthetic,SPEC_V1,2026-10-07
OOD00031,6,11,ood,0.5744124059014674,0.1141995766567081,0.31138801744182454,7.462609438459036,25.054745857236885,32.01534399045503,6.9,2.6807137580798983,31.278700008957678,1.3821312708546794,32.69313169740334,42.63841463707346,212.9653397865135,6.890592563043696,0.7957782592793635,2.723901784371246,0.6945573106968672,0.829117865283394,0.09373905971514916,0.9399256184145663,0.7025862578935058,100.7,143.32759695858377,0.7150210942691744,synthetic,SPEC_V1,2026-10-07
OOD00031,7,11,ood,0.5744124059014674,0.1141995766567081,0.31138801744182454,7.462609438459036,25.054745857236885,32.01534399045503,6.9,2.6807137580798983,31.278700008957678,1.3821312708546794,32.69313169740334,42.63841463707346,212.9653397865135,6.890592563043696,0.7957782592793635,2.723901784371246,0.6945573106968672,0.829117865283394,0.09373905971514916,0.9399256184145663,0.7113006941995318,95.4,134.1204933131117,0.7150210942691744,synthetic,SPEC_V1,2026-10-07
OOD00032,0,11,ood,0.5620510691691794,0.08590903258612068,0.3520398982446999,7.363192690111254,22.57691829981075,39.50649979585883,6.6000000000000005,3.2898559711357525,34.11012424246894,1.2430042163710944,27.167855427169144,51.35894651928908,191.90380554839138,6.563192690111254,0.8106935541363166,1.8464622718368198,0.6866219218429952,0.9134871137767254,0.0866379809983627,0.9256624766581296,0.7346330660639983,53.900000000000006,73.36996180798708,1.0,synthetic,SPEC_V1,2026-10-07
OOD00032,1,11,ood,0.5620510691691794,0.08590903258612068,0.3520398982446999,7.363192690111254,22.57691829981075,39.50649979585883,6.6000000000000005,3.2898559711357525,34.11012424246894,1.2430042163710944,27.167855427169144,51.35894651928908,191.90380554839138,6.563192690111254,0.8106935541363166,1.8464622718368198,0.6866219218429952,0.9134871137767254,0.0866379809983627,0.9256624766581296,0.7187635900565019,59.5,82.78104347957124,1.0,synthetic,SPEC_V1,2026-10-07
OOD00032,2,11,ood,0.5620510691691794,0.08590903258612068,0.3520398982446999,7.363192690111254,22.57691829981075,39.50649979585883,6.6000000000000005,3.2898559711357525,34.11012424246894,1.2430042163710944,27.167855427169144,51.35894651928908,191.90380554839138,6.563192690111254,0.8106935541363166,1.8464622718368198,0.6866219218429952,0.9134871137767254,0.0866379809983627,0.9256624766581296,0.7312614618399498,52.900000000000006,72.34074645051945,1.0,synthetic,SPEC_V1,2026-10-07
OOD00032,3,11,ood,0.5620510691691794,0.08590903258612068,0.3520398982446999,7.363192690111254,22.57691829981075,39.50649979585883,6.6000000000000005,3.2898559711357525,34.11012424246894,1.2430042163710944,27.167855427169144,51.35894651928908,191.90380554839138,6.563192690111254,0.8106935541363166,1.8464622718368198,0.6866219218429952,0.9134871137767254,0.0866379809983627,0.9256624766581296,0.7460208275067668,54.1,72.51808261279312,1.0,synthetic,SPEC_V1,2026-10-07
OOD00032,4,11,ood,0.5620510691691794,0.08590903258612068,0.3520398982446999,7.363192690111254,22.57691829981075,39.50649979585883,6.6000000000000005,3.2898559711357525,34.11012424246894,1.2430042163710944,27.167855427169144,51.35894651928908,191.90380554839138,6.563192690111254,0.8106935541363166,1.8464622718368198,0.6866219218429952,0.9134871137767254,0.0866379809983627,0.9256624766581296,0.7294366822777146,55.6,76.22320257652152,1.0,synthetic,SPEC_V1,2026-10-07
OOD00032,5,11,ood,0.5620510691691794,0.08590903258612068,0.3520398982446999,7.363192690111254,22.57691829981075,39.50649979585883,6.6000000000000005,3.2898559711357525,34.11012424246894,1.2430042163710944,27.167855427169144,51.35894651928908,191.90380554839138,6.563192690111254,0.8106935541363166,1.8464622718368198,0.6866219218429952,0.9134871137767254,0.0866379809983627,0.9256624766581296,0.7277205358373006,51.5,70.76892497027741,1.0,synthetic,SPEC_V1,2026-10-07
OOD00032,6,11,ood,0.5620510691691794,0.08590903258612068,0.3520398982446999,7.363192690111254,22.57691829981075,39.50649979585883,6.6000000000000005,3.2898559711357525,34.11012424246894,1.2430042163710944,27.167855427169144,51.35894651928908,191.90380554839138,6.563192690111254,0.8106935541363166,1.8464622718368198,0.6866219218429952,0.9134871137767254,0.0866379809983627,0.9256624766581296,0.7220880787512984,52.900000000000006,73.25976090268598,1.0,synthetic,SPEC_V1,2026-10-07
OOD00032,7,11,ood,0.5620510691691794,0.08590903258612068,0.3520398982446999,7.363192690111254,22.57691829981075,39.50649979585883,6.6000000000000005,3.2898559711357525,34.11012424246894,1.2430042163710944,27.167855427169144,51.35894651928908,191.90380554839138,6.563192690111254,0.8106935541363166,1.8464622718368198,0.6866219218429952,0.9134871137767254,0.0866379809983627,0.9256624766581296,0.734665579180242,56.0,76.2251582039357,1.0,synthetic,SPEC_V1,2026-10-07
OOD00033,0,11,ood,0.5243486937079516,0.14438426412303335,0.33126704216901504,6.839103941621831,25.393011485382125,42.17316434759904,6.5,2.170932017374277,21.985179472662864,2.7088896139879424,28.422641157183456,61.40323496562477,215.84059762574807,6.454293709750565,0.8580105162656891,3.49036641587977,0.6617093467120269,0.747156792623803,0.04468642190475312,0.6256031715995147,0.7322678795770236,36.5,49.84514686221567,0.48101278983908213,synthetic,SPEC_V1,2026-10-07
OOD00033,1,11,ood,0.5243486937079516,0.14438426412303335,0.33126704216901504,6.839103941621831,25.393011485382125,42.17316434759904,6.5,2.170932017374277,21.985179472662864,2.7088896139879424,28.422641157183456,61.40323496562477,215.84059762574807,6.454293709750565,0.8580105162656891,3.49036641587977,0.6617093467120269,0.747156792623803,0.04468642190475312,0.6256031715995147,0.7171395607823065,30.1,41.97230448026713,0.48101278983908213,synthetic,SPEC_V1,2026-10-07
OOD00033,2,11,ood,0.5243486937079516,0.14438426412303335,0.33126704216901504,6.839103941621831,25.393011485382125,42.17316434759904,6.5,2.170932017374277,21.985179472662864,2.7088896139879424,28.422641157183456,61.40323496562477,215.84059762574807,6.454293709750565,0.8580105162656891,3.49036641587977,0.6617093467120269,0.747156792623803,0.04468642190475312,0.6256031715995147,0.7151596803238919,32.1,44.88508074932592,0.48101278983908213,synthetic,SPEC_V1,2026-10-07
OOD00033,3,11,ood,0.5243486937079516,0.14438426412303335,0.33126704216901504,6.839103941621831,25.393011485382125,42.17316434759904,6.5,2.170932017374277,21.985179472662864,2.7088896139879424,28.422641157183456,61.40323496562477,215.84059762574807,6.454293709750565,0.8580105162656891,3.49036641587977,0.6617093467120269,0.747156792623803,0.04468642190475312,0.6256031715995147,0.7300261724677708,29.700000000000003,40.683472894680634,0.48101278983908213,synthetic,SPEC_V1,2026-10-07
OOD00033,4,11,ood,0.5243486937079516,0.14438426412303335,0.33126704216901504,6.839103941621831,25.393011485382125,42.17316434759904,6.5,2.170932017374277,21.985179472662864,2.7088896139879424,28.422641157183456,61.40323496562477,215.84059762574807,6.454293709750565,0.8580105162656891,3.49036641587977,0.6617093467120269,0.747156792623803,0.04468642190475312,0.6256031715995147,0.7233599158260028,31.1,42.9938116829255,0.48101278983908213,synthetic,SPEC_V1,2026-10-07
OOD00033,5,11,ood,0.5243486937079516,0.14438426412303335,0.33126704216901504,6.839103941621831,25.393011485382125,42.17316434759904,6.5,2.170932017374277,21.985179472662864,2.7088896139879424,28.422641157183456,61.40323496562477,215.84059762574807,6.454293709750565,0.8580105162656891,3.49036641587977,0.6617093467120269,0.747156792623803,0.04468642190475312,0.6256031715995147,0.7055401873758763,34.0,48.19002603729291,0.48101278983908213,synthetic,SPEC_V1,2026-10-07
OOD00033,6,11,ood,0.5243486937079516,0.14438426412303335,0.33126704216901504,6.839103941621831,25.393011485382125,42.17316434759904,6.5,2.170932017374277,21.985179472662864,2.7088896139879424,28.422641157183456,61.40323496562477,215.84059762574807,6.454293709750565,0.8580105162656891,3.49036641587977,0.6617093467120269,0.747156792623803,0.04468642190475312,0.6256031715995147,0.7090416032590121,31.5,44.426166046131264,0.48101278983908213,synthetic,SPEC_V1,2026-10-07
OOD00033,7,11,ood,0.5243486937079516,0.14438426412303335,0.33126704216901504,6.839103941621831,25.393011485382125,42.17316434759904,6.5,2.170932017374277,21.985179472662864,2.7088896139879424,28.422641157183456,61.40323496562477,215.84059762574807,6.454293709750565,0.8580105162656891,3.49036641587977,0.6617093467120269,0.747156792623803,0.04468642190475312,0.6256031715995147,0.712517772922986,32.300000000000004,45.332202546323316,0.48101278983908213,synthetic,SPEC_V1,2026-10-07
OOD00034,0,11,ood,0.5698049138319011,0.1193682785163396,0.3108268076517593,7.0171301552728025,25.614480410595274,50.24076704011448,6.6000000000000005,2.2862008387701738,33.30057043586835,2.5379867623492007,28.67284472848672,46.57449493035883,217.72308349005985,6.639662335843817,0.8120900519197531,2.9107937229815053,0.685880774314312,0.8094850038602098,0.06453119685770113,0.855710835445059,0.6992294810068538,66.5,95.10468566663334,0.4718347742862321,synthetic,SPEC_V1,2026-10-07
OOD00034,1,11,ood,0.5698049138319011,0.1193682785163396,0.3108268076517593,7.0171301552728025,25.614480410595274,50.24076704011448,6.6000000000000005,2.2862008387701738,33.30057043586835,2.5379867623492007,28.67284472848672,46.57449493035883,217.72308349005985,6.639662335843817,0.8120900519197531,2.9107937229815053,0.685880774314312,0.8094850038602098,0.06453119685770113,0.855710835445059,0.6776921149878118,74.0,109.19412866612869,0.4718347742862321,synthetic,SPEC_V1,2026-10-07
OOD00034,2,11,ood,0.5698049138319011,0.1193682785163396,0.3108268076517593,7.0171301552728025,25.614480410595274,50.24076704011448,6.6000000000000005,2.2862008387701738,33.30057043586835,2.5379867623492007,28.67284472848672,46.57449493035883,217.72308349005985,6.639662335843817,0.8120900519197531,2.9107937229815053,0.685880774314312,0.8094850038602098,0.06453119685770113,0.855710835445059,0.7123786563300091,68.3,95.87597746381674,0.4718347742862321,synthetic,SPEC_V1,2026-10-07
OOD00034,3,11,ood,0.5698049138319011,0.1193682785163396,0.3108268076517593,7.0171301552728025,25.614480410595274,50.24076704011448,6.6000000000000005,2.2862008387701738,33.30057043586835,2.5379867623492007,28.67284472848672,46.57449493035883,217.72308349005985,6.639662335843817,0.8120900519197531,2.9107937229815053,0.685880774314312,0.8094850038602098,0.06453119685770113,0.855710835445059,0.6973387444136853,62.1,89.05284626370933,0.4718347742862321,synthetic,SPEC_V1,2026-10-07
OOD00034,4,11,ood,0.5698049138319011,0.1193682785163396,0.3108268076517593,7.0171301552728025,25.614480410595274,50.24076704011448,6.6000000000000005,2.2862008387701738,33.30057043586835,2.5379867623492007,28.67284472848672,46.57449493035883,217.72308349005985,6.639662335843817,0.8120900519197531,2.9107937229815053,0.685880774314312,0.8094850038602098,0.06453119685770113,0.855710835445059,0.6961123805709056,65.9,94.66862225026533,0.4718347742862321,synthetic,SPEC_V1,2026-10-07
OOD00034,5,11,ood,0.5698049138319011,0.1193682785163396,0.3108268076517593,7.0171301552728025,25.614480410595274,50.24076704011448,6.6000000000000005,2.2862008387701738,33.30057043586835,2.5379867623492007,28.67284472848672,46.57449493035883,217.72308349005985,6.639662335843817,0.8120900519197531,2.9107937229815053,0.685880774314312,0.8094850038602098,0.06453119685770113,0.855710835445059,0.6975527181468196,71.60000000000001,102.64457171096532,0.4718347742862321,synthetic,SPEC_V1,2026-10-07
OOD00034,6,11,ood,0.5698049138319011,0.1193682785163396,0.3108268076517593,7.0171301552728025,25.614480410595274,50.24076704011448,6.6000000000000005,2.2862008387701738,33.30057043586835,2.5379867623492007,28.67284472848672,46.57449493035883,217.72308349005985,6.639662335843817,0.8120900519197531,2.9107937229815053,0.685880774314312,0.8094850038602098,0.06453119685770113,0.855710835445059,0.7027653649395366,69.0,98.18355235240786,0.4718347742862321,synthetic,SPEC_V1,2026-10-07
OOD00034,7,11,ood,0.5698049138319011,0.1193682785163396,0.3108268076517593,7.0171301552728025,25.614480410595274,50.24076704011448,6.6000000000000005,2.2862008387701738,33.30057043586835,2.5379867623492007,28.67284472848672,46.57449493035883,217.72308349005985,6.639662335843817,0.8120900519197531,2.9107937229815053,0.685880774314312,0.8094850038602098,0.06453119685770113,0.855710835445059,0.7107513520006947,66.4,93.42226337395009,0.4718347742862321,synthetic,SPEC_V1,2026-10-07
OOD00035,0,11,ood,0.5720902491979658,0.07039079995034546,0.35751895085168867,6.540975733226936,22.137853500333836,38.908447123674044,5.7,3.3048047814330204,34.323286265177586,1.7648698833467873,29.554088900848463,73.83217789586487,188.17175475283761,5.740975733226936,0.8072996200698692,1.4835027586525955,0.6884244894834118,0.9423891237332545,0.008273516495595904,0.21980040020996006,0.75,0.30000000000000004,0.4000000000000001,1.0,synthetic,SPEC_V1,2026-10-07
OOD00035,1,11,ood,0.5720902491979658,0.07039079995034546,0.35751895085168867,6.540975733226936,22.137853500333836,38.908447123674044,5.7,3.3048047814330204,34.323286265177586,1.7648698833467873,29.554088900848463,73.83217789586487,188.17175475283761,5.740975733226936,0.8072996200698692,1.4835027586525955,0.6884244894834118,0.9423891237332545,0.008273516495595904,0.21980040020996006,0.7341709089986067,0.30000000000000004,0.40862419951941925,1.0,synthetic,SPEC_V1,2026-10-07
OOD00035,2,11,ood,0.5720902491979658,0.07039079995034546,0.35751895085168867,6.540975733226936,22.137853500333836,38.908447123674044,5.7,3.3048047814330204,34.323286265177586,1.7648698833467873,29.554088900848463,73.83217789586487,188.17175475283761,5.740975733226936,0.8072996200698692,1.4835027586525955,0.6884244894834118,0.9423891237332545,0.008273516495595904,0.21980040020996006,0.7213728731466154,0.30000000000000004,0.4158736919110993,1.0,synthetic,SPEC_V1,2026-10-07
OOD00035,3,11,ood,0.5720902491979658,0.07039079995034546,0.35751895085168867,6.540975733226936,22.137853500333836,38.908447123674044,5.7,3.3048047814330204,34.323286265177586,1.7648698833467873,29.554088900848463,73.83217789586487,188.17175475283761,5.740975733226936,0.8072996200698692,1.4835027586525955,0.6884244894834118,0.9423891237332545,0.008273516495595904,0.21980040020996006,0.7333675499008433,0.30000000000000004,0.40907182222687966,1.0,synthetic,SPEC_V1,2026-10-07
OOD00035,4,11,ood,0.5720902491979658,0.07039079995034546,0.35751895085168867,6.540975733226936,22.137853500333836,38.908447123674044,5.7,3.3048047814330204,34.323286265177586,1.7648698833467873,29.554088900848463,73.83217789586487,188.17175475283761,5.740975733226936,0.8072996200698692,1.4835027586525955,0.6884244894834118,0.9423891237332545,0.008273516495595904,0.21980040020996006,0.7277371026527711,0.30000000000000004,0.4122367801592501,1.0,synthetic,SPEC_V1,2026-10-07
OOD00035,5,11,ood,0.5720902491979658,0.07039079995034546,0.35751895085168867,6.540975733226936,22.137853500333836,38.908447123674044,5.7,3.3048047814330204,34.323286265177586,1.7648698833467873,29.554088900848463,73.83217789586487,188.17175475283761,5.740975733226936,0.8072996200698692,1.4835027586525955,0.6884244894834118,0.9423891237332545,0.008273516495595904,0.21980040020996006,0.7314977130490804,0.30000000000000004,0.41011748177519086,1.0,synthetic,SPEC_V1,2026-10-07
OOD00035,6,11,ood,0.5720902491979658,0.07039079995034546,0.35751895085168867,6.540975733226936,22.137853500333836,38.908447123674044,5.7,3.3048047814330204,34.323286265177586,1.7648698833467873,29.554088900848463,73.83217789586487,188.17175475283761,5.740975733226936,0.8072996200698692,1.4835027586525955,0.6884244894834118,0.9423891237332545,0.008273516495595904,0.21980040020996006,0.7253357148997432,0.30000000000000004,0.4136015831530733,1.0,synthetic,SPEC_V1,2026-10-07
OOD00035,7,11,ood,0.5720902491979658,0.07039079995034546,0.35751895085168867,6.540975733226936,22.137853500333836,38.908447123674044,5.7,3.3048047814330204,34.323286265177586,1.7648698833467873,29.554088900848463,73.83217789586487,188.17175475283761,5.740975733226936,0.8072996200698692,1.4835027586525955,0.6884244894834118,0.9423891237332545,0.008273516495595904,0.21980040020996006,0.7402101166102708,0.30000000000000004,0.40529032671672266,1.0,synthetic,SPEC_V1,2026-10-07
OOD00036,0,11,ood,0.5924212026899399,0.054530283040877175,0.35304851426918293,7.410090444911265,22.48076999169939,37.30824887168838,6.7,3.0890479577762413,26.391870445442976,2.299167146092759,32.83673841300545,23.779271195396507,191.08654492944478,6.682081459828175,0.8095538494100635,1.167040378594263,0.6872270245360129,0.963546280818969,0.09655959260569562,0.9217923850515424,0.731248809379538,77.10000000000001,105.43606910679155,0.9100112313538622,synthetic,SPEC_V1,2026-10-07
OOD00036,1,11,ood,0.5924212026899399,0.054530283040877175,0.35304851426918293,7.410090444911265,22.48076999169939,37.30824887168838,6.7,3.0890479577762413,26.391870445442976,2.299167146092759,32.83673841300545,23.779271195396507,191.08654492944478,6.682081459828175,0.8095538494100635,1.167040378594263,0.6872270245360129,0.963546280818969,0.09655959260569562,0.9217923850515424,0.7297120845146279,94.7,129.777212149351,0.9100112313538622,synthetic,SPEC_V1,2026-10-07
OOD00036,2,11,ood,0.5924212026899399,0.054530283040877175,0.35304851426918293,7.410090444911265,22.48076999169939,37.30824887168838,6.7,3.0890479577762413,26.391870445442976,2.299167146092759,32.83673841300545,23.779271195396507,191.08654492944478,6.682081459828175,0.8095538494100635,1.167040378594263,0.6872270245360129,0.963546280818969,0.09655959260569562,0.9217923850515424,0.7219297923935731,82.5,114.27704032890726,0.9100112313538622,synthetic,SPEC_V1,2026-10-07
OOD00036,3,11,ood,0.5924212026899399,0.054530283040877175,0.35304851426918293,7.410090444911265,22.48076999169939,37.30824887168838,6.7,3.0890479577762413,26.391870445442976,2.299167146092759,32.83673841300545,23.779271195396507,191.08654492944478,6.682081459828175,0.8095538494100635,1.167040378594263,0.6872270245360129,0.963546280818969,0.09655959260569562,0.9217923850515424,0.7369487236554132,78.0,105.8418279267849,0.9100112313538622,synthetic,SPEC_V1,2026-10-07
OOD00036,4,11,ood,0.5924212026899399,0.054530283040877175,0.35304851426918293,7.410090444911265,22.48076999169939,37.30824887168838,6.7,3.0890479577762413,26.391870445442976,2.299167146092759,32.83673841300545,23.779271195396507,191.08654492944478,6.682081459828175,0.8095538494100635,1.167040378594263,0.6872270245360129,0.963546280818969,0.09655959260569562,0.9217923850515424,0.721661161716279,86.10000000000001,119.30806944804134,0.9100112313538622,synthetic,SPEC_V1,2026-10-07
OOD00036,5,11,ood,0.5924212026899399,0.054530283040877175,0.35304851426918293,7.410090444911265,22.48076999169939,37.30824887168838,6.7,3.0890479577762413,26.391870445442976,2.299167146092759,32.83673841300545,23.779271195396507,191.08654492944478,6.682081459828175,0.8095538494100635,1.167040378594263,0.6872270245360129,0.963546280818969,0.09655959260569562,0.9217923850515424,0.7205178351207504,86.30000000000001,119.77496710478671,0.9100112313538622,synthetic,SPEC_V1,2026-10-07
OOD00036,6,11,ood,0.5924212026899399,0.054530283040877175,0.35304851426918293,7.410090444911265,22.48076999169939,37.30824887168838,6.7,3.0890479577762413,26.391870445442976,2.299167146092759,32.83673841300545,23.779271195396507,191.08654492944478,6.682081459828175,0.8095538494100635,1.167040378594263,0.6872270245360129,0.963546280818969,0.09655959260569562,0.9217923850515424,0.7301307093133228,79.0,108.19980449021017,0.9100112313538622,synthetic,SPEC_V1,2026-10-07
OOD00036,7,11,ood,0.5924212026899399,0.054530283040877175,0.35304851426918293,7.410090444911265,22.48076999169939,37.30824887168838,6.7,3.0890479577762413,26.391870445442976,2.299167146092759,32.83673841300545,23.779271195396507,191.08654492944478,6.682081459828175,0.8095538494100635,1.167040378594263,0.6872270245360129,0.963546280818969,0.09655959260569562,0.9217923850515424,0.7294953646372471,80.0,109.66485035827642,0.9100112313538622,synthetic,SPEC_V1,2026-10-07
OOD00037,0,11,ood,0.5538621751214665,0.11036718820789548,0.335770636670638,6.866196561186945,22.03061366644202,39.723703440604595,6.4,2.506818217996239,34.602235656782376,1.8614004093088834,28.10648098296238,82.75050026120928,187.26021616475717,6.351477650980217,0.7545177840566618,2.314746954386378,0.7166685353327222,0.8704471556511947,0.07697571437011258,0.9006664034288657,0.7238532131397355,108.5,149.89226825336303,0.6433986377584102,synthetic,SPEC_V1,2026-10-07
OOD00037,1,11,ood,0.5538621751214665,0.11036718820789548,0.335770636670638,6.866196561186945,22.03061366644202,39.723703440604595,6.4,2.506818217996239,34.602235656782376,1.8614004093088834,28.10648098296238,82.75050026120928,187.26021616475717,6.351477650980217,0.7545177840566618,2.314746954386378,0.7166685353327222,0.8704471556511947,0.07697571437011258,0.9006664034288657,0.6854328322585175,104.4,152.31251712293897,0.6433986377584102,synthetic,SPEC_V1,2026-10-07
OOD00037,2,11,ood,0.5538621751214665,0.11036718820789548,0.335770636670638,6.866196561186945,22.03061366644202,39.723703440604595,6.4,2.506818217996239,34.602235656782376,1.8614004093088834,28.10648098296238,82.75050026120928,187.26021616475717,6.351477650980217,0.7545177840566618,2.314746954386378,0.7166685353327222,0.8704471556511947,0.07697571437011258,0.9006664034288657,0.7062303190934061,111.10000000000001,157.31411834969083,0.6433986377584102,synthetic,SPEC_V1,2026-10-07
OOD00037,3,11,ood,0.5538621751214665,0.11036718820789548,0.335770636670638,6.866196561186945,22.03061366644202,39.723703440604595,6.4,2.506818217996239,34.602235656782376,1.8614004093088834,28.10648098296238,82.75050026120928,187.26021616475717,6.351477650980217,0.7545177840566618,2.314746954386378,0.7166685353327222,0.8704471556511947,0.07697571437011258,0.9006664034288657,0.7254387807887877,111.30000000000001,153.42438665738376,0.6433986377584102,synthetic,SPEC_V1,2026-10-07
OOD00037,4,11,ood,0.5538621751214665,0.11036718820789548,0.335770636670638,6.866196561186945,22.03061366644202,39.723703440604595,6.4,2.506818217996239,34.602235656782376,1.8614004093088834,28.10648098296238,82.75050026120928,187.26021616475717,6.351477650980217,0.7545177840566618,2.314746954386378,0.7166685353327222,0.8704471556511947,0.07697571437011258,0.9006664034288657,0.7138175675517378,115.0,161.10558947775513,0.6433986377584102,synthetic,SPEC_V1,2026-10-07
OOD00037,5,11,ood,0.5538621751214665,0.11036718820789548,0.335770636670638,6.866196561186945,22.03061366644202,39.723703440604595,6.4,2.506818217996239,34.602235656782376,1.8614004093088834,28.10648098296238,82.75050026120928,187.26021616475717,6.351477650980217,0.7545177840566618,2.314746954386378,0.7166685353327222,0.8704471556511947,0.07697571437011258,0.9006664034288657,0.7020894318033605,114.7,163.369500813288,0.6433986377584102,synthetic,SPEC_V1,2026-10-07
OOD00037,6,11,ood,0.5538621751214665,0.11036718820789548,0.335770636670638,6.866196561186945,22.03061366644202,39.723703440604595,6.4,2.506818217996239,34.602235656782376,1.8614004093088834,28.10648098296238,82.75050026120928,187.26021616475717,6.351477650980217,0.7545177840566618,2.314746954386378,0.7166685353327222,0.8704471556511947,0.07697571437011258,0.9006664034288657,0.717718712261454,111.7,155.63200191345908,0.6433986377584102,synthetic,SPEC_V1,2026-10-07
OOD00037,7,11,ood,0.5538621751214665,0.11036718820789548,0.335770636670638,6.866196561186945,22.03061366644202,39.723703440604595,6.4,2.506818217996239,34.602235656782376,1.8614004093088834,28.10648098296238,82.75050026120928,187.26021616475717,6.351477650980217,0.7545177840566618,2.314746954386378,0.7166685353327222,0.8704471556511947,0.07697571437011258,0.9006664034288657,0.7035890253896158,114.60000000000001,162.87917500779622,0.6433986377584102,synthetic,SPEC_V1,2026-10-07
OOD00038,0,11,ood,0.4775469068048713,0.1668447051569582,0.3556083880381705,7.210969230991019,27.922664992881188,51.24498587376169,6.4,3.245029798008612,20.895782693416564,2.7560371260328504,32.56624482626033,69.85385143355914,237.34265243949008,6.410969230991019,1.0128124565605299,4.435128865152959,0.5839915572081515,0.6466635889192451,0.03950871355764967,0.5620127562976716,0.7173828555347231,3.5,4.878845337600337,1.0,synthetic,SPEC_V1,2026-10-07
OOD00038,1,11,ood,0.4775469068048713,0.1668447051569582,0.3556083880381705,7.210969230991019,27.922664992881188,51.24498587376169,6.4,3.245029798008612,20.895782693416564,2.7560371260328504,32.56624482626033,69.85385143355914,237.34265243949008,6.410969230991019,1.0128124565605299,4.435128865152959,0.5839915572081515,0.6466635889192451,0.03950871355764967,0.5620127562976716,0.7377718671237078,3.1,4.201840891664414,1.0,synthetic,SPEC_V1,2026-10-07
OOD00038,2,11,ood,0.4775469068048713,0.1668447051569582,0.3556083880381705,7.210969230991019,27.922664992881188,51.24498587376169,6.4,3.245029798008612,20.895782693416564,2.7560371260328504,32.56624482626033,69.85385143355914,237.34265243949008,6.410969230991019,1.0128124565605299,4.435128865152959,0.5839915572081515,0.6466635889192451,0.03950871355764967,0.5620127562976716,0.7360752949536236,3.1,4.21152567033963,1.0,synthetic,SPEC_V1,2026-10-07
OOD00038,3,11,ood,0.4775469068048713,0.1668447051569582,0.3556083880381705,7.210969230991019,27.922664992881188,51.24498587376169,6.4,3.245029798008612,20.895782693416564,2.7560371260328504,32.56624482626033,69.85385143355914,237.34265243949008,6.410969230991019,1.0128124565605299,4.435128865152959,0.5839915572081515,0.6466635889192451,0.03950871355764967,0.5620127562976716,0.7388692305959391,3.2,4.330942293291902,1.0,synthetic,SPEC_V1,2026-10-07
OOD00038,4,11,ood,0.4775469068048713,0.1668447051569582,0.3556083880381705,7.210969230991019,27.922664992881188,51.24498587376169,6.4,3.245029798008612,20.895782693416564,2.7560371260328504,32.56624482626033,69.85385143355914,237.34265243949008,6.410969230991019,1.0128124565605299,4.435128865152959,0.5839915572081515,0.6466635889192451,0.03950871355764967,0.5620127562976716,0.7208799891217071,3.0,4.161580353555224,1.0,synthetic,SPEC_V1,2026-10-07
OOD00038,5,11,ood,0.4775469068048713,0.1668447051569582,0.3556083880381705,7.210969230991019,27.922664992881188,51.24498587376169,6.4,3.245029798008612,20.895782693416564,2.7560371260328504,32.56624482626033,69.85385143355914,237.34265243949008,6.410969230991019,1.0128124565605299,4.435128865152959,0.5839915572081515,0.6466635889192451,0.03950871355764967,0.5620127562976716,0.7456666125962035,2.8000000000000003,3.755029329060584,1.0,synthetic,SPEC_V1,2026-10-07
OOD00038,6,11,ood,0.4775469068048713,0.1668447051569582,0.3556083880381705,7.210969230991019,27.922664992881188,51.24498587376169,6.4,3.245029798008612,20.895782693416564,2.7560371260328504,32.56624482626033,69.85385143355914,237.34265243949008,6.410969230991019,1.0128124565605299,4.435128865152959,0.5839915572081515,0.6466635889192451,0.03950871355764967,0.5620127562976716,0.7308151555097427,2.9000000000000004,3.9681716753359524,1.0,synthetic,SPEC_V1,2026-10-07
OOD00038,7,11,ood,0.4775469068048713,0.1668447051569582,0.3556083880381705,7.210969230991019,27.922664992881188,51.24498587376169,6.4,3.245029798008612,20.895782693416564,2.7560371260328504,32.56624482626033,69.85385143355914,237.34265243949008,6.410969230991019,1.0128124565605299,4.435128865152959,0.5839915572081515,0.6466635889192451,0.03950871355764967,0.5620127562976716,0.7123113160119166,2.9000000000000004,4.07125358647466,1.0,synthetic,SPEC_V1,2026-10-07
OOD00039,0,11,ood,0.5513843059925536,0.12882076973602533,0.3197949242714211,6.956114525219487,24.670533865060353,40.2432421697099,6.2,3.025211868632496,21.489863053064095,2.3841919778025176,31.77098852760406,29.383930424688476,209.69953785301303,6.160794449453658,0.8047301739294757,3.025529458505559,0.689790404093889,0.7972745876151726,0.03659490508549166,0.5445273002325365,0.6908938304534326,3.9000000000000004,5.644861522993246,0.9941500947072852,synthetic,SPEC_V1,2026-10-07
OOD00039,1,11,ood,0.5513843059925536,0.12882076973602533,0.3197949242714211,6.956114525219487,24.670533865060353,40.2432421697099,6.2,3.025211868632496,21.489863053064095,2.3841919778025176,31.77098852760406,29.383930424688476,209.69953785301303,6.160794449453658,0.8047301739294757,3.025529458505559,0.689790404093889,0.7972745876151726,0.03659490508549166,0.5445273002325365,0.6959130536559948,3.8000000000000003,5.460452250516951,0.9941500947072852,synthetic,SPEC_V1,2026-10-07
OOD00039,2,11,ood,0.5513843059925536,0.12882076973602533,0.3197949242714211,6.956114525219487,24.670533865060353,40.2432421697099,6.2,3.025211868632496,21.489863053064095,2.3841919778025176,31.77098852760406,29.383930424688476,209.69953785301303,6.160794449453658,0.8047301739294757,3.025529458505559,0.689790404093889,0.7972745876151726,0.03659490508549166,0.5445273002325365,0.7025457969967577,3.7,5.26656057984655,0.9941500947072852,synthetic,SPEC_V1,2026-10-07
OOD00039,3,11,ood,0.5513843059925536,0.12882076973602533,0.3197949242714211,6.956114525219487,24.670533865060353,40.2432421697099,6.2,3.025211868632496,21.489863053064095,2.3841919778025176,31.77098852760406,29.383930424688476,209.69953785301303,6.160794449453658,0.8047301739294757,3.025529458505559,0.689790404093889,0.7972745876151726,0.03659490508549166,0.5445273002325365,0.7245353298835953,4.0,5.520779781218736,0.9941500947072852,synthetic,SPEC_V1,2026-10-07
OOD00039,4,11,ood,0.5513843059925536,0.12882076973602533,0.3197949242714211,6.956114525219487,24.670533865060353,40.2432421697099,6.2,3.025211868632496,21.489863053064095,2.3841919778025176,31.77098852760406,29.383930424688476,209.69953785301303,6.160794449453658,0.8047301739294757,3.025529458505559,0.689790404093889,0.7972745876151726,0.03659490508549166,0.5445273002325365,0.7175583772321669,3.9000000000000004,5.435097859275847,0.9941500947072852,synthetic,SPEC_V1,2026-10-07
OOD00039,5,11,ood,0.5513843059925536,0.12882076973602533,0.3197949242714211,6.956114525219487,24.670533865060353,40.2432421697099,6.2,3.025211868632496,21.489863053064095,2.3841919778025176,31.77098852760406,29.383930424688476,209.69953785301303,6.160794449453658,0.8047301739294757,3.025529458505559,0.689790404093889,0.7972745876151726,0.03659490508549166,0.5445273002325365,0.7074035571455888,3.5,4.947670908134372,0.9941500947072852,synthetic,SPEC_V1,2026-10-07
OOD00039,6,11,ood,0.5513843059925536,0.12882076973602533,0.3197949242714211,6.956114525219487,24.670533865060353,40.2432421697099,6.2,3.025211868632496,21.489863053064095,2.3841919778025176,31.77098852760406,29.383930424688476,209.69953785301303,6.160794449453658,0.8047301739294757,3.025529458505559,0.689790404093889,0.7972745876151726,0.03659490508549166,0.5445273002325365,0.722597057445292,3.8000000000000003,5.25880912584217,0.9941500947072852,synthetic,SPEC_V1,2026-10-07
OOD00039,7,11,ood,0.5513843059925536,0.12882076973602533,0.3197949242714211,6.956114525219487,24.670533865060353,40.2432421697099,6.2,3.025211868632496,21.489863053064095,2.3841919778025176,31.77098852760406,29.383930424688476,209.69953785301303,6.160794449453658,0.8047301739294757,3.025529458505559,0.689790404093889,0.7972745876151726,0.03659490508549166,0.5445273002325365,0.7050293667221849,3.7,5.248008344960156,0.9941500947072852,synthetic,SPEC_V1,2026-10-07
OOD00040,0,11,ood,0.5736318662902613,0.05197092128779595,0.37439721242194274,6.79941919186167,23.001773164650814,38.118695805594086,6.4,2.3275119175482493,22.96397241142744,2.16893965542961,31.39271533315488,84.71809911221953,195.5150718995319,6.423738454378609,0.8784035748679254,1.1380430221740538,0.6511144247410985,0.9652731735654441,0.09000396188672148,0.873415916216603,0.7335273155256335,137.6,187.58674297138901,0.4696009218538264,synthetic,SPEC_V1,2026-10-07
OOD00040,1,11,ood,0.5736318662902613,0.05197092128779595,0.37439721242194274,6.79941919186167,23.001773164650814,38.118695805594086,6.4,2.3275119175482493,22.96397241142744,2.16893965542961,31.39271533315488,84.71809911221953,195.5150718995319,6.423738454378609,0.8784035748679254,1.1380430221740538,0.6511144247410985,0.9652731735654441,0.09000396188672148,0.873415916216603,0.75,120.7,160.93333333333334,0.4696009218538264,synthetic,SPEC_V1,2026-10-07
OOD00040,2,11,ood,0.5736318662902613,0.05197092128779595,0.37439721242194274,6.79941919186167,23.001773164650814,38.118695805594086,6.4,2.3275119175482493,22.96397241142744,2.16893965542961,31.39271533315488,84.71809911221953,195.5150718995319,6.423738454378609,0.8784035748679254,1.1380430221740538,0.6511144247410985,0.9652731735654441,0.09000396188672148,0.873415916216603,0.7494054283019548,121.60000000000001,162.2619684988514,0.4696009218538264,synthetic,SPEC_V1,2026-10-07
OOD00040,3,11,ood,0.5736318662902613,0.05197092128779595,0.37439721242194274,6.79941919186167,23.001773164650814,38.118695805594086,6.4,2.3275119175482493,22.96397241142744,2.16893965542961,31.39271533315488,84.71809911221953,195.5150718995319,6.423738454378609,0.8784035748679254,1.1380430221740538,0.6511144247410985,0.9652731735654441,0.09000396188672148,0.873415916216603,0.7427334497627925,120.30000000000001,161.96927718607574,0.4696009218538264,synthetic,SPEC_V1,2026-10-07
OOD00040,4,11,ood,0.5736318662902613,0.05197092128779595,0.37439721242194274,6.79941919186167,23.001773164650814,38.118695805594086,6.4,2.3275119175482493,22.96397241142744,2.16893965542961,31.39271533315488,84.71809911221953,195.5150718995319,6.423738454378609,0.8784035748679254,1.1380430221740538,0.6511144247410985,0.9652731735654441,0.09000396188672148,0.873415916216603,0.75,125.2,166.93333333333334,0.4696009218538264,synthetic,SPEC_V1,2026-10-07
OOD00040,5,11,ood,0.5736318662902613,0.05197092128779595,0.37439721242194274,6.79941919186167,23.001773164650814,38.118695805594086,6.4,2.3275119175482493,22.96397241142744,2.16893965542961,31.39271533315488,84.71809911221953,195.5150718995319,6.423738454378609,0.8784035748679254,1.1380430221740538,0.6511144247410985,0.9652731735654441,0.09000396188672148,0.873415916216603,0.7249916488984846,128.6,177.3813535581938,0.4696009218538264,synthetic,SPEC_V1,2026-10-07
OOD00040,6,11,ood,0.5736318662902613,0.05197092128779595,0.37439721242194274,6.79941919186167,23.001773164650814,38.118695805594086,6.4,2.3275119175482493,22.96397241142744,2.16893965542961,31.39271533315488,84.71809911221953,195.5150718995319,6.423738454378609,0.8784035748679254,1.1380430221740538,0.6511144247410985,0.9652731735654441,0.09000396188672148,0.873415916216603,0.7315411147386911,123.9,169.36847089484164,0.4696009218538264,synthetic,SPEC_V1,2026-10-07
OOD00040,7,11,ood,0.5736318662902613,0.05197092128779595,0.37439721242194274,6.79941919186167,23.001773164650814,38.118695805594086,6.4,2.3275119175482493,22.96397241142744,2.16893965542961,31.39271533315488,84.71809911221953,195.5150718995319,6.423738454378609,0.8784035748679254,1.1380430221740538,0.6511144247410985,0.9652731735654441,0.09000396188672148,0.873415916216603,0.75,136.1,181.46666666666667,0.4696009218538264,synthetic,SPEC_V1,2026-10-07
OOD00041,0,11,ood,0.5551085044318725,0.12201439861473493,0.32287709695339256,7.18965971152501,24.418082048531453,36.14949912104389,7.1000000000000005,1.6848143518907674,27.551437658673002,2.040692829795846,29.28181483216683,66.32753059730499,207.55369741251732,7.105898957320741,0.8041720233899575,2.836348431845932,0.6900872558737652,0.817348263632762,0.08930180701280416,0.914598632780532,0.7125645523022112,103.7,145.53067461040217,0.10470094275533692,synthetic,SPEC_V1,2026-10-07
OOD00041,1,11,ood,0.5551085044318725,0.12201439861473493,0.32287709695339256,7.18965971152501,24.418082048531453,36.14949912104389,7.1000000000000005,1.6848143518907674,27.551437658673002,2.040692829795846,29.28181483216683,66.32753059730499,207.55369741251732,7.105898957320741,0.8041720233899575,2.836348431845932,0.6900872558737652,0.817348263632762,0.08930180701280416,0.914598632780532,0.7241864404268016,101.2,139.74301968476166,0.10470094275533692,synthetic,SPEC_V1,2026-10-07
OOD00041,2,11,ood,0.5551085044318725,0.12201439861473493,0.32287709695339256,7.18965971152501,24.418082048531453,36.14949912104389,7.1000000000000005,1.6848143518907674,27.551437658673002,2.040692829795846,29.28181483216683,66.32753059730499,207.55369741251732,7.105898957320741,0.8041720233899575,2.836348431845932,0.6900872558737652,0.817348263632762,0.08930180701280416,0.914598632780532,0.7097958694584878,93.2,131.3053569487569,0.10470094275533692,synthetic,SPEC_V1,2026-10-07
OOD00041,3,11,ood,0.5551085044318725,0.12201439861473493,0.32287709695339256,7.18965971152501,24.418082048531453,36.14949912104389,7.1000000000000005,1.6848143518907674,27.551437658673002,2.040692829795846,29.28181483216683,66.32753059730499,207.55369741251732,7.105898957320741,0.8041720233899575,2.836348431845932,0.6900872558737652,0.817348263632762,0.08930180701280416,0.914598632780532,0.7175758676810418,101.30000000000001,141.16974185233786,0.10470094275533692,synthetic,SPEC_V1,2026-10-07
OOD00041,4,11,ood,0.5551085044318725,0.12201439861473493,0.32287709695339256,7.18965971152501,24.418082048531453,36.14949912104389,7.1000000000000005,1.6848143518907674,27.551437658673002,2.040692829795846,29.28181483216683,66.32753059730499,207.55369741251732,7.105898957320741,0.8041720233899575,2.836348431845932,0.6900872558737652,0.817348263632762,0.08930180701280416,0.914598632780532,0.6954480770814414,85.30000000000001,122.65473557418555,0.10470094275533692,synthetic,SPEC_V1,2026-10-07
OOD00041,5,11,ood,0.5551085044318725,0.12201439861473493,0.32287709695339256,7.18965971152501,24.418082048531453,36.14949912104389,7.1000000000000005,1.6848143518907674,27.551437658673002,2.040692829795846,29.28181483216683,66.32753059730499,207.55369741251732,7.105898957320741,0.8041720233899575,2.836348431845932,0.6900872558737652,0.817348263632762,0.08930180701280416,0.914598632780532,0.7378368920236852,97.30000000000001,131.8719639148602,0.10470094275533692,synthetic,SPEC_V1,2026-10-07
OOD00041,6,11,ood,0.5551085044318725,0.12201439861473493,0.32287709695339256,7.18965971152501,24.418082048531453,36.14949912104389,7.1000000000000005,1.6848143518907674,27.551437658673002,2.040692829795846,29.28181483216683,66.32753059730499,207.55369741251732,7.105898957320741,0.8041720233899575,2.836348431845932,0.6900872558737652,0.817348263632762,0.08930180701280416,0.914598632780532,0.7001678828297969,98.30000000000001,140.39490015267617,0.10470094275533692,synthetic,SPEC_V1,2026-10-07
OOD00041,7,11,ood,0.5551085044318725,0.12201439861473493,0.32287709695339256,7.18965971152501,24.418082048531453,36.14949912104389,7.1000000000000005,1.6848143518907674,27.551437658673002,2.040692829795846,29.28181483216683,66.32753059730499,207.55369741251732,7.105898957320741,0.8041720233899575,2.836348431845932,0.6900872558737652,0.817348263632762,0.08930180701280416,0.914598632780532,0.7148746432878473,95.7,133.86962441394917,0.10470094275533692,synthetic,SPEC_V1,2026-10-07
OOD00042,0,11,ood,0.5179037217802243,0.1689296851398548,0.3131665930799209,6.901359452163154,22.22381117953478,35.71554347439891,6.1000000000000005,3.937660800368266,32.64001090165873,2.8532954418449576,26.877671757614593,40.258027191765514,188.90239502604564,6.1013594521631545,0.7098950336993293,3.574056876758408,0.7407594278182503,0.7380999443086321,0.04102532859983874,0.7079294388100328,0.712942180717586,5.300000000000001,7.433982927851847,1.0,synthetic,SPEC_V1,2026-10-07
OOD00042,1,11,ood,0.5179037217802243,0.1689296851398548,0.3131665930799209,6.901359452163154,22.22381117953478,35.71554347439891,6.1000000000000005,3.937660800368266,32.64001090165873,2.8532954418449576,26.877671757614593,40.258027191765514,188.90239502604564,6.1013594521631545,0.7098950336993293,3.574056876758408,0.7407594278182503,0.7380999443086321,0.04102532859983874,0.7079294388100328,0.7004978371749683,4.5,6.424002703774235,1.0,synthetic,SPEC_V1,2026-10-07
OOD00042,2,11,ood,0.5179037217802243,0.1689296851398548,0.3131665930799209,6.901359452163154,22.22381117953478,35.71554347439891,6.1000000000000005,3.937660800368266,32.64001090165873,2.8532954418449576,26.877671757614593,40.258027191765514,188.90239502604564,6.1013594521631545,0.7098950336993293,3.574056876758408,0.7407594278182503,0.7380999443086321,0.04102532859983874,0.7079294388100328,0.7005184497344092,5.1000000000000005,7.280322169863744,1.0,synthetic,SPEC_V1,2026-10-07
OOD00042,3,11,ood,0.5179037217802243,0.1689296851398548,0.3131665930799209,6.901359452163154,22.22381117953478,35.71554347439891,6.1000000000000005,3.937660800368266,32.64001090165873,2.8532954418449576,26.877671757614593,40.258027191765514,188.90239502604564,6.1013594521631545,0.7098950336993293,3.574056876758408,0.7407594278182503,0.7380999443086321,0.04102532859983874,0.7079294388100328,0.712877520004454,5.300000000000001,7.434657218489491,1.0,synthetic,SPEC_V1,2026-10-07
OOD00042,4,11,ood,0.5179037217802243,0.1689296851398548,0.3131665930799209,6.901359452163154,22.22381117953478,35.71554347439891,6.1000000000000005,3.937660800368266,32.64001090165873,2.8532954418449576,26.877671757614593,40.258027191765514,188.90239502604564,6.1013594521631545,0.7098950336993293,3.574056876758408,0.7407594278182503,0.7380999443086321,0.04102532859983874,0.7079294388100328,0.6940389815167719,4.7,6.771953917816678,1.0,synthetic,SPEC_V1,2026-10-07
OOD00042,5,11,ood,0.5179037217802243,0.1689296851398548,0.3131665930799209,6.901359452163154,22.22381117953478,35.71554347439891,6.1000000000000005,3.937660800368266,32.64001090165873,2.8532954418449576,26.877671757614593,40.258027191765514,188.90239502604564,6.1013594521631545,0.7098950336993293,3.574056876758408,0.7407594278182503,0.7380999443086321,0.04102532859983874,0.7079294388100328,0.7096796819861289,5.2,7.327249366146623,1.0,synthetic,SPEC_V1,2026-10-07
OOD00042,6,11,ood,0.5179037217802243,0.1689296851398548,0.3131665930799209,6.901359452163154,22.22381117953478,35.71554347439891,6.1000000000000005,3.937660800368266,32.64001090165873,2.8532954418449576,26.877671757614593,40.258027191765514,188.90239502604564,6.1013594521631545,0.7098950336993293,3.574056876758408,0.7407594278182503,0.7380999443086321,0.04102532859983874,0.7079294388100328,0.6924192333714885,5.2,7.5099011543634555,1.0,synthetic,SPEC_V1,2026-10-07
OOD00042,7,11,ood,0.5179037217802243,0.1689296851398548,0.3131665930799209,6.901359452163154,22.22381117953478,35.71554347439891,6.1000000000000005,3.937660800368266,32.64001090165873,2.8532954418449576,26.877671757614593,40.258027191765514,188.90239502604564,6.1013594521631545,0.7098950336993293,3.574056876758408,0.7407594278182503,0.7380999443086321,0.04102532859983874,0.7079294388100328,0.6902004290944344,5.1000000000000005,7.389157967767955,1.0,synthetic,SPEC_V1,2026-10-07
OOD00043,0,11,ood,0.5674978247794136,0.1299747686436798,0.3025274065769065,7.297129412192734,23.881710123677124,44.819810310775594,6.5,3.565582861207537,24.71362049954561,2.9915950022961413,26.56610733255602,1.3239094514922454,202.99453605125555,6.497129412192734,0.7369369264904243,2.9550268002296223,0.7261446235965116,0.8047896899212678,0.045660402914259844,0.6764604349664873,0.7088548933573376,13.8,19.468018249319393,1.0,synthetic,SPEC_V1,2026-10-07
OOD00043,1,11,ood,0.5674978247794136,0.1299747686436798,0.3025274065769065,7.297129412192734,23.881710123677124,44.819810310775594,6.5,3.565582861207537,24.71362049954561,2.9915950022961413,26.56610733255602,1.3239094514922454,202.99453605125555,6.497129412192734,0.7369369264904243,2.9550268002296223,0.7261446235965116,0.8047896899212678,0.045660402914259844,0.6764604349664873,0.6973461991602337,13.8,19.789309838668938,1.0,synthetic,SPEC_V1,2026-10-07
OOD00043,2,11,ood,0.5674978247794136,0.1299747686436798,0.3025274065769065,7.297129412192734,23.881710123677124,44.819810310775594,6.5,3.565582861207537,24.71362049954561,2.9915950022961413,26.56610733255602,1.3239094514922454,202.99453605125555,6.497129412192734,0.7369369264904243,2.9550268002296223,0.7261446235965116,0.8047896899212678,0.045660402914259844,0.6764604349664873,0.6997271946535066,13.700000000000001,19.579058959947975,1.0,synthetic,SPEC_V1,2026-10-07
OOD00043,3,11,ood,0.5674978247794136,0.1299747686436798,0.3025274065769065,7.297129412192734,23.881710123677124,44.819810310775594,6.5,3.565582861207537,24.71362049954561,2.9915950022961413,26.56610733255602,1.3239094514922454,202.99453605125555,6.497129412192734,0.7369369264904243,2.9550268002296223,0.7261446235965116,0.8047896899212678,0.045660402914259844,0.6764604349664873,0.6962309066405403,14.5,20.826423908650554,1.0,synthetic,SPEC_V1,2026-10-07
OOD00043,4,11,ood,0.5674978247794136,0.1299747686436798,0.3025274065769065,7.297129412192734,23.881710123677124,44.819810310775594,6.5,3.565582861207537,24.71362049954561,2.9915950022961413,26.56610733255602,1.3239094514922454,202.99453605125555,6.497129412192734,0.7369369264904243,2.9550268002296223,0.7261446235965116,0.8047896899212678,0.045660402914259844,0.6764604349664873,0.691390431530746,13.9,20.104414764932816,1.0,synthetic,SPEC_V1,2026-10-07
OOD00043,5,11,ood,0.5674978247794136,0.1299747686436798,0.3025274065769065,7.297129412192734,23.881710123677124,44.819810310775594,6.5,3.565582861207537,24.71362049954561,2.9915950022961413,26.56610733255602,1.3239094514922454,202.99453605125555,6.497129412192734,0.7369369264904243,2.9550268002296223,0.7261446235965116,0.8047896899212678,0.045660402914259844,0.6764604349664873,0.7092423357537353,15.8,22.27729395652731,1.0,synthetic,SPEC_V1,2026-10-07
OOD00043,6,11,ood,0.5674978247794136,0.1299747686436798,0.3025274065769065,7.297129412192734,23.881710123677124,44.819810310775594,6.5,3.565582861207537,24.71362049954561,2.9915950022961413,26.56610733255602,1.3239094514922454,202.99453605125555,6.497129412192734,0.7369369264904243,2.9550268002296223,0.7261446235965116,0.8047896899212678,0.045660402914259844,0.6764604349664873,0.6893859147288991,15.200000000000001,22.0486082979769,1.0,synthetic,SPEC_V1,2026-10-07
OOD00043,7,11,ood,0.5674978247794136,0.1299747686436798,0.3025274065769065,7.297129412192734,23.881710123677124,44.819810310775594,6.5,3.565582861207537,24.71362049954561,2.9915950022961413,26.56610733255602,1.3239094514922454,202.99453605125555,6.497129412192734,0.7369369264904243,2.9550268002296223,0.7261446235965116,0.8047896899212678,0.045660402914259844,0.6764604349664873,0.6980813561203734,13.8,19.768469504320073,1.0,synthetic,SPEC_V1,2026-10-07
OOD00044,0,11,ood,0.5546175053942506,0.10826251173144688,0.3371199828743026,7.142221325975154,23.76460179732592,44.20457276027678,6.300000000000001,3.587365815207285,24.39816051882695,2.776577082385116,25.867639666488092,33.9116500999067,201.99911527727033,6.342221325975154,0.8171752593947719,2.4493203377941057,0.6831847439152933,0.8571597938625763,0.03363949527965857,0.5598949390146941,0.7117400415937751,5.800000000000001,8.149042713702405,1.0,synthetic,SPEC_V1,2026-10-07
OOD00044,1,11,ood,0.5546175053942506,0.10826251173144688,0.3371199828743026,7.142221325975154,23.76460179732592,44.20457276027678,6.300000000000001,3.587365815207285,24.39816051882695,2.776577082385116,25.867639666488092,33.9116500999067,201.99911527727033,6.342221325975154,0.8171752593947719,2.4493203377941057,0.6831847439152933,0.8571597938625763,0.03363949527965857,0.5598949390146941,0.7194333690731075,6.1000000000000005,8.478895005744624,1.0,synthetic,SPEC_V1,2026-10-07
OOD00044,2,11,ood,0.5546175053942506,0.10826251173144688,0.3371199828743026,7.142221325975154,23.76460179732592,44.20457276027678,6.300000000000001,3.587365815207285,24.39816051882695,2.776577082385116,25.867639666488092,33.9116500999067,201.99911527727033,6.342221325975154,0.8171752593947719,2.4493203377941057,0.6831847439152933,0.8571597938625763,0.03363949527965857,0.5598949390146941,0.720907523450335,5.800000000000001,8.04541471871541,1.0,synthetic,SPEC_V1,2026-10-07
OOD00044,3,11,ood,0.5546175053942506,0.10826251173144688,0.3371199828743026,7.142221325975154,23.76460179732592,44.20457276027678,6.300000000000001,3.587365815207285,24.39816051882695,2.776577082385116,25.867639666488092,33.9116500999067,201.99911527727033,6.342221325975154,0.8171752593947719,2.4493203377941057,0.6831847439152933,0.8571597938625763,0.03363949527965857,0.5598949390146941,0.7218868691863091,5.7,7.8959740692123725,1.0,synthetic,SPEC_V1,2026-10-07
OOD00044,4,11,ood,0.5546175053942506,0.10826251173144688,0.3371199828743026,7.142221325975154,23.76460179732592,44.20457276027678,6.300000000000001,3.587365815207285,24.39816051882695,2.776577082385116,25.867639666488092,33.9116500999067,201.99911527727033,6.342221325975154,0.8171752593947719,2.4493203377941057,0.6831847439152933,0.8571597938625763,0.03363949527965857,0.5598949390146941,0.7147372182086603,6.1000000000000005,8.534605229161533,1.0,synthetic,SPEC_V1,2026-10-07
OOD00044,5,11,ood,0.5546175053942506,0.10826251173144688,0.3371199828743026,7.142221325975154,23.76460179732592,44.20457276027678,6.300000000000001,3.587365815207285,24.39816051882695,2.776577082385116,25.867639666488092,33.9116500999067,201.99911527727033,6.342221325975154,0.8171752593947719,2.4493203377941057,0.6831847439152933,0.8571597938625763,0.03363949527965857,0.5598949390146941,0.7166908086503427,5.9,8.232280822898732,1.0,synthetic,SPEC_V1,2026-10-07
OOD00044,6,11,ood,0.5546175053942506,0.10826251173144688,0.3371199828743026,7.142221325975154,23.76460179732592,44.20457276027678,6.300000000000001,3.587365815207285,24.39816051882695,2.776577082385116,25.867639666488092,33.9116500999067,201.99911527727033,6.342221325975154,0.8171752593947719,2.4493203377941057,0.6831847439152933,0.8571597938625763,0.03363949527965857,0.5598949390146941,0.7192225869969364,5.7,7.925223850101749,1.0,synthetic,SPEC_V1,2026-10-07
OOD00044,7,11,ood,0.5546175053942506,0.10826251173144688,0.3371199828743026,7.142221325975154,23.76460179732592,44.20457276027678,6.300000000000001,3.587365815207285,24.39816051882695,2.776577082385116,25.867639666488092,33.9116500999067,201.99911527727033,6.342221325975154,0.8171752593947719,2.4493203377941057,0.6831847439152933,0.8571597938625763,0.03363949527965857,0.5598949390146941,0.7107452276950907,6.6000000000000005,9.28602788006534,1.0,synthetic,SPEC_V1,2026-10-07
OOD00045,0,11,ood,0.4754650165315458,0.18136117612548652,0.34317380734296765,6.568461870291955,22.614507471678145,49.929507714321545,6.0,2.4287161601697917,30.00002803357355,1.2185477757978709,27.33453183689701,39.34760680165569,192.22331350926422,5.959360654085055,0.7915920762846613,3.9045267762791673,0.6967905967059407,0.7025030467938952,0.012887000074223436,0.3206440094074736,0.7209771412554281,2.7,3.7449176201322074,0.7613765202586253,synthetic,SPEC_V1,2026-10-07
OOD00045,1,11,ood,0.4754650165315458,0.18136117612548652,0.34317380734296765,6.568461870291955,22.614507471678145,49.929507714321545,6.0,2.4287161601697917,30.00002803357355,1.2185477757978709,27.33453183689701,39.34760680165569,192.22331350926422,5.959360654085055,0.7915920762846613,3.9045267762791673,0.6967905967059407,0.7025030467938952,0.012887000074223436,0.3206440094074736,0.7182346407532977,3.0,4.176907976554215,0.7613765202586253,synthetic,SPEC_V1,2026-10-07
OOD00045,2,11,ood,0.4754650165315458,0.18136117612548652,0.34317380734296765,6.568461870291955,22.614507471678145,49.929507714321545,6.0,2.4287161601697917,30.00002803357355,1.2185477757978709,27.33453183689701,39.34760680165569,192.22331350926422,5.959360654085055,0.7915920762846613,3.9045267762791673,0.6967905967059407,0.7025030467938952,0.012887000074223436,0.3206440094074736,0.7229614043207588,2.8000000000000003,3.8729591694188343,0.7613765202586253,synthetic,SPEC_V1,2026-10-07
OOD00045,3,11,ood,0.4754650165315458,0.18136117612548652,0.34317380734296765,6.568461870291955,22.614507471678145,49.929507714321545,6.0,2.4287161601697917,30.00002803357355,1.2185477757978709,27.33453183689701,39.34760680165569,192.22331350926422,5.959360654085055,0.7915920762846613,3.9045267762791673,0.6967905967059407,0.7025030467938952,0.012887000074223436,0.3206440094074736,0.719452299028507,2.7,3.7528547808463077,0.7613765202586253,synthetic,SPEC_V1,2026-10-07
OOD00045,4,11,ood,0.4754650165315458,0.18136117612548652,0.34317380734296765,6.568461870291955,22.614507471678145,49.929507714321545,6.0,2.4287161601697917,30.00002803357355,1.2185477757978709,27.33453183689701,39.34760680165569,192.22331350926422,5.959360654085055,0.7915920762846613,3.9045267762791673,0.6967905967059407,0.7025030467938952,0.012887000074223436,0.3206440094074736,0.7293179301703993,3.1,4.25054680785883,0.7613765202586253,synthetic,SPEC_V1,2026-10-07
OOD00045,5,11,ood,0.4754650165315458,0.18136117612548652,0.34317380734296765,6.568461870291955,22.614507471678145,49.929507714321545,6.0,2.4287161601697917,30.00002803357355,1.2185477757978709,27.33453183689701,39.34760680165569,192.22331350926422,5.959360654085055,0.7915920762846613,3.9045267762791673,0.6967905967059407,0.7025030467938952,0.012887000074223436,0.3206440094074736,0.7195545636937759,2.8000000000000003,3.8912962842267635,0.7613765202586253,synthetic,SPEC_V1,2026-10-07
OOD00045,6,11,ood,0.4754650165315458,0.18136117612548652,0.34317380734296765,6.568461870291955,22.614507471678145,49.929507714321545,6.0,2.4287161601697917,30.00002803357355,1.2185477757978709,27.33453183689701,39.34760680165569,192.22331350926422,5.959360654085055,0.7915920762846613,3.9045267762791673,0.6967905967059407,0.7025030467938952,0.012887000074223436,0.3206440094074736,0.7250869297286302,2.5,3.4478624527622443,0.7613765202586253,synthetic,SPEC_V1,2026-10-07
OOD00045,7,11,ood,0.4754650165315458,0.18136117612548652,0.34317380734296765,6.568461870291955,22.614507471678145,49.929507714321545,6.0,2.4287161601697917,30.00002803357355,1.2185477757978709,27.33453183689701,39.34760680165569,192.22331350926422,5.959360654085055,0.7915920762846613,3.9045267762791673,0.6967905967059407,0.7025030467938952,0.012887000074223436,0.3206440094074736,0.7457048623463055,2.9000000000000004,3.888938032233508,0.7613765202586253,synthetic,SPEC_V1,2026-10-07
OOD00046,0,11,ood,0.5410494314992584,0.13270846127248298,0.32624210722825864,6.781864578277284,24.386933622031883,50.56873426242758,6.300000000000001,2.481815228483751,23.381365909247616,1.5684215844944023,33.72673332742527,11.17068549327113,207.28893578727101,6.256004736998803,0.8115165505961098,3.0810075191995985,0.6861851028356993,0.7913373646886458,0.04319208929831086,0.6357409702623937,0.71606210327964,23.900000000000002,33.37699326711395,0.6573248015981015,synthetic,SPEC_V1,2026-10-07
OOD00046,1,11,ood,0.5410494314992584,0.13270846127248298,0.32624210722825864,6.781864578277284,24.386933622031883,50.56873426242758,6.300000000000001,2.481815228483751,23.381365909247616,1.5684215844944023,33.72673332742527,11.17068549327113,207.28893578727101,6.256004736998803,0.8115165505961098,3.0810075191995985,0.6861851028356993,0.7913373646886458,0.04319208929831086,0.6357409702623937,0.717989175873162,24.1,33.5659656299017,0.6573248015981015,synthetic,SPEC_V1,2026-10-07
OOD00046,2,11,ood,0.5410494314992584,0.13270846127248298,0.32624210722825864,6.781864578277284,24.386933622031883,50.56873426242758,6.300000000000001,2.481815228483751,23.381365909247616,1.5684215844944023,33.72673332742527,11.17068549327113,207.28893578727101,6.256004736998803,0.8115165505961098,3.0810075191995985,0.6861851028356993,0.7913373646886458,0.04319208929831086,0.6357409702623937,0.7014946586236801,22.900000000000002,32.644582133995705,0.6573248015981015,synthetic,SPEC_V1,2026-10-07
OOD00046,3,11,ood,0.5410494314992584,0.13270846127248298,0.32624210722825864,6.781864578277284,24.386933622031883,50.56873426242758,6.300000000000001,2.481815228483751,23.381365909247616,1.5684215844944023,33.72673332742527,11.17068549327113,207.28893578727101,6.256004736998803,0.8115165505961098,3.0810075191995985,0.6861851028356993,0.7913373646886458,0.04319208929831086,0.6357409702623937,0.7118327216454536,24.6,34.558681066438325,0.6573248015981015,synthetic,SPEC_V1,2026-10-07
OOD00046,4,11,ood,0.5410494314992584,0.13270846127248298,0.32624210722825864,6.781864578277284,24.386933622031883,50.56873426242758,6.300000000000001,2.481815228483751,23.381365909247616,1.5684215844944023,33.72673332742527,11.17068549327113,207.28893578727101,6.256004736998803,0.8115165505961098,3.0810075191995985,0.6861851028356993,0.7913373646886458,0.04319208929831086,0.6357409702623937,0.6809667405118714,22.6,33.188111335675444,0.6573248015981015,synthetic,SPEC_V1,2026-10-07
OOD00046,5,11,ood,0.5410494314992584,0.13270846127248298,0.32624210722825864,6.781864578277284,24.386933622031883,50.56873426242758,6.300000000000001,2.481815228483751,23.381365909247616,1.5684215844944023,33.72673332742527,11.17068549327113,207.28893578727101,6.256004736998803,0.8115165505961098,3.0810075191995985,0.6861851028356993,0.7913373646886458,0.04319208929831086,0.6357409702623937,0.72888718904078,23.8,32.6525151736045,0.6573248015981015,synthetic,SPEC_V1,2026-10-07
OOD00046,6,11,ood,0.5410494314992584,0.13270846127248298,0.32624210722825864,6.781864578277284,24.386933622031883,50.56873426242758,6.300000000000001,2.481815228483751,23.381365909247616,1.5684215844944023,33.72673332742527,11.17068549327113,207.28893578727101,6.256004736998803,0.8115165505961098,3.0810075191995985,0.6861851028356993,0.7913373646886458,0.04319208929831086,0.6357409702623937,0.713587352588314,23.3,32.65192399428965,0.6573248015981015,synthetic,SPEC_V1,2026-10-07
OOD00046,7,11,ood,0.5410494314992584,0.13270846127248298,0.32624210722825864,6.781864578277284,24.386933622031883,50.56873426242758,6.300000000000001,2.481815228483751,23.381365909247616,1.5684215844944023,33.72673332742527,11.17068549327113,207.28893578727101,6.256004736998803,0.8115165505961098,3.0810075191995985,0.6861851028356993,0.7913373646886458,0.04319208929831086,0.6357409702623937,0.7072675029837027,23.5,33.22646650788012,0.6573248015981015,synthetic,SPEC_V1,2026-10-07
OOD00047,0,11,ood,0.5185088423465538,0.11766420773456959,0.3638269499188767,6.820795056695978,27.364621758708154,33.84822718568152,6.5,1.965320801188864,28.4126898219631,2.938716749244792,25.19389411071061,57.35828008206767,232.5992849490193,6.544896303059333,1.0155106607557607,3.06528438531322,0.5826982558066068,0.7930219642470431,0.06011995744205435,0.8188028661151192,0.7353696278534081,44.300000000000004,60.24181353439167,0.34487344204580683,synthetic,SPEC_V1,2026-10-07
OOD00047,1,11,ood,0.5185088423465538,0.11766420773456959,0.3638269499188767,6.820795056695978,27.364621758708154,33.84822718568152,6.5,1.965320801188864,28.4126898219631,2.938716749244792,25.19389411071061,57.35828008206767,232.5992849490193,6.544896303059333,1.0155106607557607,3.06528438531322,0.5826982558066068,0.7930219642470431,0.06011995744205435,0.8188028661151192,0.7308905916342965,47.300000000000004,64.71556829625564,0.34487344204580683,synthetic,SPEC_V1,2026-10-07
OOD00047,2,11,ood,0.5185088423465538,0.11766420773456959,0.3638269499188767,6.820795056695978,27.364621758708154,33.84822718568152,6.5,1.965320801188864,28.4126898219631,2.938716749244792,25.19389411071061,57.35828008206767,232.5992849490193,6.544896303059333,1.0155106607557607,3.06528438531322,0.5826982558066068,0.7930219642470431,0.06011995744205435,0.8188028661151192,0.7458509556250722,45.300000000000004,60.73599511853628,0.34487344204580683,synthetic,SPEC_V1,2026-10-07
OOD00047,3,11,ood,0.5185088423465538,0.11766420773456959,0.3638269499188767,6.820795056695978,27.364621758708154,33.84822718568152,6.5,1.965320801188864,28.4126898219631,2.938716749244792,25.19389411071061,57.35828008206767,232.5992849490193,6.544896303059333,1.0155106607557607,3.06528438531322,0.5826982558066068,0.7930219642470431,0.06011995744205435,0.8188028661151192,0.7468218168762173,43.800000000000004,58.64852768121486,0.34487344204580683,synthetic,SPEC_V1,2026-10-07
OOD00047,4,11,ood,0.5185088423465538,0.11766420773456959,0.3638269499188767,6.820795056695978,27.364621758708154,33.84822718568152,6.5,1.965320801188864,28.4126898219631,2.938716749244792,25.19389411071061,57.35828008206767,232.5992849490193,6.544896303059333,1.0155106607557607,3.06528438531322,0.5826982558066068,0.7930219642470431,0.06011995744205435,0.8188028661151192,0.737164799148709,44.900000000000006,60.90903967722186,0.34487344204580683,synthetic,SPEC_V1,2026-10-07
OOD00047,5,11,ood,0.5185088423465538,0.11766420773456959,0.3638269499188767,6.820795056695978,27.364621758708154,33.84822718568152,6.5,1.965320801188864,28.4126898219631,2.938716749244792,25.19389411071061,57.35828008206767,232.5992849490193,6.544896303059333,1.0155106607557607,3.06528438531322,0.5826982558066068,0.7930219642470431,0.06011995744205435,0.8188028661151192,0.75,43.0,57.333333333333336,0.34487344204580683,synthetic,SPEC_V1,2026-10-07
OOD00047,6,11,ood,0.5185088423465538,0.11766420773456959,0.3638269499188767,6.820795056695978,27.364621758708154,33.84822718568152,6.5,1.965320801188864,28.4126898219631,2.938716749244792,25.19389411071061,57.35828008206767,232.5992849490193,6.544896303059333,1.0155106607557607,3.06528438531322,0.5826982558066068,0.7930219642470431,0.06011995744205435,0.8188028661151192,0.7302520242648974,43.300000000000004,59.29459770219414,0.34487344204580683,synthetic,SPEC_V1,2026-10-07
OOD00047,7,11,ood,0.5185088423465538,0.11766420773456959,0.3638269499188767,6.820795056695978,27.364621758708154,33.84822718568152,6.5,1.965320801188864,28.4126898219631,2.938716749244792,25.19389411071061,57.35828008206767,232.5992849490193,6.544896303059333,1.0155106607557607,3.06528438531322,0.5826982558066068,0.7930219642470431,0.06011995744205435,0.8188028661151192,0.730131611806531,39.800000000000004,54.51072019950581,0.34487344204580683,synthetic,SPEC_V1,2026-10-07
OOD00048,0,11,ood,0.5542263107446839,0.11672645656459683,0.32904723269071934,6.947180602016274,24.216798730929277,48.76397397145094,6.6000000000000005,2.1402368585941796,32.48708762188046,1.4697389032512223,31.591416432819734,36.88236260125667,205.84278921289882,6.624118961227231,0.812784001918121,2.691057532149828,0.6855126034100409,0.8325279657957325,0.06728704307584284,0.867160187277925,0.7157821253066439,134.1,187.34751156652734,0.40382705098630334,synthetic,SPEC_V1,2026-10-07
OOD00048,1,11,ood,0.5542263107446839,0.11672645656459683,0.32904723269071934,6.947180602016274,24.216798730929277,48.76397397145094,6.6000000000000005,2.1402368585941796,32.48708762188046,1.4697389032512223,31.591416432819734,36.88236260125667,205.84278921289882,6.624118961227231,0.812784001918121,2.691057532149828,0.6855126034100409,0.8325279657957325,0.06728704307584284,0.867160187277925,0.7075275722927312,118.9,168.04998795270487,0.40382705098630334,synthetic,SPEC_V1,2026-10-07
OOD00048,2,11,ood,0.5542263107446839,0.11672645656459683,0.32904723269071934,6.947180602016274,24.216798730929277,48.76397397145094,6.6000000000000005,2.1402368585941796,32.48708762188046,1.4697389032512223,31.591416432819734,36.88236260125667,205.84278921289882,6.624118961227231,0.812784001918121,2.691057532149828,0.6855126034100409,0.8325279657957325,0.06728704307584284,0.867160187277925,0.7029080261096308,131.6,187.2222184292923,0.40382705098630334,synthetic,SPEC_V1,2026-10-07
OOD00048,3,11,ood,0.5542263107446839,0.11672645656459683,0.32904723269071934,6.947180602016274,24.216798730929277,48.76397397145094,6.6000000000000005,2.1402368585941796,32.48708762188046,1.4697389032512223,31.591416432819734,36.88236260125667,205.84278921289882,6.624118961227231,0.812784001918121,2.691057532149828,0.6855126034100409,0.8325279657957325,0.06728704307584284,0.867160187277925,0.7233659485976046,131.6,181.92728072856343,0.40382705098630334,synthetic,SPEC_V1,2026-10-07
OOD00048,4,11,ood,0.5542263107446839,0.11672645656459683,0.32904723269071934,6.947180602016274,24.216798730929277,48.76397397145094,6.6000000000000005,2.1402368585941796,32.48708762188046,1.4697389032512223,31.591416432819734,36.88236260125667,205.84278921289882,6.624118961227231,0.812784001918121,2.691057532149828,0.6855126034100409,0.8325279657957325,0.06728704307584284,0.867160187277925,0.7183221766765815,127.4,177.35774299692935,0.40382705098630334,synthetic,SPEC_V1,2026-10-07
OOD00048,5,11,ood,0.5542263107446839,0.11672645656459683,0.32904723269071934,6.947180602016274,24.216798730929277,48.76397397145094,6.6000000000000005,2.1402368585941796,32.48708762188046,1.4697389032512223,31.591416432819734,36.88236260125667,205.84278921289882,6.624118961227231,0.812784001918121,2.691057532149828,0.6855126034100409,0.8325279657957325,0.06728704307584284,0.867160187277925,0.7029517633307858,131.1,186.49928322081564,0.40382705098630334,synthetic,SPEC_V1,2026-10-07
OOD00048,6,11,ood,0.5542263107446839,0.11672645656459683,0.32904723269071934,6.947180602016274,24.216798730929277,48.76397397145094,6.6000000000000005,2.1402368585941796,32.48708762188046,1.4697389032512223,31.591416432819734,36.88236260125667,205.84278921289882,6.624118961227231,0.812784001918121,2.691057532149828,0.6855126034100409,0.8325279657957325,0.06728704307584284,0.867160187277925,0.7187189527944658,135.20000000000002,188.11247355357213,0.40382705098630334,synthetic,SPEC_V1,2026-10-07
OOD00048,7,11,ood,0.5542263107446839,0.11672645656459683,0.32904723269071934,6.947180602016274,24.216798730929277,48.76397397145094,6.6000000000000005,2.1402368585941796,32.48708762188046,1.4697389032512223,31.591416432819734,36.88236260125667,205.84278921289882,6.624118961227231,0.812784001918121,2.691057532149828,0.6855126034100409,0.8325279657957325,0.06728704307584284,0.867160187277925,0.7137787446192845,136.8,191.65602931054838,0.40382705098630334,synthetic,SPEC_V1,2026-10-07
OOD00049,0,11,ood,0.5720641639917186,0.10357448304411368,0.32436135296416785,7.336280408004039,26.239767510087688,45.382940304846066,6.6000000000000005,3.0826959693823746,20.466275482555698,2.807846885598575,30.93575718105842,48.275121470850834,223.03802383574535,6.556338985940765,0.8681389820858001,2.5873173780124192,0.656435603512103,0.8432056472264478,0.04784855959065558,0.6244192566602532,0.6969438935882004,17.0,24.392207402056243,0.9749267775790929,synthetic,SPEC_V1,2026-10-07
OOD00049,1,11,ood,0.5720641639917186,0.10357448304411368,0.32436135296416785,7.336280408004039,26.239767510087688,45.382940304846066,6.6000000000000005,3.0826959693823746,20.466275482555698,2.807846885598575,30.93575718105842,48.275121470850834,223.03802383574535,6.556338985940765,0.8681389820858001,2.5873173780124192,0.656435603512103,0.8432056472264478,0.04784855959065558,0.6244192566602532,0.7039001822052828,16.5,23.44082359562169,0.9749267775790929,synthetic,SPEC_V1,2026-10-07
OOD00049,2,11,ood,0.5720641639917186,0.10357448304411368,0.32436135296416785,7.336280408004039,26.239767510087688,45.382940304846066,6.6000000000000005,3.0826959693823746,20.466275482555698,2.807846885598575,30.93575718105842,48.275121470850834,223.03802383574535,6.556338985940765,0.8681389820858001,2.5873173780124192,0.656435603512103,0.8432056472264478,0.04784855959065558,0.6244192566602532,0.7056908923184914,15.9,22.531111245834296,0.9749267775790929,synthetic,SPEC_V1,2026-10-07
OOD00049,3,11,ood,0.5720641639917186,0.10357448304411368,0.32436135296416785,7.336280408004039,26.239767510087688,45.382940304846066,6.6000000000000005,3.0826959693823746,20.466275482555698,2.807846885598575,30.93575718105842,48.275121470850834,223.03802383574535,6.556338985940765,0.8681389820858001,2.5873173780124192,0.656435603512103,0.8432056472264478,0.04784855959065558,0.6244192566602532,0.7113763907600709,15.600000000000001,21.92931927826866,0.9749267775790929,synthetic,SPEC_V1,2026-10-07
OOD00049,4,11,ood,0.5720641639917186,0.10357448304411368,0.32436135296416785,7.336280408004039,26.239767510087688,45.382940304846066,6.6000000000000005,3.0826959693823746,20.466275482555698,2.807846885598575,30.93575718105842,48.275121470850834,223.03802383574535,6.556338985940765,0.8681389820858001,2.5873173780124192,0.656435603512103,0.8432056472264478,0.04784855959065558,0.6244192566602532,0.7328879902710965,15.700000000000001,21.422100250534253,0.9749267775790929,synthetic,SPEC_V1,2026-10-07
OOD00049,5,11,ood,0.5720641639917186,0.10357448304411368,0.32436135296416785,7.336280408004039,26.239767510087688,45.382940304846066,6.6000000000000005,3.0826959693823746,20.466275482555698,2.807846885598575,30.93575718105842,48.275121470850834,223.03802383574535,6.556338985940765,0.8681389820858001,2.5873173780124192,0.656435603512103,0.8432056472264478,0.04784855959065558,0.6244192566602532,0.7152906546923383,16.2,22.648135962251544,0.9749267775790929,synthetic,SPEC_V1,2026-10-07
OOD00049,6,11,ood,0.5720641639917186,0.10357448304411368,0.32436135296416785,7.336280408004039,26.239767510087688,45.382940304846066,6.6000000000000005,3.0826959693823746,20.466275482555698,2.807846885598575,30.93575718105842,48.275121470850834,223.03802383574535,6.556338985940765,0.8681389820858001,2.5873173780124192,0.656435603512103,0.8432056472264478,0.04784855959065558,0.6244192566602532,0.7231206519467188,15.600000000000001,21.57316342439276,0.9749267775790929,synthetic,SPEC_V1,2026-10-07
OOD00049,7,11,ood,0.5720641639917186,0.10357448304411368,0.32436135296416785,7.336280408004039,26.239767510087688,45.382940304846066,6.6000000000000005,3.0826959693823746,20.466275482555698,2.807846885598575,30.93575718105842,48.275121470850834,223.03802383574535,6.556338985940765,0.8681389820858001,2.5873173780124192,0.656435603512103,0.8432056472264478,0.04784855959065558,0.6244192566602532,0.7197170442444755,15.4,21.3972979008246,0.9749267775790929,synthetic,SPEC_V1,2026-10-07
OOD00050,0,11,ood,0.5581065602083393,0.14090814752737552,0.30098529226428516,6.637174524003854,26.735475529660643,43.351820132156114,6.6000000000000005,1.6402317140597826,25.05018279364157,2.4378118795047508,31.844577238759882,60.3808262634071,227.25154200211549,6.578506784784229,0.8207924614441945,3.5864185063008582,0.6812697258951419,0.7367628625043502,0.04715438441380202,0.6930977386698935,0.6851580755114454,44.6,65.09446738507422,0.07333467402453198,synthetic,SPEC_V1,2026-10-07
OOD00050,1,11,ood,0.5581065602083393,0.14090814752737552,0.30098529226428516,6.637174524003854,26.735475529660643,43.351820132156114,6.6000000000000005,1.6402317140597826,25.05018279364157,2.4378118795047508,31.844577238759882,60.3808262634071,227.25154200211549,6.578506784784229,0.8207924614441945,3.5864185063008582,0.6812697258951419,0.7367628625043502,0.04715438441380202,0.6930977386698935,0.6935957077807939,51.0,73.52986679109928,0.07333467402453198,synthetic,SPEC_V1,2026-10-07
OOD00050,2,11,ood,0.5581065602083393,0.14090814752737552,0.30098529226428516,6.637174524003854,26.735475529660643,43.351820132156114,6.6000000000000005,1.6402317140597826,25.05018279364157,2.4378118795047508,31.844577238759882,60.3808262634071,227.25154200211549,6.578506784784229,0.8207924614441945,3.5864185063008582,0.6812697258951419,0.7367628625043502,0.04715438441380202,0.6930977386698935,0.6991957507392033,47.5,67.9351954724869,0.07333467402453198,synthetic,SPEC_V1,2026-10-07
OOD00050,3,11,ood,0.5581065602083393,0.14090814752737552,0.30098529226428516,6.637174524003854,26.735475529660643,43.351820132156114,6.6000000000000005,1.6402317140597826,25.05018279364157,2.4378118795047508,31.844577238759882,60.3808262634071,227.25154200211549,6.578506784784229,0.8207924614441945,3.5864185063008582,0.6812697258951419,0.7367628625043502,0.04715438441380202,0.6930977386698935,0.6929418232455422,47.0,67.8267618194344,0.07333467402453198,synthetic,SPEC_V1,2026-10-07
OOD00050,4,11,ood,0.5581065602083393,0.14090814752737552,0.30098529226428516,6.637174524003854,26.735475529660643,43.351820132156114,6.6000000000000005,1.6402317140597826,25.05018279364157,2.4378118795047508,31.844577238759882,60.3808262634071,227.25154200211549,6.578506784784229,0.8207924614441945,3.5864185063008582,0.6812697258951419,0.7367628625043502,0.04715438441380202,0.6930977386698935,0.6958305812894476,51.2,73.58112933915751,0.07333467402453198,synthetic,SPEC_V1,2026-10-07
OOD00050,5,11,ood,0.5581065602083393,0.14090814752737552,0.30098529226428516,6.637174524003854,26.735475529660643,43.351820132156114,6.6000000000000005,1.6402317140597826,25.05018279364157,2.4378118795047508,31.844577238759882,60.3808262634071,227.25154200211549,6.578506784784229,0.8207924614441945,3.5864185063008582,0.6812697258951419,0.7367628625043502,0.04715438441380202,0.6930977386698935,0.6945841321266535,44.900000000000006,64.64299704418347,0.07333467402453198,synthetic,SPEC_V1,2026-10-07
OOD00050,6,11,ood,0.5581065602083393,0.14090814752737552,0.30098529226428516,6.637174524003854,26.735475529660643,43.351820132156114,6.6000000000000005,1.6402317140597826,25.05018279364157,2.4378118795047508,31.844577238759882,60.3808262634071,227.25154200211549,6.578506784784229,0.8207924614441945,3.5864185063008582,0.6812697258951419,0.7367628625043502,0.04715438441380202,0.6930977386698935,0.6998990533696337,47.400000000000006,67.72405216408676,0.07333467402453198,synthetic,SPEC_V1,2026-10-07
OOD00050,7,11,ood,0.5581065602083393,0.14090814752737552,0.30098529226428516,6.637174524003854,26.735475529660643,43.351820132156114,6.6000000000000005,1.6402317140597826,25.05018279364157,2.4378118795047508,31.844577238759882,60.3808262634071,227.25154200211549,6.578506784784229,0.8207924614441945,3.5864185063008582,0.6812697258951419,0.7367628625043502,0.04715438441380202,0.6930977386698935,0.6990967054043512,46.6,66.65744472797506,0.07333467402453198,synthetic,SPEC_V1,2026-10-07
OOD00051,0,11,ood,0.5401871070762226,0.08365336248045396,0.37615953044332334,6.600608170301453,25.43008600169912,35.0057115386882,5.800000000000001,3.871122335991294,27.93561806985826,2.469937913704219,26.73837286053683,93.27053777977598,216.15573101444252,5.800608170301453,0.9757084593723121,2.0252012165032105,0.6020049278242979,0.8977233742561898,0.00997781514564992,0.24326067161341647,0.73345277521807,0.2,0.2726828594254566,1.0,synthetic,SPEC_V1,2026-10-07
OOD00051,1,11,ood,0.5401871070762226,0.08365336248045396,0.37615953044332334,6.600608170301453,25.43008600169912,35.0057115386882,5.800000000000001,3.871122335991294,27.93561806985826,2.469937913704219,26.73837286053683,93.27053777977598,216.15573101444252,5.800608170301453,0.9757084593723121,2.0252012165032105,0.6020049278242979,0.8977233742561898,0.00997781514564992,0.24326067161341647,0.7473984768389812,0.2,0.2675948723442312,1.0,synthetic,SPEC_V1,2026-10-07
OOD00051,2,11,ood,0.5401871070762226,0.08365336248045396,0.37615953044332334,6.600608170301453,25.43008600169912,35.0057115386882,5.800000000000001,3.871122335991294,27.93561806985826,2.469937913704219,26.73837286053683,93.27053777977598,216.15573101444252,5.800608170301453,0.9757084593723121,2.0252012165032105,0.6020049278242979,0.8977233742561898,0.00997781514564992,0.24326067161341647,0.7309881870074272,0.2,0.2736022326417813,1.0,synthetic,SPEC_V1,2026-10-07
OOD00051,3,11,ood,0.5401871070762226,0.08365336248045396,0.37615953044332334,6.600608170301453,25.43008600169912,35.0057115386882,5.800000000000001,3.871122335991294,27.93561806985826,2.469937913704219,26.73837286053683,93.27053777977598,216.15573101444252,5.800608170301453,0.9757084593723121,2.0252012165032105,0.6020049278242979,0.8977233742561898,0.00997781514564992,0.24326067161341647,0.7438438262154426,0.2,0.2688736438367281,1.0,synthetic,SPEC_V1,2026-10-07
OOD00051,4,11,ood,0.5401871070762226,0.08365336248045396,0.37615953044332334,6.600608170301453,25.43008600169912,35.0057115386882,5.800000000000001,3.871122335991294,27.93561806985826,2.469937913704219,26.73837286053683,93.27053777977598,216.15573101444252,5.800608170301453,0.9757084593723121,2.0252012165032105,0.6020049278242979,0.8977233742561898,0.00997781514564992,0.24326067161341647,0.75,0.2,0.26666666666666666,1.0,synthetic,SPEC_V1,2026-10-07
OOD00051,5,11,ood,0.5401871070762226,0.08365336248045396,0.37615953044332334,6.600608170301453,25.43008600169912,35.0057115386882,5.800000000000001,3.871122335991294,27.93561806985826,2.469937913704219,26.73837286053683,93.27053777977598,216.15573101444252,5.800608170301453,0.9757084593723121,2.0252012165032105,0.6020049278242979,0.8977233742561898,0.00997781514564992,0.24326067161341647,0.7485436055793963,0.2,0.26718550330169977,1.0,synthetic,SPEC_V1,2026-10-07
OOD00051,6,11,ood,0.5401871070762226,0.08365336248045396,0.37615953044332334,6.600608170301453,25.43008600169912,35.0057115386882,5.800000000000001,3.871122335991294,27.93561806985826,2.469937913704219,26.73837286053683,93.27053777977598,216.15573101444252,5.800608170301453,0.9757084593723121,2.0252012165032105,0.6020049278242979,0.8977233742561898,0.00997781514564992,0.24326067161341647,0.7249941131282156,0.2,0.2758643089349195,1.0,synthetic,SPEC_V1,2026-10-07
OOD00051,7,11,ood,0.5401871070762226,0.08365336248045396,0.37615953044332334,6.600608170301453,25.43008600169912,35.0057115386882,5.800000000000001,3.871122335991294,27.93561806985826,2.469937913704219,26.73837286053683,93.27053777977598,216.15573101444252,5.800608170301453,0.9757084593723121,2.0252012165032105,0.6020049278242979,0.8977233742561898,0.00997781514564992,0.24326067161341647,0.75,0.2,0.26666666666666666,1.0,synthetic,SPEC_V1,2026-10-07
OOD00052,0,11,ood,0.48685963891879885,0.1837480675076006,0.32939229357360056,7.1140891477484,23.10085465608892,42.07470362152661,6.300000000000001,3.3648738903997817,28.06885781692242,2.323518020090232,32.16399469675462,91.5016604205452,196.35726457675582,6.3140891477484,0.7761428368653109,4.040990005590443,0.7050536718346323,0.6879471626960265,0.03651409928676581,0.6411709045879623,0.7067101865492572,7.2,10.18805181676572,1.0,synthetic,SPEC_V1,2026-10-07
OOD00052,1,11,ood,0.48685963891879885,0.1837480675076006,0.32939229357360056,7.1140891477484,23.10085465608892,42.07470362152661,6.300000000000001,3.3648738903997817,28.06885781692242,2.323518020090232,32.16399469675462,91.5016604205452,196.35726457675582,6.3140891477484,0.7761428368653109,4.040990005590443,0.7050536718346323,0.6879471626960265,0.03651409928676581,0.6411709045879623,0.7132885423151123,6.6000000000000005,9.252917449898266,1.0,synthetic,SPEC_V1,2026-10-07
OOD00052,2,11,ood,0.48685963891879885,0.1837480675076006,0.32939229357360056,7.1140891477484,23.10085465608892,42.07470362152661,6.300000000000001,3.3648738903997817,28.06885781692242,2.323518020090232,32.16399469675462,91.5016604205452,196.35726457675582,6.3140891477484,0.7761428368653109,4.040990005590443,0.7050536718346323,0.6879471626960265,0.03651409928676581,0.6411709045879623,0.6987550965758303,6.800000000000001,9.731592704400477,1.0,synthetic,SPEC_V1,2026-10-07
OOD00052,3,11,ood,0.48685963891879885,0.1837480675076006,0.32939229357360056,7.1140891477484,23.10085465608892,42.07470362152661,6.300000000000001,3.3648738903997817,28.06885781692242,2.323518020090232,32.16399469675462,91.5016604205452,196.35726457675582,6.3140891477484,0.7761428368653109,4.040990005590443,0.7050536718346323,0.6879471626960265,0.03651409928676581,0.6411709045879623,0.7210859139276298,7.0,9.707581114533516,1.0,synthetic,SPEC_V1,2026-10-07
OOD00052,4,11,ood,0.48685963891879885,0.1837480675076006,0.32939229357360056,7.1140891477484,23.10085465608892,42.07470362152661,6.300000000000001,3.3648738903997817,28.06885781692242,2.323518020090232,32.16399469675462,91.5016604205452,196.35726457675582,6.3140891477484,0.7761428368653109,4.040990005590443,0.7050536718346323,0.6879471626960265,0.03651409928676581,0.6411709045879623,0.703624722513933,6.800000000000001,9.664242574798598,1.0,synthetic,SPEC_V1,2026-10-07
OOD00052,5,11,ood,0.48685963891879885,0.1837480675076006,0.32939229357360056,7.1140891477484,23.10085465608892,42.07470362152661,6.300000000000001,3.3648738903997817,28.06885781692242,2.323518020090232,32.16399469675462,91.5016604205452,196.35726457675582,6.3140891477484,0.7761428368653109,4.040990005590443,0.7050536718346323,0.6879471626960265,0.03651409928676581,0.6411709045879623,0.7132821927382844,7.300000000000001,10.234378587211552,1.0,synthetic,SPEC_V1,2026-10-07
OOD00052,6,11,ood,0.48685963891879885,0.1837480675076006,0.32939229357360056,7.1140891477484,23.10085465608892,42.07470362152661,6.300000000000001,3.3648738903997817,28.06885781692242,2.323518020090232,32.16399469675462,91.5016604205452,196.35726457675582,6.3140891477484,0.7761428368653109,4.040990005590443,0.7050536718346323,0.6879471626960265,0.03651409928676581,0.6411709045879623,0.7196250037090776,6.800000000000001,9.44936594052676,1.0,synthetic,SPEC_V1,2026-10-07
OOD00052,7,11,ood,0.48685963891879885,0.1837480675076006,0.32939229357360056,7.1140891477484,23.10085465608892,42.07470362152661,6.300000000000001,3.3648738903997817,28.06885781692242,2.323518020090232,32.16399469675462,91.5016604205452,196.35726457675582,6.3140891477484,0.7761428368653109,4.040990005590443,0.7050536718346323,0.6879471626960265,0.03651409928676581,0.6411709045879623,0.7185772248320651,7.6000000000000005,10.576455441899313,1.0,synthetic,SPEC_V1,2026-10-07
OOD00053,0,11,ood,0.5895036966052818,0.09419762069665218,0.31629868269806605,6.623340351657801,26.907604882332077,52.836686777370396,6.2,2.385722001285901,23.94142118554336,2.4102670017997267,25.6799943857645,8.088293438562523,228.71464149982262,6.2281532878426775,0.868105677841852,2.41297000535036,0.6564529074008502,0.8607822393945258,0.04946506208606202,0.6940286734090724,0.6991706775243448,33.7,48.199961873868176,0.493983829768905,synthetic,SPEC_V1,2026-10-07
OOD00053,1,11,ood,0.5895036966052818,0.09419762069665218,0.31629868269806605,6.623340351657801,26.907604882332077,52.836686777370396,6.2,2.385722001285901,23.94142118554336,2.4102670017997267,25.6799943857645,8.088293438562523,228.71464149982262,6.2281532878426775,0.868105677841852,2.41297000535036,0.6564529074008502,0.8607822393945258,0.04946506208606202,0.6940286734090724,0.7284035803409988,31.1,42.69611083657864,0.493983829768905,synthetic,SPEC_V1,2026-10-07
OOD00053,2,11,ood,0.5895036966052818,0.09419762069665218,0.31629868269806605,6.623340351657801,26.907604882332077,52.836686777370396,6.2,2.385722001285901,23.94142118554336,2.4102670017997267,25.6799943857645,8.088293438562523,228.71464149982262,6.2281532878426775,0.868105677841852,2.41297000535036,0.6564529074008502,0.8607822393945258,0.04946506208606202,0.6940286734090724,0.7152127516766481,30.400000000000002,42.50483500012318,0.493983829768905,synthetic,SPEC_V1,2026-10-07
OOD00053,3,11,ood,0.5895036966052818,0.09419762069665218,0.31629868269806605,6.623340351657801,26.907604882332077,52.836686777370396,6.2,2.385722001285901,23.94142118554336,2.4102670017997267,25.6799943857645,8.088293438562523,228.71464149982262,6.2281532878426775,0.868105677841852,2.41297000535036,0.6564529074008502,0.8607822393945258,0.04946506208606202,0.6940286734090724,0.7036471709210855,34.300000000000004,48.74602132642806,0.493983829768905,synthetic,SPEC_V1,2026-10-07
OOD00053,4,11,ood,0.5895036966052818,0.09419762069665218,0.31629868269806605,6.623340351657801,26.907604882332077,52.836686777370396,6.2,2.385722001285901,23.94142118554336,2.4102670017997267,25.6799943857645,8.088293438562523,228.71464149982262,6.2281532878426775,0.868105677841852,2.41297000535036,0.6564529074008502,0.8607822393945258,0.04946506208606202,0.6940286734090724,0.6952629933899152,36.300000000000004,52.21045898475191,0.493983829768905,synthetic,SPEC_V1,2026-10-07
OOD00053,5,11,ood,0.5895036966052818,0.09419762069665218,0.31629868269806605,6.623340351657801,26.907604882332077,52.836686777370396,6.2,2.385722001285901,23.94142118554336,2.4102670017997267,25.6799943857645,8.088293438562523,228.71464149982262,6.2281532878426775,0.868105677841852,2.41297000535036,0.6564529074008502,0.8607822393945258,0.04946506208606202,0.6940286734090724,0.7161776446044358,34.1,47.613884986363054,0.493983829768905,synthetic,SPEC_V1,2026-10-07
OOD00053,6,11,ood,0.5895036966052818,0.09419762069665218,0.31629868269806605,6.623340351657801,26.907604882332077,52.836686777370396,6.2,2.385722001285901,23.94142118554336,2.4102670017997267,25.6799943857645,8.088293438562523,228.71464149982262,6.2281532878426775,0.868105677841852,2.41297000535036,0.6564529074008502,0.8607822393945258,0.04946506208606202,0.6940286734090724,0.7211408644034284,32.7,45.34481626838805,0.493983829768905,synthetic,SPEC_V1,2026-10-07
OOD00053,7,11,ood,0.5895036966052818,0.09419762069665218,0.31629868269806605,6.623340351657801,26.907604882332077,52.836686777370396,6.2,2.385722001285901,23.94142118554336,2.4102670017997267,25.6799943857645,8.088293438562523,228.71464149982262,6.2281532878426775,0.868105677841852,2.41297000535036,0.6564529074008502,0.8607822393945258,0.04946506208606202,0.6940286734090724,0.6927812724048957,34.800000000000004,50.232304749227055,0.493983829768905,synthetic,SPEC_V1,2026-10-07
OOD00054,0,11,ood,0.5331669652241084,0.09788948582002377,0.3689435489558678,7.263456000431177,24.703149705439444,33.4453611056239,6.9,2.2452865951866556,24.807994416279914,1.188364909878373,25.59716340273209,55.890238041833214,209.97677249623524,6.859934188390683,0.9296349077167186,2.3021060489061127,0.6249400389438671,0.8716771973264702,0.09377914003212594,0.9023604246181676,0.7359932967372116,112.2,152.4470406149111,0.5044022650506175,synthetic,SPEC_V1,2026-10-07
OOD00054,1,11,ood,0.5331669652241084,0.09788948582002377,0.3689435489558678,7.263456000431177,24.703149705439444,33.4453611056239,6.9,2.2452865951866556,24.807994416279914,1.188364909878373,25.59716340273209,55.890238041833214,209.97677249623524,6.859934188390683,0.9296349077167186,2.3021060489061127,0.6249400389438671,0.8716771973264702,0.09377914003212594,0.9023604246181676,0.7225293814051835,106.4,147.26044744792532,0.5044022650506175,synthetic,SPEC_V1,2026-10-07
OOD00054,2,11,ood,0.5331669652241084,0.09788948582002377,0.3689435489558678,7.263456000431177,24.703149705439444,33.4453611056239,6.9,2.2452865951866556,24.807994416279914,1.188364909878373,25.59716340273209,55.890238041833214,209.97677249623524,6.859934188390683,0.9296349077167186,2.3021060489061127,0.6249400389438671,0.8716771973264702,0.09377914003212594,0.9023604246181676,0.7231346916824607,105.9,146.44574685472605,0.5044022650506175,synthetic,SPEC_V1,2026-10-07
OOD00054,3,11,ood,0.5331669652241084,0.09788948582002377,0.3689435489558678,7.263456000431177,24.703149705439444,33.4453611056239,6.9,2.2452865951866556,24.807994416279914,1.188364909878373,25.59716340273209,55.890238041833214,209.97677249623524,6.859934188390683,0.9296349077167186,2.3021060489061127,0.6249400389438671,0.8716771973264702,0.09377914003212594,0.9023604246181676,0.7348178842811501,120.7,164.2583864409848,0.5044022650506175,synthetic,SPEC_V1,2026-10-07
OOD00054,4,11,ood,0.5331669652241084,0.09788948582002377,0.3689435489558678,7.263456000431177,24.703149705439444,33.4453611056239,6.9,2.2452865951866556,24.807994416279914,1.188364909878373,25.59716340273209,55.890238041833214,209.97677249623524,6.859934188390683,0.9296349077167186,2.3021060489061127,0.6249400389438671,0.8716771973264702,0.09377914003212594,0.9023604246181676,0.7416484148389142,113.60000000000001,153.17230877473648,0.5044022650506175,synthetic,SPEC_V1,2026-10-07
OOD00054,5,11,ood,0.5331669652241084,0.09788948582002377,0.3689435489558678,7.263456000431177,24.703149705439444,33.4453611056239,6.9,2.2452865951866556,24.807994416279914,1.188364909878373,25.59716340273209,55.890238041833214,209.97677249623524,6.859934188390683,0.9296349077167186,2.3021060489061127,0.6249400389438671,0.8716771973264702,0.09377914003212594,0.9023604246181676,0.731680246309412,108.10000000000001,147.74213263957222,0.5044022650506175,synthetic,SPEC_V1,2026-10-07
OOD00054,6,11,ood,0.5331669652241084,0.09788948582002377,0.3689435489558678,7.263456000431177,24.703149705439444,33.4453611056239,6.9,2.2452865951866556,24.807994416279914,1.188364909878373,25.59716340273209,55.890238041833214,209.97677249623524,6.859934188390683,0.9296349077167186,2.3021060489061127,0.6249400389438671,0.8716771973264702,0.09377914003212594,0.9023604246181676,0.7371842327166102,103.5,140.39909619145052,0.5044022650506175,synthetic,SPEC_V1,2026-10-07
OOD00054,7,11,ood,0.5331669652241084,0.09788948582002377,0.3689435489558678,7.263456000431177,24.703149705439444,33.4453611056239,6.9,2.2452865951866556,24.807994416279914,1.188364909878373,25.59716340273209,55.890238041833214,209.97677249623524,6.859934188390683,0.9296349077167186,2.3021060489061127,0.6249400389438671,0.8716771973264702,0.09377914003212594,0.9023604246181676,0.736236901199459,114.5,155.52059372935454,0.5044022650506175,synthetic,SPEC_V1,2026-10-07
OOD00055,0,11,ood,0.4910979261467385,0.1781031092448136,0.3307989646084479,6.529543430137952,24.136177757790207,54.271141318026565,6.5,1.528518547676137,28.889660918641205,2.510199501136077,30.383012568675767,75.45981771469819,205.15751094121677,6.459268090291697,0.8143907064120098,4.0923893453584474,0.6846604880169107,0.6824948527924102,0.052194063508046826,0.778618715923391,0.6897767948748407,54.900000000000006,79.59096392908022,0.08784417480781936,synthetic,SPEC_V1,2026-10-07
OOD00055,1,11,ood,0.4910979261467385,0.1781031092448136,0.3307989646084479,6.529543430137952,24.136177757790207,54.271141318026565,6.5,1.528518547676137,28.889660918641205,2.510199501136077,30.383012568675767,75.45981771469819,205.15751094121677,6.459268090291697,0.8143907064120098,4.0923893453584474,0.6846604880169107,0.6824948527924102,0.052194063508046826,0.778618715923391,0.7149546949934307,54.6,76.36847534863966,0.08784417480781936,synthetic,SPEC_V1,2026-10-07
OOD00055,2,11,ood,0.4910979261467385,0.1781031092448136,0.3307989646084479,6.529543430137952,24.136177757790207,54.271141318026565,6.5,1.528518547676137,28.889660918641205,2.510199501136077,30.383012568675767,75.45981771469819,205.15751094121677,6.459268090291697,0.8143907064120098,4.0923893453584474,0.6846604880169107,0.6824948527924102,0.052194063508046826,0.778618715923391,0.7118928069604862,51.6,72.4828225478391,0.08784417480781936,synthetic,SPEC_V1,2026-10-07
OOD00055,3,11,ood,0.4910979261467385,0.1781031092448136,0.3307989646084479,6.529543430137952,24.136177757790207,54.271141318026565,6.5,1.528518547676137,28.889660918641205,2.510199501136077,30.383012568675767,75.45981771469819,205.15751094121677,6.459268090291697,0.8143907064120098,4.0923893453584474,0.6846604880169107,0.6824948527924102,0.052194063508046826,0.778618715923391,0.7142260107812801,56.7,79.38663552448448,0.08784417480781936,synthetic,SPEC_V1,2026-10-07
OOD00055,4,11,ood,0.4910979261467385,0.1781031092448136,0.3307989646084479,6.529543430137952,24.136177757790207,54.271141318026565,6.5,1.528518547676137,28.889660918641205,2.510199501136077,30.383012568675767,75.45981771469819,205.15751094121677,6.459268090291697,0.8143907064120098,4.0923893453584474,0.6846604880169107,0.6824948527924102,0.052194063508046826,0.778618715923391,0.7174320479952476,51.6,71.92318790913814,0.08784417480781936,synthetic,SPEC_V1,2026-10-07
OOD00055,5,11,ood,0.4910979261467385,0.1781031092448136,0.3307989646084479,6.529543430137952,24.136177757790207,54.271141318026565,6.5,1.528518547676137,28.889660918641205,2.510199501136077,30.383012568675767,75.45981771469819,205.15751094121677,6.459268090291697,0.8143907064120098,4.0923893453584474,0.6846604880169107,0.6824948527924102,0.052194063508046826,0.778618715923391,0.727597671075864,50.900000000000006,69.95624370915948,0.08784417480781936,synthetic,SPEC_V1,2026-10-07
OOD00055,6,11,ood,0.4910979261467385,0.1781031092448136,0.3307989646084479,6.529543430137952,24.136177757790207,54.271141318026565,6.5,1.528518547676137,28.889660918641205,2.510199501136077,30.383012568675767,75.45981771469819,205.15751094121677,6.459268090291697,0.8143907064120098,4.0923893453584474,0.6846604880169107,0.6824948527924102,0.052194063508046826,0.778618715923391,0.7170828791283026,55.300000000000004,77.1180035245348,0.08784417480781936,synthetic,SPEC_V1,2026-10-07
OOD00055,7,11,ood,0.4910979261467385,0.1781031092448136,0.3307989646084479,6.529543430137952,24.136177757790207,54.271141318026565,6.5,1.528518547676137,28.889660918641205,2.510199501136077,30.383012568675767,75.45981771469819,205.15751094121677,6.459268090291697,0.8143907064120098,4.0923893453584474,0.6846604880169107,0.6824948527924102,0.052194063508046826,0.778618715923391,0.7093733090368324,54.900000000000006,77.39225496733408,0.08784417480781936,synthetic,SPEC_V1,2026-10-07
OOD00056,0,11,ood,0.5733751301768585,0.12100536388384187,0.30561950593929965,6.599188568725334,22.9192574131302,40.68707696442675,6.5,1.7901948683542677,22.547235234986836,2.6343825512656265,30.05563987184991,87.63301250155203,194.8136880116067,6.481086551623636,0.7144663569638413,2.640232135228543,0.7382865549945073,0.8377777105789119,0.08262062268974978,0.8447729841288396,0.6997382558736304,171.5,245.09164471203664,0.14762752137712298,synthetic,SPEC_V1,2026-10-07
OOD00056,1,11,ood,0.5733751301768585,0.12100536388384187,0.30561950593929965,6.599188568725334,22.9192574131302,40.68707696442675,6.5,1.7901948683542677,22.547235234986836,2.6343825512656265,30.05563987184991,87.63301250155203,194.8136880116067,6.481086551623636,0.7144663569638413,2.640232135228543,0.7382865549945073,0.8377777105789119,0.08262062268974978,0.8447729841288396,0.6841306181039659,160.4,234.45815134621608,0.14762752137712298,synthetic,SPEC_V1,2026-10-07
OOD00056,2,11,ood,0.5733751301768585,0.12100536388384187,0.30561950593929965,6.599188568725334,22.9192574131302,40.68707696442675,6.5,1.7901948683542677,22.547235234986836,2.6343825512656265,30.05563987184991,87.63301250155203,194.8136880116067,6.481086551623636,0.7144663569638413,2.640232135228543,0.7382865549945073,0.8377777105789119,0.08262062268974978,0.8447729841288396,0.6818831663951224,197.8,290.07901902858134,0.14762752137712298,synthetic,SPEC_V1,2026-10-07
OOD00056,3,11,ood,0.5733751301768585,0.12100536388384187,0.30561950593929965,6.599188568725334,22.9192574131302,40.68707696442675,6.5,1.7901948683542677,22.547235234986836,2.6343825512656265,30.05563987184991,87.63301250155203,194.8136880116067,6.481086551623636,0.7144663569638413,2.640232135228543,0.7382865549945073,0.8377777105789119,0.08262062268974978,0.8447729841288396,0.6909909148276157,164.0,237.34031299226814,0.14762752137712298,synthetic,SPEC_V1,2026-10-07
OOD00056,4,11,ood,0.5733751301768585,0.12100536388384187,0.30561950593929965,6.599188568725334,22.9192574131302,40.68707696442675,6.5,1.7901948683542677,22.547235234986836,2.6343825512656265,30.05563987184991,87.63301250155203,194.8136880116067,6.481086551623636,0.7144663569638413,2.640232135228543,0.7382865549945073,0.8377777105789119,0.08262062268974978,0.8447729841288396,0.6986225058196407,160.70000000000002,230.02408119026015,0.14762752137712298,synthetic,SPEC_V1,2026-10-07
OOD00056,5,11,ood,0.5733751301768585,0.12100536388384187,0.30561950593929965,6.599188568725334,22.9192574131302,40.68707696442675,6.5,1.7901948683542677,22.547235234986836,2.6343825512656265,30.05563987184991,87.63301250155203,194.8136880116067,6.481086551623636,0.7144663569638413,2.640232135228543,0.7382865549945073,0.8377777105789119,0.08262062268974978,0.8447729841288396,0.6910435550602374,158.20000000000002,228.9291302141005,0.14762752137712298,synthetic,SPEC_V1,2026-10-07
OOD00056,6,11,ood,0.5733751301768585,0.12100536388384187,0.30561950593929965,6.599188568725334,22.9192574131302,40.68707696442675,6.5,1.7901948683542677,22.547235234986836,2.6343825512656265,30.05563987184991,87.63301250155203,194.8136880116067,6.481086551623636,0.7144663569638413,2.640232135228543,0.7382865549945073,0.8377777105789119,0.08262062268974978,0.8447729841288396,0.7068103514443373,164.3,232.45273596270886,0.14762752137712298,synthetic,SPEC_V1,2026-10-07
OOD00056,7,11,ood,0.5733751301768585,0.12100536388384187,0.30561950593929965,6.599188568725334,22.9192574131302,40.68707696442675,6.5,1.7901948683542677,22.547235234986836,2.6343825512656265,30.05563987184991,87.63301250155203,194.8136880116067,6.481086551623636,0.7144663569638413,2.640232135228543,0.7382865549945073,0.8377777105789119,0.08262062268974978,0.8447729841288396,0.70040559118995,172.20000000000002,245.85754620753644,0.14762752137712298,synthetic,SPEC_V1,2026-10-07
OOD00057,0,11,ood,0.554336948289631,0.13628487337404668,0.30937817833632236,6.755558726621675,27.651262651082657,32.87886333092835,6.2,2.5799958604002593,27.259036722717966,2.904771642207887,27.61753046220231,21.095408797914487,235.0357325342026,6.199006834610609,0.8725791213044963,3.5875632852416115,0.6541308774155132,0.7366390507534144,0.041280809008651505,0.6754368285874875,0.7064585155782114,10.4,14.721317346550727,0.6956898650138323,synthetic,SPEC_V1,2026-10-07
OOD00057,1,11,ood,0.554336948289631,0.13628487337404668,0.30937817833632236,6.755558726621675,27.651262651082657,32.87886333092835,6.2,2.5799958604002593,27.259036722717966,2.904771642207887,27.61753046220231,21.095408797914487,235.0357325342026,6.199006834610609,0.8725791213044963,3.5875632852416115,0.6541308774155132,0.7366390507534144,0.041280809008651505,0.6754368285874875,0.7053569244575322,10.5,14.886080558541648,0.6956898650138323,synthetic,SPEC_V1,2026-10-07
OOD00057,2,11,ood,0.554336948289631,0.13628487337404668,0.30937817833632236,6.755558726621675,27.651262651082657,32.87886333092835,6.2,2.5799958604002593,27.259036722717966,2.904771642207887,27.61753046220231,21.095408797914487,235.0357325342026,6.199006834610609,0.8725791213044963,3.5875632852416115,0.6541308774155132,0.7366390507534144,0.041280809008651505,0.6754368285874875,0.707842193652582,10.8,15.2576380679855,0.6956898650138323,synthetic,SPEC_V1,2026-10-07
OOD00057,3,11,ood,0.554336948289631,0.13628487337404668,0.30937817833632236,6.755558726621675,27.651262651082657,32.87886333092835,6.2,2.5799958604002593,27.259036722717966,2.904771642207887,27.61753046220231,21.095408797914487,235.0357325342026,6.199006834610609,0.8725791213044963,3.5875632852416115,0.6541308774155132,0.7366390507534144,0.041280809008651505,0.6754368285874875,0.6933846790712327,10.600000000000001,15.287329414601968,0.6956898650138323,synthetic,SPEC_V1,2026-10-07
OOD00057,4,11,ood,0.554336948289631,0.13628487337404668,0.30937817833632236,6.755558726621675,27.651262651082657,32.87886333092835,6.2,2.5799958604002593,27.259036722717966,2.904771642207887,27.61753046220231,21.095408797914487,235.0357325342026,6.199006834610609,0.8725791213044963,3.5875632852416115,0.6541308774155132,0.7366390507534144,0.041280809008651505,0.6754368285874875,0.6880888763981857,11.4,16.567627222334295,0.6956898650138323,synthetic,SPEC_V1,2026-10-07
OOD00057,5,11,ood,0.554336948289631,0.13628487337404668,0.30937817833632236,6.755558726621675,27.651262651082657,32.87886333092835,6.2,2.5799958604002593,27.259036722717966,2.904771642207887,27.61753046220231,21.095408797914487,235.0357325342026,6.199006834610609,0.8725791213044963,3.5875632852416115,0.6541308774155132,0.7366390507534144,0.041280809008651505,0.6754368285874875,0.69854971783099,10.3,14.744834529432916,0.6956898650138323,synthetic,SPEC_V1,2026-10-07
OOD00057,6,11,ood,0.554336948289631,0.13628487337404668,0.30937817833632236,6.755558726621675,27.651262651082657,32.87886333092835,6.2,2.5799958604002593,27.259036722717966,2.904771642207887,27.61753046220231,21.095408797914487,235.0357325342026,6.199006834610609,0.8725791213044963,3.5875632852416115,0.6541308774155132,0.7366390507534144,0.041280809008651505,0.6754368285874875,0.7169554693545425,10.9,15.203175742299594,0.6956898650138323,synthetic,SPEC_V1,2026-10-07
OOD00057,7,11,ood,0.554336948289631,0.13628487337404668,0.30937817833632236,6.755558726621675,27.651262651082657,32.87886333092835,6.2,2.5799958604002593,27.259036722717966,2.904771642207887,27.61753046220231,21.095408797914487,235.0357325342026,6.199006834610609,0.8725791213044963,3.5875632852416115,0.6541308774155132,0.7366390507534144,0.041280809008651505,0.6754368285874875,0.7046558623211348,10.0,14.19132449570493,0.6956898650138323,synthetic,SPEC_V1,2026-10-07
OOD00058,0,11,ood,0.5929223203557541,0.0567758686433197,0.3503018110009262,6.923693144477473,25.122385678648005,32.256556609170225,6.1000000000000005,3.724290252970877,29.949147196253794,1.8788883645081587,27.02472351477092,17.641545604924893,213.54027826850805,6.123693144477473,0.8976425543892012,1.357880696371444,0.6412077060365367,0.9512776719730116,0.0398675161421777,0.6969926175630228,0.7341119106379526,4.2,5.7211985517986585,1.0,synthetic,SPEC_V1,2026-10-07
OOD00058,1,11,ood,0.5929223203557541,0.0567758686433197,0.3503018110009262,6.923693144477473,25.122385678648005,32.256556609170225,6.1000000000000005,3.724290252970877,29.949147196253794,1.8788883645081587,27.02472351477092,17.641545604924893,213.54027826850805,6.123693144477473,0.8976425543892012,1.357880696371444,0.6412077060365367,0.9512776719730116,0.0398675161421777,0.6969926175630228,0.7309920445147372,4.2,5.74561656520918,1.0,synthetic,SPEC_V1,2026-10-07
OOD00058,2,11,ood,0.5929223203557541,0.0567758686433197,0.3503018110009262,6.923693144477473,25.122385678648005,32.256556609170225,6.1000000000000005,3.724290252970877,29.949147196253794,1.8788883645081587,27.02472351477092,17.641545604924893,213.54027826850805,6.123693144477473,0.8976425543892012,1.357880696371444,0.6412077060365367,0.9512776719730116,0.0398675161421777,0.6969926175630228,0.7134583684430911,4.0,5.606493913203093,1.0,synthetic,SPEC_V1,2026-10-07
OOD00058,3,11,ood,0.5929223203557541,0.0567758686433197,0.3503018110009262,6.923693144477473,25.122385678648005,32.256556609170225,6.1000000000000005,3.724290252970877,29.949147196253794,1.8788883645081587,27.02472351477092,17.641545604924893,213.54027826850805,6.123693144477473,0.8976425543892012,1.357880696371444,0.6412077060365367,0.9512776719730116,0.0398675161421777,0.6969926175630228,0.7367203920461625,4.0,5.429468280212016,1.0,synthetic,SPEC_V1,2026-10-07
OOD00058,4,11,ood,0.5929223203557541,0.0567758686433197,0.3503018110009262,6.923693144477473,25.122385678648005,32.256556609170225,6.1000000000000005,3.724290252970877,29.949147196253794,1.8788883645081587,27.02472351477092,17.641545604924893,213.54027826850805,6.123693144477473,0.8976425543892012,1.357880696371444,0.6412077060365367,0.9512776719730116,0.0398675161421777,0.6969926175630228,0.7286078535200461,4.0,5.489921609649447,1.0,synthetic,SPEC_V1,2026-10-07
OOD00058,5,11,ood,0.5929223203557541,0.0567758686433197,0.3503018110009262,6.923693144477473,25.122385678648005,32.256556609170225,6.1000000000000005,3.724290252970877,29.949147196253794,1.8788883645081587,27.02472351477092,17.641545604924893,213.54027826850805,6.123693144477473,0.8976425543892012,1.357880696371444,0.6412077060365367,0.9512776719730116,0.0398675161421777,0.6969926175630228,0.7196435582643554,4.3,5.975180282820552,1.0,synthetic,SPEC_V1,2026-10-07
OOD00058,6,11,ood,0.5929223203557541,0.0567758686433197,0.3503018110009262,6.923693144477473,25.122385678648005,32.256556609170225,6.1000000000000005,3.724290252970877,29.949147196253794,1.8788883645081587,27.02472351477092,17.641545604924893,213.54027826850805,6.123693144477473,0.8976425543892012,1.357880696371444,0.6412077060365367,0.9512776719730116,0.0398675161421777,0.6969926175630228,0.7213025509898338,4.4,6.100075473131129,1.0,synthetic,SPEC_V1,2026-10-07
OOD00058,7,11,ood,0.5929223203557541,0.0567758686433197,0.3503018110009262,6.923693144477473,25.122385678648005,32.256556609170225,6.1000000000000005,3.724290252970877,29.949147196253794,1.8788883645081587,27.02472351477092,17.641545604924893,213.54027826850805,6.123693144477473,0.8976425543892012,1.357880696371444,0.6412077060365367,0.9512776719730116,0.0398675161421777,0.6969926175630228,0.708452601562133,4.2,5.928413546282461,1.0,synthetic,SPEC_V1,2026-10-07
OOD00059,0,11,ood,0.48064040281364606,0.164392384841607,0.35496721234474693,7.055122057947795,24.96172390589581,46.42263249963291,6.300000000000001,2.803689172674826,21.621613644714564,1.9620677235690662,27.820829608895398,64.12941456145082,212.17465320011436,6.255122057947795,0.9037805421198964,3.906548491160863,0.638066158073632,0.7022866300580113,0.022768086684801528,0.38877049825211407,0.75,3.0,4.0,1.0,synthetic,SPEC_V1,2026-10-07
OOD00059,1,11,ood,0.48064040281364606,0.164392384841607,0.35496721234474693,7.055122057947795,24.96172390589581,46.42263249963291,6.300000000000001,2.803689172674826,21.621613644714564,1.9620677235690662,27.820829608895398,64.12941456145082,212.17465320011436,6.255122057947795,0.9037805421198964,3.906548491160863,0.638066158073632,0.7022866300580113,0.022768086684801528,0.38877049825211407,0.721324378682832,3.0,4.159016509989755,1.0,synthetic,SPEC_V1,2026-10-07
OOD00059,2,11,ood,0.48064040281364606,0.164392384841607,0.35496721234474693,7.055122057947795,24.96172390589581,46.42263249963291,6.300000000000001,2.803689172674826,21.621613644714564,1.9620677235690662,27.820829608895398,64.12941456145082,212.17465320011436,6.255122057947795,0.9037805421198964,3.906548491160863,0.638066158073632,0.7022866300580113,0.022768086684801528,0.38877049825211407,0.7159998650804897,3.0,4.189944923610778,1.0,synthetic,SPEC_V1,2026-10-07
OOD00059,3,11,ood,0.48064040281364606,0.164392384841607,0.35496721234474693,7.055122057947795,24.96172390589581,46.42263249963291,6.300000000000001,2.803689172674826,21.621613644714564,1.9620677235690662,27.820829608895398,64.12941456145082,212.17465320011436,6.255122057947795,0.9037805421198964,3.906548491160863,0.638066158073632,0.7022866300580113,0.022768086684801528,0.38877049825211407,0.7348663396023577,2.9000000000000004,3.9462958686734986,1.0,synthetic,SPEC_V1,2026-10-07
OOD00059,4,11,ood,0.48064040281364606,0.164392384841607,0.35496721234474693,7.055122057947795,24.96172390589581,46.42263249963291,6.300000000000001,2.803689172674826,21.621613644714564,1.9620677235690662,27.820829608895398,64.12941456145082,212.17465320011436,6.255122057947795,0.9037805421198964,3.906548491160863,0.638066158073632,0.7022866300580113,0.022768086684801528,0.38877049825211407,0.7433716543081291,2.8000000000000003,3.7666219632843227,1.0,synthetic,SPEC_V1,2026-10-07
OOD00059,5,11,ood,0.48064040281364606,0.164392384841607,0.35496721234474693,7.055122057947795,24.96172390589581,46.42263249963291,6.300000000000001,2.803689172674826,21.621613644714564,1.9620677235690662,27.820829608895398,64.12941456145082,212.17465320011436,6.255122057947795,0.9037805421198964,3.906548491160863,0.638066158073632,0.7022866300580113,0.022768086684801528,0.38877049825211407,0.7195344483226124,3.0,4.16936257463925,1.0,synthetic,SPEC_V1,2026-10-07
OOD00059,6,11,ood,0.48064040281364606,0.164392384841607,0.35496721234474693,7.055122057947795,24.96172390589581,46.42263249963291,6.300000000000001,2.803689172674826,21.621613644714564,1.9620677235690662,27.820829608895398,64.12941456145082,212.17465320011436,6.255122057947795,0.9037805421198964,3.906548491160863,0.638066158073632,0.7022866300580113,0.022768086684801528,0.38877049825211407,0.7380218587071024,2.8000000000000003,3.7939255686886533,1.0,synthetic,SPEC_V1,2026-10-07
OOD00059,7,11,ood,0.48064040281364606,0.164392384841607,0.35496721234474693,7.055122057947795,24.96172390589581,46.42263249963291,6.300000000000001,2.803689172674826,21.621613644714564,1.9620677235690662,27.820829608895398,64.12941456145082,212.17465320011436,6.255122057947795,0.9037805421198964,3.906548491160863,0.638066158073632,0.7022866300580113,0.022768086684801528,0.38877049825211407,0.7187188291932541,2.7,3.756684659327334,1.0,synthetic,SPEC_V1,2026-10-07
