scenario_id,replicate_id,seed,split,carb_fraction,protein_fraction,lipid_fraction,ph_setpoint,total_solids_pct,temperature_c,ph_measured,olr_kg_vs_m3_d,hrt_days,inoculum_ratio,pretreatment_temp_c,pretreatment_hours,vs_slurry_g_per_l,ph_effective,c_lcfa_g_per_l,tan_g_per_l,f_lcfa,f_tan,rate_constant_per_day,window_completeness,simulated_methane_fraction,simulated_methane_yield_ml_per_g_vs,simulated_biogas_yield_ml_per_g_vs,simulated_stability_indicator,data_provenance,simulator_version,as_of
OOD00000,0,41,ood,0.5695827062119478,0.08831773277363776,0.3420995610144144,6.605190630593729,27.815697395632245,41.46607407959792,6.5,1.6860402750893624,27.319176748820375,2.951520297381508,31.63970753852311,37.61356403856988,236.43342786287408,6.540953110974083,0.9706052625722693,2.338701601683829,0.6045150788601571,0.8681073593741145,0.061708018053152826,0.8147061345000426,0.7117085342183769,56.300000000000004,79.10541646353957,0.08029689952455721,synthetic,SPEC_V1,2026-10-07
OOD00000,1,41,ood,0.5695827062119478,0.08831773277363776,0.3420995610144144,6.605190630593729,27.815697395632245,41.46607407959792,6.5,1.6860402750893624,27.319176748820375,2.951520297381508,31.63970753852311,37.61356403856988,236.43342786287408,6.540953110974083,0.9706052625722693,2.338701601683829,0.6045150788601571,0.8681073593741145,0.061708018053152826,0.8147061345000426,0.7044942817857107,54.7,77.64434916540367,0.08029689952455721,synthetic,SPEC_V1,2026-10-07
OOD00000,2,41,ood,0.5695827062119478,0.08831773277363776,0.3420995610144144,6.605190630593729,27.815697395632245,41.46607407959792,6.5,1.6860402750893624,27.319176748820375,2.951520297381508,31.63970753852311,37.61356403856988,236.43342786287408,6.540953110974083,0.9706052625722693,2.338701601683829,0.6045150788601571,0.8681073593741145,0.061708018053152826,0.8147061345000426,0.7143196358852172,62.400000000000006,87.35585144971004,0.08029689952455721,synthetic,SPEC_V1,2026-10-07
OOD00000,3,41,ood,0.5695827062119478,0.08831773277363776,0.3420995610144144,6.605190630593729,27.815697395632245,41.46607407959792,6.5,1.6860402750893624,27.319176748820375,2.951520297381508,31.63970753852311,37.61356403856988,236.43342786287408,6.540953110974083,0.9706052625722693,2.338701601683829,0.6045150788601571,0.8681073593741145,0.061708018053152826,0.8147061345000426,0.7288570114797543,54.300000000000004,74.50020943032159,0.08029689952455721,synthetic,SPEC_V1,2026-10-07
OOD00000,4,41,ood,0.5695827062119478,0.08831773277363776,0.3420995610144144,6.605190630593729,27.815697395632245,41.46607407959792,6.5,1.6860402750893624,27.319176748820375,2.951520297381508,31.63970753852311,37.61356403856988,236.43342786287408,6.540953110974083,0.9706052625722693,2.338701601683829,0.6045150788601571,0.8681073593741145,0.061708018053152826,0.8147061345000426,0.7041025759717446,58.6,83.22650988618396,0.08029689952455721,synthetic,SPEC_V1,2026-10-07
OOD00000,5,41,ood,0.5695827062119478,0.08831773277363776,0.3420995610144144,6.605190630593729,27.815697395632245,41.46607407959792,6.5,1.6860402750893624,27.319176748820375,2.951520297381508,31.63970753852311,37.61356403856988,236.43342786287408,6.540953110974083,0.9706052625722693,2.338701601683829,0.6045150788601571,0.8681073593741145,0.061708018053152826,0.8147061345000426,0.7194788178295224,52.6,73.10847615872878,0.08029689952455721,synthetic,SPEC_V1,2026-10-07
OOD00000,6,41,ood,0.5695827062119478,0.08831773277363776,0.3420995610144144,6.605190630593729,27.815697395632245,41.46607407959792,6.5,1.6860402750893624,27.319176748820375,2.951520297381508,31.63970753852311,37.61356403856988,236.43342786287408,6.540953110974083,0.9706052625722693,2.338701601683829,0.6045150788601571,0.8681073593741145,0.061708018053152826,0.8147061345000426,0.7294186084411216,59.7,81.84600627010047,0.08029689952455721,synthetic,SPEC_V1,2026-10-07
OOD00000,7,41,ood,0.5695827062119478,0.08831773277363776,0.3420995610144144,6.605190630593729,27.815697395632245,41.46607407959792,6.5,1.6860402750893624,27.319176748820375,2.951520297381508,31.63970753852311,37.61356403856988,236.43342786287408,6.540953110974083,0.9706052625722693,2.338701601683829,0.6045150788601571,0.8681073593741145,0.061708018053152826,0.8147061345000426,0.7197281509486902,57.300000000000004,79.61339281292743,0.08029689952455721,synthetic,SPEC_V1,2026-10-07
OOD00001,0,41,ood,0.49191001559808295,0.18979486861479805,0.31829511578711894,6.777220229315254,24.010464452927167,48.4716866120466,6.0,2.7386909655385816,33.47079058819483,1.6153454370688491,30.027866561135816,1.7034881422242965,204.0889478498809,6.019031768093242,0.7795261834409893,4.3383239248048575,0.7032413814112194,0.6566820055497027,0.014279262556054507,0.34843484300527305,0.7047382218214815,1.6,2.2703465633871907,0.9477355765275137,synthetic,SPEC_V1,2026-10-07
OOD00001,1,41,ood,0.49191001559808295,0.18979486861479805,0.31829511578711894,6.777220229315254,24.010464452927167,48.4716866120466,6.0,2.7386909655385816,33.47079058819483,1.6153454370688491,30.027866561135816,1.7034881422242965,204.0889478498809,6.019031768093242,0.7795261834409893,4.3383239248048575,0.7032413814112194,0.6566820055497027,0.014279262556054507,0.34843484300527305,0.7101128881865549,1.5,2.1123401996415145,0.9477355765275137,synthetic,SPEC_V1,2026-10-07
OOD00001,2,41,ood,0.49191001559808295,0.18979486861479805,0.31829511578711894,6.777220229315254,24.010464452927167,48.4716866120466,6.0,2.7386909655385816,33.47079058819483,1.6153454370688491,30.027866561135816,1.7034881422242965,204.0889478498809,6.019031768093242,0.7795261834409893,4.3383239248048575,0.7032413814112194,0.6566820055497027,0.014279262556054507,0.34843484300527305,0.7308742007155505,1.5,2.052336774962708,0.9477355765275137,synthetic,SPEC_V1,2026-10-07
OOD00001,3,41,ood,0.49191001559808295,0.18979486861479805,0.31829511578711894,6.777220229315254,24.010464452927167,48.4716866120466,6.0,2.7386909655385816,33.47079058819483,1.6153454370688491,30.027866561135816,1.7034881422242965,204.0889478498809,6.019031768093242,0.7795261834409893,4.3383239248048575,0.7032413814112194,0.6566820055497027,0.014279262556054507,0.34843484300527305,0.7171954448576905,1.5,2.0914800989814393,0.9477355765275137,synthetic,SPEC_V1,2026-10-07
OOD00001,4,41,ood,0.49191001559808295,0.18979486861479805,0.31829511578711894,6.777220229315254,24.010464452927167,48.4716866120466,6.0,2.7386909655385816,33.47079058819483,1.6153454370688491,30.027866561135816,1.7034881422242965,204.0889478498809,6.019031768093242,0.7795261834409893,4.3383239248048575,0.7032413814112194,0.6566820055497027,0.014279262556054507,0.34843484300527305,0.6881952595749731,1.6,2.3249215651211466,0.9477355765275137,synthetic,SPEC_V1,2026-10-07
OOD00001,5,41,ood,0.49191001559808295,0.18979486861479805,0.31829511578711894,6.777220229315254,24.010464452927167,48.4716866120466,6.0,2.7386909655385816,33.47079058819483,1.6153454370688491,30.027866561135816,1.7034881422242965,204.0889478498809,6.019031768093242,0.7795261834409893,4.3383239248048575,0.7032413814112194,0.6566820055497027,0.014279262556054507,0.34843484300527305,0.7178375445277384,1.7000000000000002,2.368223859227677,0.9477355765275137,synthetic,SPEC_V1,2026-10-07
OOD00001,6,41,ood,0.49191001559808295,0.18979486861479805,0.31829511578711894,6.777220229315254,24.010464452927167,48.4716866120466,6.0,2.7386909655385816,33.47079058819483,1.6153454370688491,30.027866561135816,1.7034881422242965,204.0889478498809,6.019031768093242,0.7795261834409893,4.3383239248048575,0.7032413814112194,0.6566820055497027,0.014279262556054507,0.34843484300527305,0.7116568659032205,1.5,2.107757364353157,0.9477355765275137,synthetic,SPEC_V1,2026-10-07
OOD00001,7,41,ood,0.49191001559808295,0.18979486861479805,0.31829511578711894,6.777220229315254,24.010464452927167,48.4716866120466,6.0,2.7386909655385816,33.47079058819483,1.6153454370688491,30.027866561135816,1.7034881422242965,204.0889478498809,6.019031768093242,0.7795261834409893,4.3383239248048575,0.7032413814112194,0.6566820055497027,0.014279262556054507,0.34843484300527305,0.6971131354730788,1.5,2.1517310801812126,0.9477355765275137,synthetic,SPEC_V1,2026-10-07
OOD00002,0,41,ood,0.48061395846833266,0.18803461760890816,0.3313514239227592,7.3010065644831315,24.65462346854164,44.176951728827035,6.5,2.7058787075612645,28.659870794445496,1.1778970197832768,32.01302875736462,85.70755235150739,209.56429948260393,6.540301936198899,0.8332731484432363,4.413398406781296,0.6746803259460928,0.648904872572791,0.03108986082961524,0.58976757694147,0.7089801986776998,9.200000000000001,12.976384978252817,0.9508807853552907,synthetic,SPEC_V1,2026-10-07
OOD00002,1,41,ood,0.48061395846833266,0.18803461760890816,0.3313514239227592,7.3010065644831315,24.65462346854164,44.176951728827035,6.5,2.7058787075612645,28.659870794445496,1.1778970197832768,32.01302875736462,85.70755235150739,209.56429948260393,6.540301936198899,0.8332731484432363,4.413398406781296,0.6746803259460928,0.648904872572791,0.03108986082961524,0.58976757694147,0.714236976719348,8.8,12.32084068290666,0.9508807853552907,synthetic,SPEC_V1,2026-10-07
OOD00002,2,41,ood,0.48061395846833266,0.18803461760890816,0.3313514239227592,7.3010065644831315,24.65462346854164,44.176951728827035,6.5,2.7058787075612645,28.659870794445496,1.1778970197832768,32.01302875736462,85.70755235150739,209.56429948260393,6.540301936198899,0.8332731484432363,4.413398406781296,0.6746803259460928,0.648904872572791,0.03108986082961524,0.58976757694147,0.7135102561651716,9.4,13.17430256787224,0.9508807853552907,synthetic,SPEC_V1,2026-10-07
OOD00002,3,41,ood,0.48061395846833266,0.18803461760890816,0.3313514239227592,7.3010065644831315,24.65462346854164,44.176951728827035,6.5,2.7058787075612645,28.659870794445496,1.1778970197832768,32.01302875736462,85.70755235150739,209.56429948260393,6.540301936198899,0.8332731484432363,4.413398406781296,0.6746803259460928,0.648904872572791,0.03108986082961524,0.58976757694147,0.7181885624012156,8.3,11.556853498542923,0.9508807853552907,synthetic,SPEC_V1,2026-10-07
OOD00002,4,41,ood,0.48061395846833266,0.18803461760890816,0.3313514239227592,7.3010065644831315,24.65462346854164,44.176951728827035,6.5,2.7058787075612645,28.659870794445496,1.1778970197832768,32.01302875736462,85.70755235150739,209.56429948260393,6.540301936198899,0.8332731484432363,4.413398406781296,0.6746803259460928,0.648904872572791,0.03108986082961524,0.58976757694147,0.7190114978031317,8.0,11.126386746864558,0.9508807853552907,synthetic,SPEC_V1,2026-10-07
OOD00002,5,41,ood,0.48061395846833266,0.18803461760890816,0.3313514239227592,7.3010065644831315,24.65462346854164,44.176951728827035,6.5,2.7058787075612645,28.659870794445496,1.1778970197832768,32.01302875736462,85.70755235150739,209.56429948260393,6.540301936198899,0.8332731484432363,4.413398406781296,0.6746803259460928,0.648904872572791,0.03108986082961524,0.58976757694147,0.7139814604505071,8.700000000000001,12.185190347254235,0.9508807853552907,synthetic,SPEC_V1,2026-10-07
OOD00002,6,41,ood,0.48061395846833266,0.18803461760890816,0.3313514239227592,7.3010065644831315,24.65462346854164,44.176951728827035,6.5,2.7058787075612645,28.659870794445496,1.1778970197832768,32.01302875736462,85.70755235150739,209.56429948260393,6.540301936198899,0.8332731484432363,4.413398406781296,0.6746803259460928,0.648904872572791,0.03108986082961524,0.58976757694147,0.7051811577258205,8.700000000000001,12.337255334582585,0.9508807853552907,synthetic,SPEC_V1,2026-10-07
OOD00002,7,41,ood,0.48061395846833266,0.18803461760890816,0.3313514239227592,7.3010065644831315,24.65462346854164,44.176951728827035,6.5,2.7058787075612645,28.659870794445496,1.1778970197832768,32.01302875736462,85.70755235150739,209.56429948260393,6.540301936198899,0.8332731484432363,4.413398406781296,0.6746803259460928,0.648904872572791,0.03108986082961524,0.58976757694147,0.7172805766639674,8.5,11.850313916951485,0.9508807853552907,synthetic,SPEC_V1,2026-10-07
OOD00003,0,41,ood,0.5316714122254145,0.13165675962732665,0.3366718281472588,7.0537834415419285,22.061895790832708,48.89678033122543,6.300000000000001,3.586516884368474,22.767559699100588,2.8666702214064332,34.80922297278636,94.83462221729206,187.526114222078,6.253783441541929,0.7576171164059842,2.765177020926065,0.7150008232559236,0.8248139983816126,0.028977404789181954,0.4830167448361351,0.7173677022967279,3.6,5.018346920936394,1.0,synthetic,SPEC_V1,2026-10-07
OOD00003,1,41,ood,0.5316714122254145,0.13165675962732665,0.3366718281472588,7.0537834415419285,22.061895790832708,48.89678033122543,6.300000000000001,3.586516884368474,22.767559699100588,2.8666702214064332,34.80922297278636,94.83462221729206,187.526114222078,6.253783441541929,0.7576171164059842,2.765177020926065,0.7150008232559236,0.8248139983816126,0.028977404789181954,0.4830167448361351,0.7302017919711343,3.2,4.382350242337531,1.0,synthetic,SPEC_V1,2026-10-07
OOD00003,2,41,ood,0.5316714122254145,0.13165675962732665,0.3366718281472588,7.0537834415419285,22.061895790832708,48.89678033122543,6.300000000000001,3.586516884368474,22.767559699100588,2.8666702214064332,34.80922297278636,94.83462221729206,187.526114222078,6.253783441541929,0.7576171164059842,2.765177020926065,0.7150008232559236,0.8248139983816126,0.028977404789181954,0.4830167448361351,0.7214830788114757,3.2,4.435308455565544,1.0,synthetic,SPEC_V1,2026-10-07
OOD00003,3,41,ood,0.5316714122254145,0.13165675962732665,0.3366718281472588,7.0537834415419285,22.061895790832708,48.89678033122543,6.300000000000001,3.586516884368474,22.767559699100588,2.8666702214064332,34.80922297278636,94.83462221729206,187.526114222078,6.253783441541929,0.7576171164059842,2.765177020926065,0.7150008232559236,0.8248139983816126,0.028977404789181954,0.4830167448361351,0.7199709052476958,3.2,4.444624048938596,1.0,synthetic,SPEC_V1,2026-10-07
OOD00003,4,41,ood,0.5316714122254145,0.13165675962732665,0.3366718281472588,7.0537834415419285,22.061895790832708,48.89678033122543,6.300000000000001,3.586516884368474,22.767559699100588,2.8666702214064332,34.80922297278636,94.83462221729206,187.526114222078,6.253783441541929,0.7576171164059842,2.765177020926065,0.7150008232559236,0.8248139983816126,0.028977404789181954,0.4830167448361351,0.7213137075305832,3.3000000000000003,4.574985842564322,1.0,synthetic,SPEC_V1,2026-10-07
OOD00003,5,41,ood,0.5316714122254145,0.13165675962732665,0.3366718281472588,7.0537834415419285,22.061895790832708,48.89678033122543,6.300000000000001,3.586516884368474,22.767559699100588,2.8666702214064332,34.80922297278636,94.83462221729206,187.526114222078,6.253783441541929,0.7576171164059842,2.765177020926065,0.7150008232559236,0.8248139983816126,0.028977404789181954,0.4830167448361351,0.7221728886708397,3.2,4.431071908403547,1.0,synthetic,SPEC_V1,2026-10-07
OOD00003,6,41,ood,0.5316714122254145,0.13165675962732665,0.3366718281472588,7.0537834415419285,22.061895790832708,48.89678033122543,6.300000000000001,3.586516884368474,22.767559699100588,2.8666702214064332,34.80922297278636,94.83462221729206,187.526114222078,6.253783441541929,0.7576171164059842,2.765177020926065,0.7150008232559236,0.8248139983816126,0.028977404789181954,0.4830167448361351,0.719413675483832,3.1,4.30906459752122,1.0,synthetic,SPEC_V1,2026-10-07
OOD00003,7,41,ood,0.5316714122254145,0.13165675962732665,0.3366718281472588,7.0537834415419285,22.061895790832708,48.89678033122543,6.300000000000001,3.586516884368474,22.767559699100588,2.8666702214064332,34.80922297278636,94.83462221729206,187.526114222078,6.253783441541929,0.7576171164059842,2.765177020926065,0.7150008232559236,0.8248139983816126,0.028977404789181954,0.4830167448361351,0.7106631876022981,3.3000000000000003,4.643549936973447,1.0,synthetic,SPEC_V1,2026-10-07
OOD00004,0,41,ood,0.5455449538024156,0.09567257692317374,0.3587824692744106,6.815890249106574,24.826899440645484,49.731469266383854,6.0,3.9318292019190055,34.656351653582206,1.6665196835755638,27.100348095207302,23.52025442502168,211.02864524548662,6.015890249106574,0.9085605411457115,2.2612412810670994,0.6356262537907876,0.8756309257743106,0.018447100404446398,0.42501596979867484,0.7409848631612074,1.1,1.4845107568151308,1.0,synthetic,SPEC_V1,2026-10-07
OOD00004,1,41,ood,0.5455449538024156,0.09567257692317374,0.3587824692744106,6.815890249106574,24.826899440645484,49.731469266383854,6.0,3.9318292019190055,34.656351653582206,1.6665196835755638,27.100348095207302,23.52025442502168,211.02864524548662,6.015890249106574,0.9085605411457115,2.2612412810670994,0.6356262537907876,0.8756309257743106,0.018447100404446398,0.42501596979867484,0.7153726925057055,1.0,1.3978727598580016,1.0,synthetic,SPEC_V1,2026-10-07
OOD00004,2,41,ood,0.5455449538024156,0.09567257692317374,0.3587824692744106,6.815890249106574,24.826899440645484,49.731469266383854,6.0,3.9318292019190055,34.656351653582206,1.6665196835755638,27.100348095207302,23.52025442502168,211.02864524548662,6.015890249106574,0.9085605411457115,2.2612412810670994,0.6356262537907876,0.8756309257743106,0.018447100404446398,0.42501596979867484,0.7340572319670988,1.1,1.4985207584594755,1.0,synthetic,SPEC_V1,2026-10-07
OOD00004,3,41,ood,0.5455449538024156,0.09567257692317374,0.3587824692744106,6.815890249106574,24.826899440645484,49.731469266383854,6.0,3.9318292019190055,34.656351653582206,1.6665196835755638,27.100348095207302,23.52025442502168,211.02864524548662,6.015890249106574,0.9085605411457115,2.2612412810670994,0.6356262537907876,0.8756309257743106,0.018447100404446398,0.42501596979867484,0.7484385956297464,1.0,1.3361149543050843,1.0,synthetic,SPEC_V1,2026-10-07
OOD00004,4,41,ood,0.5455449538024156,0.09567257692317374,0.3587824692744106,6.815890249106574,24.826899440645484,49.731469266383854,6.0,3.9318292019190055,34.656351653582206,1.6665196835755638,27.100348095207302,23.52025442502168,211.02864524548662,6.015890249106574,0.9085605411457115,2.2612412810670994,0.6356262537907876,0.8756309257743106,0.018447100404446398,0.42501596979867484,0.725886757449909,0.9,1.2398628171173187,1.0,synthetic,SPEC_V1,2026-10-07
OOD00004,5,41,ood,0.5455449538024156,0.09567257692317374,0.3587824692744106,6.815890249106574,24.826899440645484,49.731469266383854,6.0,3.9318292019190055,34.656351653582206,1.6665196835755638,27.100348095207302,23.52025442502168,211.02864524548662,6.015890249106574,0.9085605411457115,2.2612412810670994,0.6356262537907876,0.8756309257743106,0.018447100404446398,0.42501596979867484,0.7439823141890799,1.0,1.3441179728714012,1.0,synthetic,SPEC_V1,2026-10-07
OOD00004,6,41,ood,0.5455449538024156,0.09567257692317374,0.3587824692744106,6.815890249106574,24.826899440645484,49.731469266383854,6.0,3.9318292019190055,34.656351653582206,1.6665196835755638,27.100348095207302,23.52025442502168,211.02864524548662,6.015890249106574,0.9085605411457115,2.2612412810670994,0.6356262537907876,0.8756309257743106,0.018447100404446398,0.42501596979867484,0.741029665808493,1.1,1.4844210033074128,1.0,synthetic,SPEC_V1,2026-10-07
OOD00004,7,41,ood,0.5455449538024156,0.09567257692317374,0.3587824692744106,6.815890249106574,24.826899440645484,49.731469266383854,6.0,3.9318292019190055,34.656351653582206,1.6665196835755638,27.100348095207302,23.52025442502168,211.02864524548662,6.015890249106574,0.9085605411457115,2.2612412810670994,0.6356262537907876,0.8756309257743106,0.018447100404446398,0.42501596979867484,0.7458937109543328,1.0,1.3406735910409424,1.0,synthetic,SPEC_V1,2026-10-07
OOD00005,0,41,ood,0.5833190932981389,0.09503732893642387,0.3216435777654371,6.825138858862468,22.853133100038107,51.36727265007349,6.0,3.552191547384787,22.492413747727063,1.9595087746790685,27.205379202363407,78.89180647317603,194.2516313503239,6.025138858862468,0.749757476331491,2.0676494927287,0.7192317621895791,0.8938508774737736,0.02338636423482807,0.4090452209094694,0.7236971140934633,1.5,2.0726903158636607,1.0,synthetic,SPEC_V1,2026-10-07
OOD00005,1,41,ood,0.5833190932981389,0.09503732893642387,0.3216435777654371,6.825138858862468,22.853133100038107,51.36727265007349,6.0,3.552191547384787,22.492413747727063,1.9595087746790685,27.205379202363407,78.89180647317603,194.2516313503239,6.025138858862468,0.749757476331491,2.0676494927287,0.7192317621895791,0.8938508774737736,0.02338636423482807,0.4090452209094694,0.707561564460632,1.4000000000000001,1.978626412624897,1.0,synthetic,SPEC_V1,2026-10-07
OOD00005,2,41,ood,0.5833190932981389,0.09503732893642387,0.3216435777654371,6.825138858862468,22.853133100038107,51.36727265007349,6.0,3.552191547384787,22.492413747727063,1.9595087746790685,27.205379202363407,78.89180647317603,194.2516313503239,6.025138858862468,0.749757476331491,2.0676494927287,0.7192317621895791,0.8938508774737736,0.02338636423482807,0.4090452209094694,0.710463273796581,1.5,2.1112984376859965,1.0,synthetic,SPEC_V1,2026-10-07
OOD00005,3,41,ood,0.5833190932981389,0.09503732893642387,0.3216435777654371,6.825138858862468,22.853133100038107,51.36727265007349,6.0,3.552191547384787,22.492413747727063,1.9595087746790685,27.205379202363407,78.89180647317603,194.2516313503239,6.025138858862468,0.749757476331491,2.0676494927287,0.7192317621895791,0.8938508774737736,0.02338636423482807,0.4090452209094694,0.7283884123252776,1.6,2.1966302221808074,1.0,synthetic,SPEC_V1,2026-10-07
OOD00005,4,41,ood,0.5833190932981389,0.09503732893642387,0.3216435777654371,6.825138858862468,22.853133100038107,51.36727265007349,6.0,3.552191547384787,22.492413747727063,1.9595087746790685,27.205379202363407,78.89180647317603,194.2516313503239,6.025138858862468,0.749757476331491,2.0676494927287,0.7192317621895791,0.8938508774737736,0.02338636423482807,0.4090452209094694,0.7118826193375445,1.3,1.8261437555670892,1.0,synthetic,SPEC_V1,2026-10-07
OOD00005,5,41,ood,0.5833190932981389,0.09503732893642387,0.3216435777654371,6.825138858862468,22.853133100038107,51.36727265007349,6.0,3.552191547384787,22.492413747727063,1.9595087746790685,27.205379202363407,78.89180647317603,194.2516313503239,6.025138858862468,0.749757476331491,2.0676494927287,0.7192317621895791,0.8938508774737736,0.02338636423482807,0.4090452209094694,0.686907893636558,1.4000000000000001,2.0381189573878125,1.0,synthetic,SPEC_V1,2026-10-07
OOD00005,6,41,ood,0.5833190932981389,0.09503732893642387,0.3216435777654371,6.825138858862468,22.853133100038107,51.36727265007349,6.0,3.552191547384787,22.492413747727063,1.9595087746790685,27.205379202363407,78.89180647317603,194.2516313503239,6.025138858862468,0.749757476331491,2.0676494927287,0.7192317621895791,0.8938508774737736,0.02338636423482807,0.4090452209094694,0.6991594837170931,1.5,2.1454332451091487,1.0,synthetic,SPEC_V1,2026-10-07
OOD00005,7,41,ood,0.5833190932981389,0.09503732893642387,0.3216435777654371,6.825138858862468,22.853133100038107,51.36727265007349,6.0,3.552191547384787,22.492413747727063,1.9595087746790685,27.205379202363407,78.89180647317603,194.2516313503239,6.025138858862468,0.749757476331491,2.0676494927287,0.7192317621895791,0.8938508774737736,0.02338636423482807,0.4090452209094694,0.7026569597819744,1.4000000000000001,1.992437391404196,1.0,synthetic,SPEC_V1,2026-10-07
OOD00006,0,41,ood,0.5827890228135867,0.11393213445453244,0.3032788427318808,6.543788664937504,25.158330454638357,32.895689160150496,6.2,2.1690965348088103,32.235932846706305,1.4709015762235331,25.42002414166615,49.70102065953906,213.84580886442603,6.245115611420305,0.7782589132255934,2.728757858184964,0.7039200254194632,0.8286125540529702,0.05867069620223032,0.8279759327468359,0.6806611803211788,75.8,111.36230799034665,0.37334131689649896,synthetic,SPEC_V1,2026-10-07
OOD00006,1,41,ood,0.5827890228135867,0.11393213445453244,0.3032788427318808,6.543788664937504,25.158330454638357,32.895689160150496,6.2,2.1690965348088103,32.235932846706305,1.4709015762235331,25.42002414166615,49.70102065953906,213.84580886442603,6.245115611420305,0.7782589132255934,2.728757858184964,0.7039200254194632,0.8286125540529702,0.05867069620223032,0.8279759327468359,0.7008347218482485,74.4,106.1591237999618,0.37334131689649896,synthetic,SPEC_V1,2026-10-07
OOD00006,2,41,ood,0.5827890228135867,0.11393213445453244,0.3032788427318808,6.543788664937504,25.158330454638357,32.895689160150496,6.2,2.1690965348088103,32.235932846706305,1.4709015762235331,25.42002414166615,49.70102065953906,213.84580886442603,6.245115611420305,0.7782589132255934,2.728757858184964,0.7039200254194632,0.8286125540529702,0.05867069620223032,0.8279759327468359,0.7138692370438153,68.5,95.95594885649297,0.37334131689649896,synthetic,SPEC_V1,2026-10-07
OOD00006,3,41,ood,0.5827890228135867,0.11393213445453244,0.3032788427318808,6.543788664937504,25.158330454638357,32.895689160150496,6.2,2.1690965348088103,32.235932846706305,1.4709015762235331,25.42002414166615,49.70102065953906,213.84580886442603,6.245115611420305,0.7782589132255934,2.728757858184964,0.7039200254194632,0.8286125540529702,0.05867069620223032,0.8279759327468359,0.7042736325034052,71.5,101.52303976772023,0.37334131689649896,synthetic,SPEC_V1,2026-10-07
OOD00006,4,41,ood,0.5827890228135867,0.11393213445453244,0.3032788427318808,6.543788664937504,25.158330454638357,32.895689160150496,6.2,2.1690965348088103,32.235932846706305,1.4709015762235331,25.42002414166615,49.70102065953906,213.84580886442603,6.245115611420305,0.7782589132255934,2.728757858184964,0.7039200254194632,0.8286125540529702,0.05867069620223032,0.8279759327468359,0.6932740908525403,70.10000000000001,101.11440904101276,0.37334131689649896,synthetic,SPEC_V1,2026-10-07
OOD00006,5,41,ood,0.5827890228135867,0.11393213445453244,0.3032788427318808,6.543788664937504,25.158330454638357,32.895689160150496,6.2,2.1690965348088103,32.235932846706305,1.4709015762235331,25.42002414166615,49.70102065953906,213.84580886442603,6.245115611420305,0.7782589132255934,2.728757858184964,0.7039200254194632,0.8286125540529702,0.05867069620223032,0.8279759327468359,0.698164080838256,68.10000000000001,97.54154054765354,0.37334131689649896,synthetic,SPEC_V1,2026-10-07
OOD00006,6,41,ood,0.5827890228135867,0.11393213445453244,0.3032788427318808,6.543788664937504,25.158330454638357,32.895689160150496,6.2,2.1690965348088103,32.235932846706305,1.4709015762235331,25.42002414166615,49.70102065953906,213.84580886442603,6.245115611420305,0.7782589132255934,2.728757858184964,0.7039200254194632,0.8286125540529702,0.05867069620223032,0.8279759327468359,0.7015125033901219,72.7,103.63322057507278,0.37334131689649896,synthetic,SPEC_V1,2026-10-07
OOD00006,7,41,ood,0.5827890228135867,0.11393213445453244,0.3032788427318808,6.543788664937504,25.158330454638357,32.895689160150496,6.2,2.1690965348088103,32.235932846706305,1.4709015762235331,25.42002414166615,49.70102065953906,213.84580886442603,6.245115611420305,0.7782589132255934,2.728757858184964,0.7039200254194632,0.8286125540529702,0.05867069620223032,0.8279759327468359,0.6976889924791524,72.3,103.62783529533812,0.37334131689649896,synthetic,SPEC_V1,2026-10-07
OOD00007,0,41,ood,0.5895191371035251,0.10425733304571945,0.3062235298507554,6.589647148688727,23.629022770247904,46.386970197600505,6.2,2.443885961384145,33.896805999706274,1.591261184144314,28.13573652750143,31.079021428608833,200.84669354710718,6.163518835440313,0.7380478014821772,2.3452509494704983,0.72554513933671,0.8674656568208331,0.023509664315085322,0.5060346616071463,0.692144305943192,27.900000000000002,40.30951314694469,0.5326603915605175,synthetic,SPEC_V1,2026-10-07
OOD00007,1,41,ood,0.5895191371035251,0.10425733304571945,0.3062235298507554,6.589647148688727,23.629022770247904,46.386970197600505,6.2,2.443885961384145,33.896805999706274,1.591261184144314,28.13573652750143,31.079021428608833,200.84669354710718,6.163518835440313,0.7380478014821772,2.3452509494704983,0.72554513933671,0.8674656568208331,0.023509664315085322,0.5060346616071463,0.6884742338004498,31.1,45.17235137228702,0.5326603915605175,synthetic,SPEC_V1,2026-10-07
OOD00007,2,41,ood,0.5895191371035251,0.10425733304571945,0.3062235298507554,6.589647148688727,23.629022770247904,46.386970197600505,6.2,2.443885961384145,33.896805999706274,1.591261184144314,28.13573652750143,31.079021428608833,200.84669354710718,6.163518835440313,0.7380478014821772,2.3452509494704983,0.72554513933671,0.8674656568208331,0.023509664315085322,0.5060346616071463,0.6983711277262591,27.5,39.377343805053734,0.5326603915605175,synthetic,SPEC_V1,2026-10-07
OOD00007,3,41,ood,0.5895191371035251,0.10425733304571945,0.3062235298507554,6.589647148688727,23.629022770247904,46.386970197600505,6.2,2.443885961384145,33.896805999706274,1.591261184144314,28.13573652750143,31.079021428608833,200.84669354710718,6.163518835440313,0.7380478014821772,2.3452509494704983,0.72554513933671,0.8674656568208331,0.023509664315085322,0.5060346616071463,0.717130245740913,30.6,42.670073088864335,0.5326603915605175,synthetic,SPEC_V1,2026-10-07
OOD00007,4,41,ood,0.5895191371035251,0.10425733304571945,0.3062235298507554,6.589647148688727,23.629022770247904,46.386970197600505,6.2,2.443885961384145,33.896805999706274,1.591261184144314,28.13573652750143,31.079021428608833,200.84669354710718,6.163518835440313,0.7380478014821772,2.3452509494704983,0.72554513933671,0.8674656568208331,0.023509664315085322,0.5060346616071463,0.692618181161682,31.3,45.19084374525458,0.5326603915605175,synthetic,SPEC_V1,2026-10-07
OOD00007,5,41,ood,0.5895191371035251,0.10425733304571945,0.3062235298507554,6.589647148688727,23.629022770247904,46.386970197600505,6.2,2.443885961384145,33.896805999706274,1.591261184144314,28.13573652750143,31.079021428608833,200.84669354710718,6.163518835440313,0.7380478014821772,2.3452509494704983,0.72554513933671,0.8674656568208331,0.023509664315085322,0.5060346616071463,0.6876195503643755,29.700000000000003,43.19248919589578,0.5326603915605175,synthetic,SPEC_V1,2026-10-07
OOD00007,6,41,ood,0.5895191371035251,0.10425733304571945,0.3062235298507554,6.589647148688727,23.629022770247904,46.386970197600505,6.2,2.443885961384145,33.896805999706274,1.591261184144314,28.13573652750143,31.079021428608833,200.84669354710718,6.163518835440313,0.7380478014821772,2.3452509494704983,0.72554513933671,0.8674656568208331,0.023509664315085322,0.5060346616071463,0.7382010134874639,30.400000000000002,41.18119515493763,0.5326603915605175,synthetic,SPEC_V1,2026-10-07
OOD00007,7,41,ood,0.5895191371035251,0.10425733304571945,0.3062235298507554,6.589647148688727,23.629022770247904,46.386970197600505,6.2,2.443885961384145,33.896805999706274,1.591261184144314,28.13573652750143,31.079021428608833,200.84669354710718,6.163518835440313,0.7380478014821772,2.3452509494704983,0.72554513933671,0.8674656568208331,0.023509664315085322,0.5060346616071463,0.6975588960433609,28.1,40.283336875762934,0.5326603915605175,synthetic,SPEC_V1,2026-10-07
OOD00008,0,41,ood,0.4792057186523405,0.17054989807158705,0.35024438327607244,7.417020372309299,26.88323362925863,42.52340038924679,6.6000000000000005,3.4194168123998536,29.23149438598275,2.7753489579433124,29.801593755309668,6.725939224486822,228.50748584869834,6.617020372309299,0.9604015614605185,4.364855983050093,0.609557052183803,0.6539275791497898,0.04313773802795373,0.7166239732833841,0.7294470381285589,12.4,16.999177941434873,1.0,synthetic,SPEC_V1,2026-10-07
OOD00008,1,41,ood,0.4792057186523405,0.17054989807158705,0.35024438327607244,7.417020372309299,26.88323362925863,42.52340038924679,6.6000000000000005,3.4194168123998536,29.23149438598275,2.7753489579433124,29.801593755309668,6.725939224486822,228.50748584869834,6.617020372309299,0.9604015614605185,4.364855983050093,0.609557052183803,0.6539275791497898,0.04313773802795373,0.7166239732833841,0.7063522713480519,11.3,15.997683391651439,1.0,synthetic,SPEC_V1,2026-10-07
OOD00008,2,41,ood,0.4792057186523405,0.17054989807158705,0.35024438327607244,7.417020372309299,26.88323362925863,42.52340038924679,6.6000000000000005,3.4194168123998536,29.23149438598275,2.7753489579433124,29.801593755309668,6.725939224486822,228.50748584869834,6.617020372309299,0.9604015614605185,4.364855983050093,0.609557052183803,0.6539275791497898,0.04313773802795373,0.7166239732833841,0.7163953432303362,11.9,16.610939912508478,1.0,synthetic,SPEC_V1,2026-10-07
OOD00008,3,41,ood,0.4792057186523405,0.17054989807158705,0.35024438327607244,7.417020372309299,26.88323362925863,42.52340038924679,6.6000000000000005,3.4194168123998536,29.23149438598275,2.7753489579433124,29.801593755309668,6.725939224486822,228.50748584869834,6.617020372309299,0.9604015614605185,4.364855983050093,0.609557052183803,0.6539275791497898,0.04313773802795373,0.7166239732833841,0.7170167003030566,11.3,15.759744501381775,1.0,synthetic,SPEC_V1,2026-10-07
OOD00008,4,41,ood,0.4792057186523405,0.17054989807158705,0.35024438327607244,7.417020372309299,26.88323362925863,42.52340038924679,6.6000000000000005,3.4194168123998536,29.23149438598275,2.7753489579433124,29.801593755309668,6.725939224486822,228.50748584869834,6.617020372309299,0.9604015614605185,4.364855983050093,0.609557052183803,0.6539275791497898,0.04313773802795373,0.7166239732833841,0.7297299862565613,11.9,16.30740167475611,1.0,synthetic,SPEC_V1,2026-10-07
OOD00008,5,41,ood,0.4792057186523405,0.17054989807158705,0.35024438327607244,7.417020372309299,26.88323362925863,42.52340038924679,6.6000000000000005,3.4194168123998536,29.23149438598275,2.7753489579433124,29.801593755309668,6.725939224486822,228.50748584869834,6.617020372309299,0.9604015614605185,4.364855983050093,0.609557052183803,0.6539275791497898,0.04313773802795373,0.7166239732833841,0.7413511566090973,11.5,15.512216980412383,1.0,synthetic,SPEC_V1,2026-10-07
OOD00008,6,41,ood,0.4792057186523405,0.17054989807158705,0.35024438327607244,7.417020372309299,26.88323362925863,42.52340038924679,6.6000000000000005,3.4194168123998536,29.23149438598275,2.7753489579433124,29.801593755309668,6.725939224486822,228.50748584869834,6.617020372309299,0.9604015614605185,4.364855983050093,0.609557052183803,0.6539275791497898,0.04313773802795373,0.7166239732833841,0.7335899387840135,11.200000000000001,15.267384962455914,1.0,synthetic,SPEC_V1,2026-10-07
OOD00008,7,41,ood,0.4792057186523405,0.17054989807158705,0.35024438327607244,7.417020372309299,26.88323362925863,42.52340038924679,6.6000000000000005,3.4194168123998536,29.23149438598275,2.7753489579433124,29.801593755309668,6.725939224486822,228.50748584869834,6.617020372309299,0.9604015614605185,4.364855983050093,0.609557052183803,0.6539275791497898,0.04313773802795373,0.7166239732833841,0.7137638043469642,12.4,17.372693774161036,1.0,synthetic,SPEC_V1,2026-10-07
OOD00009,0,41,ood,0.5461899673596868,0.07866550210663494,0.3751445305336783,7.011534130028985,27.48502942987377,42.97515027920036,6.2,3.3678819619292844,20.188899125769254,1.161365540811847,28.898105751793455,59.50551601027515,233.62275015392703,6.211534130028985,1.0517075631417812,2.0583417057718583,0.5655733613541277,0.8947040103644446,0.03009739038140975,0.4553615932450419,0.7435409573901705,1.7000000000000002,2.2863569022034804,1.0,synthetic,SPEC_V1,2026-10-07
OOD00009,1,41,ood,0.5461899673596868,0.07866550210663494,0.3751445305336783,7.011534130028985,27.48502942987377,42.97515027920036,6.2,3.3678819619292844,20.188899125769254,1.161365540811847,28.898105751793455,59.50551601027515,233.62275015392703,6.211534130028985,1.0517075631417812,2.0583417057718583,0.5655733613541277,0.8947040103644446,0.03009739038140975,0.4553615932450419,0.7364580863953861,1.8,2.4441309468270602,1.0,synthetic,SPEC_V1,2026-10-07
OOD00009,2,41,ood,0.5461899673596868,0.07866550210663494,0.3751445305336783,7.011534130028985,27.48502942987377,42.97515027920036,6.2,3.3678819619292844,20.188899125769254,1.161365540811847,28.898105751793455,59.50551601027515,233.62275015392703,6.211534130028985,1.0517075631417812,2.0583417057718583,0.5655733613541277,0.8947040103644446,0.03009739038140975,0.4553615932450419,0.7437354444582444,1.7000000000000002,2.28575901910702,1.0,synthetic,SPEC_V1,2026-10-07
OOD00009,3,41,ood,0.5461899673596868,0.07866550210663494,0.3751445305336783,7.011534130028985,27.48502942987377,42.97515027920036,6.2,3.3678819619292844,20.188899125769254,1.161365540811847,28.898105751793455,59.50551601027515,233.62275015392703,6.211534130028985,1.0517075631417812,2.0583417057718583,0.5655733613541277,0.8947040103644446,0.03009739038140975,0.4553615932450419,0.75,1.8,2.4,1.0,synthetic,SPEC_V1,2026-10-07
OOD00009,4,41,ood,0.5461899673596868,0.07866550210663494,0.3751445305336783,7.011534130028985,27.48502942987377,42.97515027920036,6.2,3.3678819619292844,20.188899125769254,1.161365540811847,28.898105751793455,59.50551601027515,233.62275015392703,6.211534130028985,1.0517075631417812,2.0583417057718583,0.5655733613541277,0.8947040103644446,0.03009739038140975,0.4553615932450419,0.7299879859669351,1.8,2.465794005658514,1.0,synthetic,SPEC_V1,2026-10-07
OOD00009,5,41,ood,0.5461899673596868,0.07866550210663494,0.3751445305336783,7.011534130028985,27.48502942987377,42.97515027920036,6.2,3.3678819619292844,20.188899125769254,1.161365540811847,28.898105751793455,59.50551601027515,233.62275015392703,6.211534130028985,1.0517075631417812,2.0583417057718583,0.5655733613541277,0.8947040103644446,0.03009739038140975,0.4553615932450419,0.742789527368641,1.8,2.423297493674373,1.0,synthetic,SPEC_V1,2026-10-07
OOD00009,6,41,ood,0.5461899673596868,0.07866550210663494,0.3751445305336783,7.011534130028985,27.48502942987377,42.97515027920036,6.2,3.3678819619292844,20.188899125769254,1.161365540811847,28.898105751793455,59.50551601027515,233.62275015392703,6.211534130028985,1.0517075631417812,2.0583417057718583,0.5655733613541277,0.8947040103644446,0.03009739038140975,0.4553615932450419,0.7495568952959923,1.8,2.401418773272973,1.0,synthetic,SPEC_V1,2026-10-07
OOD00009,7,41,ood,0.5461899673596868,0.07866550210663494,0.3751445305336783,7.011534130028985,27.48502942987377,42.97515027920036,6.2,3.3678819619292844,20.188899125769254,1.161365540811847,28.898105751793455,59.50551601027515,233.62275015392703,6.211534130028985,1.0517075631417812,2.0583417057718583,0.5655733613541277,0.8947040103644446,0.03009739038140975,0.4553615932450419,0.7447079629950364,1.8,2.417054858337801,1.0,synthetic,SPEC_V1,2026-10-07
OOD00010,0,41,ood,0.5334272014614443,0.15524773608287173,0.31132506245568403,7.178695804535431,23.740462569166507,31.946247946048178,6.9,1.968517799220995,23.595305086793,1.9922618500051636,33.01005724830334,11.988600463320122,201.7939318379153,6.915323204362757,0.7538821011914043,3.5087417201869404,0.7170107026145186,0.745167766202754,0.08929226646060896,0.8783829698924084,0.6962081789836303,119.5,171.64406223215278,0.3292157502158435,synthetic,SPEC_V1,2026-10-07
OOD00010,1,41,ood,0.5334272014614443,0.15524773608287173,0.31132506245568403,7.178695804535431,23.740462569166507,31.946247946048178,6.9,1.968517799220995,23.595305086793,1.9922618500051636,33.01005724830334,11.988600463320122,201.7939318379153,6.915323204362757,0.7538821011914043,3.5087417201869404,0.7170107026145186,0.745167766202754,0.08929226646060896,0.8783829698924084,0.7050933927615416,120.4,170.7575212532428,0.3292157502158435,synthetic,SPEC_V1,2026-10-07
OOD00010,2,41,ood,0.5334272014614443,0.15524773608287173,0.31132506245568403,7.178695804535431,23.740462569166507,31.946247946048178,6.9,1.968517799220995,23.595305086793,1.9922618500051636,33.01005724830334,11.988600463320122,201.7939318379153,6.915323204362757,0.7538821011914043,3.5087417201869404,0.7170107026145186,0.745167766202754,0.08929226646060896,0.8783829698924084,0.6907154717679407,118.10000000000001,170.98212625484376,0.3292157502158435,synthetic,SPEC_V1,2026-10-07
OOD00010,3,41,ood,0.5334272014614443,0.15524773608287173,0.31132506245568403,7.178695804535431,23.740462569166507,31.946247946048178,6.9,1.968517799220995,23.595305086793,1.9922618500051636,33.01005724830334,11.988600463320122,201.7939318379153,6.915323204362757,0.7538821011914043,3.5087417201869404,0.7170107026145186,0.745167766202754,0.08929226646060896,0.8783829698924084,0.7087367758608625,110.9,156.4755827229313,0.3292157502158435,synthetic,SPEC_V1,2026-10-07
OOD00010,4,41,ood,0.5334272014614443,0.15524773608287173,0.31132506245568403,7.178695804535431,23.740462569166507,31.946247946048178,6.9,1.968517799220995,23.595305086793,1.9922618500051636,33.01005724830334,11.988600463320122,201.7939318379153,6.915323204362757,0.7538821011914043,3.5087417201869404,0.7170107026145186,0.745167766202754,0.08929226646060896,0.8783829698924084,0.706086216344455,118.0,167.1184017879698,0.3292157502158435,synthetic,SPEC_V1,2026-10-07
OOD00010,5,41,ood,0.5334272014614443,0.15524773608287173,0.31132506245568403,7.178695804535431,23.740462569166507,31.946247946048178,6.9,1.968517799220995,23.595305086793,1.9922618500051636,33.01005724830334,11.988600463320122,201.7939318379153,6.915323204362757,0.7538821011914043,3.5087417201869404,0.7170107026145186,0.745167766202754,0.08929226646060896,0.8783829698924084,0.6996226246673585,115.80000000000001,165.517803337275,0.3292157502158435,synthetic,SPEC_V1,2026-10-07
OOD00010,6,41,ood,0.5334272014614443,0.15524773608287173,0.31132506245568403,7.178695804535431,23.740462569166507,31.946247946048178,6.9,1.968517799220995,23.595305086793,1.9922618500051636,33.01005724830334,11.988600463320122,201.7939318379153,6.915323204362757,0.7538821011914043,3.5087417201869404,0.7170107026145186,0.745167766202754,0.08929226646060896,0.8783829698924084,0.6937457820333469,113.30000000000001,163.3163082706194,0.3292157502158435,synthetic,SPEC_V1,2026-10-07
OOD00010,7,41,ood,0.5334272014614443,0.15524773608287173,0.31132506245568403,7.178695804535431,23.740462569166507,31.946247946048178,6.9,1.968517799220995,23.595305086793,1.9922618500051636,33.01005724830334,11.988600463320122,201.7939318379153,6.915323204362757,0.7538821011914043,3.5087417201869404,0.7170107026145186,0.745167766202754,0.08929226646060896,0.8783829698924084,0.7027896527504134,121.5,172.88245426565658,0.3292157502158435,synthetic,SPEC_V1,2026-10-07
OOD00011,0,41,ood,0.49737581210543313,0.1611634642055927,0.34146072368897423,7.366266187143264,25.568427152002542,45.27088098155053,7.0,2.0088771908021528,26.07475140581787,2.3275117961652327,33.86431841943552,81.58968436929452,217.3316307920216,7.032251172985201,0.8905225911689838,3.9229028719880223,0.6448635651982401,0.7005367500877034,0.042317604349514225,0.6682657271427983,0.7126044480272351,61.2,85.88214705847723,0.41751876769757845,synthetic,SPEC_V1,2026-10-07
OOD00011,1,41,ood,0.49737581210543313,0.1611634642055927,0.34146072368897423,7.366266187143264,25.568427152002542,45.27088098155053,7.0,2.0088771908021528,26.07475140581787,2.3275117961652327,33.86431841943552,81.58968436929452,217.3316307920216,7.032251172985201,0.8905225911689838,3.9229028719880223,0.6448635651982401,0.7005367500877034,0.042317604349514225,0.6682657271427983,0.7236702494962973,53.7,74.2050678985039,0.41751876769757845,synthetic,SPEC_V1,2026-10-07
OOD00011,2,41,ood,0.49737581210543313,0.1611634642055927,0.34146072368897423,7.366266187143264,25.568427152002542,45.27088098155053,7.0,2.0088771908021528,26.07475140581787,2.3275117961652327,33.86431841943552,81.58968436929452,217.3316307920216,7.032251172985201,0.8905225911689838,3.9229028719880223,0.6448635651982401,0.7005367500877034,0.042317604349514225,0.6682657271427983,0.7349082971496936,59.400000000000006,80.82641090103355,0.41751876769757845,synthetic,SPEC_V1,2026-10-07
OOD00011,3,41,ood,0.49737581210543313,0.1611634642055927,0.34146072368897423,7.366266187143264,25.568427152002542,45.27088098155053,7.0,2.0088771908021528,26.07475140581787,2.3275117961652327,33.86431841943552,81.58968436929452,217.3316307920216,7.032251172985201,0.8905225911689838,3.9229028719880223,0.6448635651982401,0.7005367500877034,0.042317604349514225,0.6682657271427983,0.731892091883162,64.7,88.40100981761749,0.41751876769757845,synthetic,SPEC_V1,2026-10-07
OOD00011,4,41,ood,0.49737581210543313,0.1611634642055927,0.34146072368897423,7.366266187143264,25.568427152002542,45.27088098155053,7.0,2.0088771908021528,26.07475140581787,2.3275117961652327,33.86431841943552,81.58968436929452,217.3316307920216,7.032251172985201,0.8905225911689838,3.9229028719880223,0.6448635651982401,0.7005367500877034,0.042317604349514225,0.6682657271427983,0.7176643267457721,60.2,83.88322751525793,0.41751876769757845,synthetic,SPEC_V1,2026-10-07
OOD00011,5,41,ood,0.49737581210543313,0.1611634642055927,0.34146072368897423,7.366266187143264,25.568427152002542,45.27088098155053,7.0,2.0088771908021528,26.07475140581787,2.3275117961652327,33.86431841943552,81.58968436929452,217.3316307920216,7.032251172985201,0.8905225911689838,3.9229028719880223,0.6448635651982401,0.7005367500877034,0.042317604349514225,0.6682657271427983,0.7161052873995788,59.900000000000006,83.64691764463467,0.41751876769757845,synthetic,SPEC_V1,2026-10-07
OOD00011,6,41,ood,0.49737581210543313,0.1611634642055927,0.34146072368897423,7.366266187143264,25.568427152002542,45.27088098155053,7.0,2.0088771908021528,26.07475140581787,2.3275117961652327,33.86431841943552,81.58968436929452,217.3316307920216,7.032251172985201,0.8905225911689838,3.9229028719880223,0.6448635651982401,0.7005367500877034,0.042317604349514225,0.6682657271427983,0.7359324530478819,57.800000000000004,78.53981674625153,0.41751876769757845,synthetic,SPEC_V1,2026-10-07
OOD00011,7,41,ood,0.49737581210543313,0.1611634642055927,0.34146072368897423,7.366266187143264,25.568427152002542,45.27088098155053,7.0,2.0088771908021528,26.07475140581787,2.3275117961652327,33.86431841943552,81.58968436929452,217.3316307920216,7.032251172985201,0.8905225911689838,3.9229028719880223,0.6448635651982401,0.7005367500877034,0.042317604349514225,0.6682657271427983,0.7123047050604745,69.2,97.14943549913086,0.41751876769757845,synthetic,SPEC_V1,2026-10-07
OOD00012,0,41,ood,0.5007443722346654,0.12679252929371604,0.3724630984716186,6.625667539565136,27.906600919548357,32.14446497851431,6.5,1.7336761273294103,31.501781657199224,1.4232307752451983,25.580046534609252,71.19079672206715,237.20610781616102,6.455310071750812,1.060206262723202,3.3685077858800434,0.5616142904936263,0.7603463382917379,0.04847473136239549,0.7664226377433498,0.7394816525603303,26.900000000000002,36.376832213298734,0.21294683476790421,synthetic,SPEC_V1,2026-10-07
OOD00012,1,41,ood,0.5007443722346654,0.12679252929371604,0.3724630984716186,6.625667539565136,27.906600919548357,32.14446497851431,6.5,1.7336761273294103,31.501781657199224,1.4232307752451983,25.580046534609252,71.19079672206715,237.20610781616102,6.455310071750812,1.060206262723202,3.3685077858800434,0.5616142904936263,0.7603463382917379,0.04847473136239549,0.7664226377433498,0.7480852987350624,31.900000000000002,42.64219608905525,0.21294683476790421,synthetic,SPEC_V1,2026-10-07
OOD00012,2,41,ood,0.5007443722346654,0.12679252929371604,0.3724630984716186,6.625667539565136,27.906600919548357,32.14446497851431,6.5,1.7336761273294103,31.501781657199224,1.4232307752451983,25.580046534609252,71.19079672206715,237.20610781616102,6.455310071750812,1.060206262723202,3.3685077858800434,0.5616142904936263,0.7603463382917379,0.04847473136239549,0.7664226377433498,0.75,33.5,44.666666666666664,0.21294683476790421,synthetic,SPEC_V1,2026-10-07
OOD00012,3,41,ood,0.5007443722346654,0.12679252929371604,0.3724630984716186,6.625667539565136,27.906600919548357,32.14446497851431,6.5,1.7336761273294103,31.501781657199224,1.4232307752451983,25.580046534609252,71.19079672206715,237.20610781616102,6.455310071750812,1.060206262723202,3.3685077858800434,0.5616142904936263,0.7603463382917379,0.04847473136239549,0.7664226377433498,0.727996458443562,29.8,40.934265070068676,0.21294683476790421,synthetic,SPEC_V1,2026-10-07
OOD00012,4,41,ood,0.5007443722346654,0.12679252929371604,0.3724630984716186,6.625667539565136,27.906600919548357,32.14446497851431,6.5,1.7336761273294103,31.501781657199224,1.4232307752451983,25.580046534609252,71.19079672206715,237.20610781616102,6.455310071750812,1.060206262723202,3.3685077858800434,0.5616142904936263,0.7603463382917379,0.04847473136239549,0.7664226377433498,0.7287939480848827,30.400000000000002,41.71275033208606,0.21294683476790421,synthetic,SPEC_V1,2026-10-07
OOD00012,5,41,ood,0.5007443722346654,0.12679252929371604,0.3724630984716186,6.625667539565136,27.906600919548357,32.14446497851431,6.5,1.7336761273294103,31.501781657199224,1.4232307752451983,25.580046534609252,71.19079672206715,237.20610781616102,6.455310071750812,1.060206262723202,3.3685077858800434,0.5616142904936263,0.7603463382917379,0.04847473136239549,0.7664226377433498,0.75,30.200000000000003,40.26666666666667,0.21294683476790421,synthetic,SPEC_V1,2026-10-07
OOD00012,6,41,ood,0.5007443722346654,0.12679252929371604,0.3724630984716186,6.625667539565136,27.906600919548357,32.14446497851431,6.5,1.7336761273294103,31.501781657199224,1.4232307752451983,25.580046534609252,71.19079672206715,237.20610781616102,6.455310071750812,1.060206262723202,3.3685077858800434,0.5616142904936263,0.7603463382917379,0.04847473136239549,0.7664226377433498,0.7421894401948154,31.200000000000003,42.03778484346314,0.21294683476790421,synthetic,SPEC_V1,2026-10-07
OOD00012,7,41,ood,0.5007443722346654,0.12679252929371604,0.3724630984716186,6.625667539565136,27.906600919548357,32.14446497851431,6.5,1.7336761273294103,31.501781657199224,1.4232307752451983,25.580046534609252,71.19079672206715,237.20610781616102,6.455310071750812,1.060206262723202,3.3685077858800434,0.5616142904936263,0.7603463382917379,0.04847473136239549,0.7664226377433498,0.7315394265504276,33.2,45.38374665129742,0.21294683476790421,synthetic,SPEC_V1,2026-10-07
OOD00013,0,41,ood,0.4964693772504521,0.14941562124636892,0.354115001503179,6.504256480647158,27.05767590443805,37.62045444338886,5.7,3.8668516408349234,24.301897126012207,1.0451591850223925,27.56672674877317,87.15640396287114,229.99024518772342,5.7042564806471585,0.9773159522444061,3.848783160916781,0.6012158411725625,0.7084782754131069,0.005207841640647283,0.11887909978708588,0.7213827278405829,0.0,0.0,1.0,synthetic,SPEC_V1,2026-10-07
OOD00013,1,41,ood,0.4964693772504521,0.14941562124636892,0.354115001503179,6.504256480647158,27.05767590443805,37.62045444338886,5.7,3.8668516408349234,24.301897126012207,1.0451591850223925,27.56672674877317,87.15640396287114,229.99024518772342,5.7042564806471585,0.9773159522444061,3.848783160916781,0.6012158411725625,0.7084782754131069,0.005207841640647283,0.11887909978708588,0.7147823486722925,0.0,0.0,1.0,synthetic,SPEC_V1,2026-10-07
OOD00013,2,41,ood,0.4964693772504521,0.14941562124636892,0.354115001503179,6.504256480647158,27.05767590443805,37.62045444338886,5.7,3.8668516408349234,24.301897126012207,1.0451591850223925,27.56672674877317,87.15640396287114,229.99024518772342,5.7042564806471585,0.9773159522444061,3.848783160916781,0.6012158411725625,0.7084782754131069,0.005207841640647283,0.11887909978708588,0.732463054864752,0.0,0.0,1.0,synthetic,SPEC_V1,2026-10-07
OOD00013,3,41,ood,0.4964693772504521,0.14941562124636892,0.354115001503179,6.504256480647158,27.05767590443805,37.62045444338886,5.7,3.8668516408349234,24.301897126012207,1.0451591850223925,27.56672674877317,87.15640396287114,229.99024518772342,5.7042564806471585,0.9773159522444061,3.848783160916781,0.6012158411725625,0.7084782754131069,0.005207841640647283,0.11887909978708588,0.7275182147261511,0.0,0.0,1.0,synthetic,SPEC_V1,2026-10-07
OOD00013,4,41,ood,0.4964693772504521,0.14941562124636892,0.354115001503179,6.504256480647158,27.05767590443805,37.62045444338886,5.7,3.8668516408349234,24.301897126012207,1.0451591850223925,27.56672674877317,87.15640396287114,229.99024518772342,5.7042564806471585,0.9773159522444061,3.848783160916781,0.6012158411725625,0.7084782754131069,0.005207841640647283,0.11887909978708588,0.7452408010214137,0.0,0.0,1.0,synthetic,SPEC_V1,2026-10-07
OOD00013,5,41,ood,0.4964693772504521,0.14941562124636892,0.354115001503179,6.504256480647158,27.05767590443805,37.62045444338886,5.7,3.8668516408349234,24.301897126012207,1.0451591850223925,27.56672674877317,87.15640396287114,229.99024518772342,5.7042564806471585,0.9773159522444061,3.848783160916781,0.6012158411725625,0.7084782754131069,0.005207841640647283,0.11887909978708588,0.7492324089487984,0.0,0.0,1.0,synthetic,SPEC_V1,2026-10-07
OOD00013,6,41,ood,0.4964693772504521,0.14941562124636892,0.354115001503179,6.504256480647158,27.05767590443805,37.62045444338886,5.7,3.8668516408349234,24.301897126012207,1.0451591850223925,27.56672674877317,87.15640396287114,229.99024518772342,5.7042564806471585,0.9773159522444061,3.848783160916781,0.6012158411725625,0.7084782754131069,0.005207841640647283,0.11887909978708588,0.7362240484763435,0.0,0.0,1.0,synthetic,SPEC_V1,2026-10-07
OOD00013,7,41,ood,0.4964693772504521,0.14941562124636892,0.354115001503179,6.504256480647158,27.05767590443805,37.62045444338886,5.7,3.8668516408349234,24.301897126012207,1.0451591850223925,27.56672674877317,87.15640396287114,229.99024518772342,5.7042564806471585,0.9773159522444061,3.848783160916781,0.6012158411725625,0.7084782754131069,0.005207841640647283,0.11887909978708588,0.7171471502141424,0.0,0.0,1.0,synthetic,SPEC_V1,2026-10-07
OOD00014,0,41,ood,0.4782500221157948,0.153330619370569,0.36841935851363616,7.109548228078777,24.451060797656126,38.39348321887382,6.300000000000001,2.8970845517032977,21.58649866716193,1.927857382598019,30.498120958682957,53.56956367653011,207.83401678007706,6.309548228078778,0.9188409016731394,3.569139674146194,0.6303987185958947,0.7386318705532239,0.047761906154637594,0.6433542631154378,0.7394533488552913,7.4,10.007392638704726,1.0,synthetic,SPEC_V1,2026-10-07
OOD00014,1,41,ood,0.4782500221157948,0.153330619370569,0.36841935851363616,7.109548228078777,24.451060797656126,38.39348321887382,6.300000000000001,2.8970845517032977,21.58649866716193,1.927857382598019,30.498120958682957,53.56956367653011,207.83401678007706,6.309548228078778,0.9188409016731394,3.569139674146194,0.6303987185958947,0.7386318705532239,0.047761906154637594,0.6433542631154378,0.7324922006317774,6.300000000000001,8.600774171474079,1.0,synthetic,SPEC_V1,2026-10-07
OOD00014,2,41,ood,0.4782500221157948,0.153330619370569,0.36841935851363616,7.109548228078777,24.451060797656126,38.39348321887382,6.300000000000001,2.8970845517032977,21.58649866716193,1.927857382598019,30.498120958682957,53.56956367653011,207.83401678007706,6.309548228078778,0.9188409016731394,3.569139674146194,0.6303987185958947,0.7386318705532239,0.047761906154637594,0.6433542631154378,0.7309351664786305,6.800000000000001,9.303150692228739,1.0,synthetic,SPEC_V1,2026-10-07
OOD00014,3,41,ood,0.4782500221157948,0.153330619370569,0.36841935851363616,7.109548228078777,24.451060797656126,38.39348321887382,6.300000000000001,2.8970845517032977,21.58649866716193,1.927857382598019,30.498120958682957,53.56956367653011,207.83401678007706,6.309548228078778,0.9188409016731394,3.569139674146194,0.6303987185958947,0.7386318705532239,0.047761906154637594,0.6433542631154378,0.7405847698653941,6.7,9.046904922467913,1.0,synthetic,SPEC_V1,2026-10-07
OOD00014,4,41,ood,0.4782500221157948,0.153330619370569,0.36841935851363616,7.109548228078777,24.451060797656126,38.39348321887382,6.300000000000001,2.8970845517032977,21.58649866716193,1.927857382598019,30.498120958682957,53.56956367653011,207.83401678007706,6.309548228078778,0.9188409016731394,3.569139674146194,0.6303987185958947,0.7386318705532239,0.047761906154637594,0.6433542631154378,0.745147853958811,6.7,8.991504121503317,1.0,synthetic,SPEC_V1,2026-10-07
OOD00014,5,41,ood,0.4782500221157948,0.153330619370569,0.36841935851363616,7.109548228078777,24.451060797656126,38.39348321887382,6.300000000000001,2.8970845517032977,21.58649866716193,1.927857382598019,30.498120958682957,53.56956367653011,207.83401678007706,6.309548228078778,0.9188409016731394,3.569139674146194,0.6303987185958947,0.7386318705532239,0.047761906154637594,0.6433542631154378,0.7381369148601328,6.0,8.128573275781664,1.0,synthetic,SPEC_V1,2026-10-07
OOD00014,6,41,ood,0.4782500221157948,0.153330619370569,0.36841935851363616,7.109548228078777,24.451060797656126,38.39348321887382,6.300000000000001,2.8970845517032977,21.58649866716193,1.927857382598019,30.498120958682957,53.56956367653011,207.83401678007706,6.309548228078778,0.9188409016731394,3.569139674146194,0.6303987185958947,0.7386318705532239,0.047761906154637594,0.6433542631154378,0.7223607496731925,7.0,9.690448994033675,1.0,synthetic,SPEC_V1,2026-10-07
OOD00014,7,41,ood,0.4782500221157948,0.153330619370569,0.36841935851363616,7.109548228078777,24.451060797656126,38.39348321887382,6.300000000000001,2.8970845517032977,21.58649866716193,1.927857382598019,30.498120958682957,53.56956367653011,207.83401678007706,6.309548228078778,0.9188409016731394,3.569139674146194,0.6303987185958947,0.7386318705532239,0.047761906154637594,0.6433542631154378,0.75,7.0,9.333333333333334,1.0,synthetic,SPEC_V1,2026-10-07
OOD00015,0,41,ood,0.48052965615651766,0.15797137975427333,0.361498964089209,6.7604398376719175,25.860461405544854,53.179667768093644,6.0,2.7969563480140573,20.988585473775558,1.5025247262937909,30.823895280980558,84.03452614763826,219.81392194713126,5.960439837671918,0.9535500609152904,3.8891225563888847,0.6129595695504552,0.7041527018104019,0.013924295521609523,0.2534190785337155,0.7443168279854638,0.30000000000000004,0.4030541682256026,1.0,synthetic,SPEC_V1,2026-10-07
OOD00015,1,41,ood,0.48052965615651766,0.15797137975427333,0.361498964089209,6.7604398376719175,25.860461405544854,53.179667768093644,6.0,2.7969563480140573,20.988585473775558,1.5025247262937909,30.823895280980558,84.03452614763826,219.81392194713126,5.960439837671918,0.9535500609152904,3.8891225563888847,0.6129595695504552,0.7041527018104019,0.013924295521609523,0.2534190785337155,0.7325012670018306,0.30000000000000004,0.40955560558675497,1.0,synthetic,SPEC_V1,2026-10-07
OOD00015,2,41,ood,0.48052965615651766,0.15797137975427333,0.361498964089209,6.7604398376719175,25.860461405544854,53.179667768093644,6.0,2.7969563480140573,20.988585473775558,1.5025247262937909,30.823895280980558,84.03452614763826,219.81392194713126,5.960439837671918,0.9535500609152904,3.8891225563888847,0.6129595695504552,0.7041527018104019,0.013924295521609523,0.2534190785337155,0.75,0.4,0.5333333333333333,1.0,synthetic,SPEC_V1,2026-10-07
OOD00015,3,41,ood,0.48052965615651766,0.15797137975427333,0.361498964089209,6.7604398376719175,25.860461405544854,53.179667768093644,6.0,2.7969563480140573,20.988585473775558,1.5025247262937909,30.823895280980558,84.03452614763826,219.81392194713126,5.960439837671918,0.9535500609152904,3.8891225563888847,0.6129595695504552,0.7041527018104019,0.013924295521609523,0.2534190785337155,0.7347162606859041,0.4,0.544427857941479,1.0,synthetic,SPEC_V1,2026-10-07
OOD00015,4,41,ood,0.48052965615651766,0.15797137975427333,0.361498964089209,6.7604398376719175,25.860461405544854,53.179667768093644,6.0,2.7969563480140573,20.988585473775558,1.5025247262937909,30.823895280980558,84.03452614763826,219.81392194713126,5.960439837671918,0.9535500609152904,3.8891225563888847,0.6129595695504552,0.7041527018104019,0.013924295521609523,0.2534190785337155,0.7452247508498828,0.30000000000000004,0.40256311892200114,1.0,synthetic,SPEC_V1,2026-10-07
OOD00015,5,41,ood,0.48052965615651766,0.15797137975427333,0.361498964089209,6.7604398376719175,25.860461405544854,53.179667768093644,6.0,2.7969563480140573,20.988585473775558,1.5025247262937909,30.823895280980558,84.03452614763826,219.81392194713126,5.960439837671918,0.9535500609152904,3.8891225563888847,0.6129595695504552,0.7041527018104019,0.013924295521609523,0.2534190785337155,0.7470754984230945,0.30000000000000004,0.40156583990939526,1.0,synthetic,SPEC_V1,2026-10-07
OOD00015,6,41,ood,0.48052965615651766,0.15797137975427333,0.361498964089209,6.7604398376719175,25.860461405544854,53.179667768093644,6.0,2.7969563480140573,20.988585473775558,1.5025247262937909,30.823895280980558,84.03452614763826,219.81392194713126,5.960439837671918,0.9535500609152904,3.8891225563888847,0.6129595695504552,0.7041527018104019,0.013924295521609523,0.2534190785337155,0.7305002120682825,0.4,0.5475699984637521,1.0,synthetic,SPEC_V1,2026-10-07
OOD00015,7,41,ood,0.48052965615651766,0.15797137975427333,0.361498964089209,6.7604398376719175,25.860461405544854,53.179667768093644,6.0,2.7969563480140573,20.988585473775558,1.5025247262937909,30.823895280980558,84.03452614763826,219.81392194713126,5.960439837671918,0.9535500609152904,3.8891225563888847,0.6129595695504552,0.7041527018104019,0.013924295521609523,0.2534190785337155,0.7270005793232642,0.4,0.5502058889311258,1.0,synthetic,SPEC_V1,2026-10-07
OOD00016,0,41,ood,0.5670053163375101,0.09849828778233925,0.3344963958801507,7.290946419812213,23.364693230424045,30.079732606015046,6.5,3.4943948618108918,25.146661625211113,2.758748389537949,28.751355969220526,70.06489815056253,198.5998924586044,6.4909464198122135,0.7971713789950642,2.190915928424075,0.693814668612478,0.8823505059448195,0.06945874363751339,0.8256439006603298,0.7136655182905453,17.400000000000002,24.381169545193256,1.0,synthetic,SPEC_V1,2026-10-07
OOD00016,1,41,ood,0.5670053163375101,0.09849828778233925,0.3344963958801507,7.290946419812213,23.364693230424045,30.079732606015046,6.5,3.4943948618108918,25.146661625211113,2.758748389537949,28.751355969220526,70.06489815056253,198.5998924586044,6.4909464198122135,0.7971713789950642,2.190915928424075,0.693814668612478,0.8823505059448195,0.06945874363751339,0.8256439006603298,0.72708895784462,17.8,24.481185978626684,1.0,synthetic,SPEC_V1,2026-10-07
OOD00016,2,41,ood,0.5670053163375101,0.09849828778233925,0.3344963958801507,7.290946419812213,23.364693230424045,30.079732606015046,6.5,3.4943948618108918,25.146661625211113,2.758748389537949,28.751355969220526,70.06489815056253,198.5998924586044,6.4909464198122135,0.7971713789950642,2.190915928424075,0.693814668612478,0.8823505059448195,0.06945874363751339,0.8256439006603298,0.7148158774055424,17.0,23.782348066613032,1.0,synthetic,SPEC_V1,2026-10-07
OOD00016,3,41,ood,0.5670053163375101,0.09849828778233925,0.3344963958801507,7.290946419812213,23.364693230424045,30.079732606015046,6.5,3.4943948618108918,25.146661625211113,2.758748389537949,28.751355969220526,70.06489815056253,198.5998924586044,6.4909464198122135,0.7971713789950642,2.190915928424075,0.693814668612478,0.8823505059448195,0.06945874363751339,0.8256439006603298,0.7115559919555131,16.5,23.18861788325941,1.0,synthetic,SPEC_V1,2026-10-07
OOD00016,4,41,ood,0.5670053163375101,0.09849828778233925,0.3344963958801507,7.290946419812213,23.364693230424045,30.079732606015046,6.5,3.4943948618108918,25.146661625211113,2.758748389537949,28.751355969220526,70.06489815056253,198.5998924586044,6.4909464198122135,0.7971713789950642,2.190915928424075,0.693814668612478,0.8823505059448195,0.06945874363751339,0.8256439006603298,0.7214097993332127,14.700000000000001,20.376767842060048,1.0,synthetic,SPEC_V1,2026-10-07
OOD00016,5,41,ood,0.5670053163375101,0.09849828778233925,0.3344963958801507,7.290946419812213,23.364693230424045,30.079732606015046,6.5,3.4943948618108918,25.146661625211113,2.758748389537949,28.751355969220526,70.06489815056253,198.5998924586044,6.4909464198122135,0.7971713789950642,2.190915928424075,0.693814668612478,0.8823505059448195,0.06945874363751339,0.8256439006603298,0.7097078697792895,17.6,24.79893594173246,1.0,synthetic,SPEC_V1,2026-10-07
OOD00016,6,41,ood,0.5670053163375101,0.09849828778233925,0.3344963958801507,7.290946419812213,23.364693230424045,30.079732606015046,6.5,3.4943948618108918,25.146661625211113,2.758748389537949,28.751355969220526,70.06489815056253,198.5998924586044,6.4909464198122135,0.7971713789950642,2.190915928424075,0.693814668612478,0.8823505059448195,0.06945874363751339,0.8256439006603298,0.7057390017854291,17.6,24.938397843217192,1.0,synthetic,SPEC_V1,2026-10-07
OOD00016,7,41,ood,0.5670053163375101,0.09849828778233925,0.3344963958801507,7.290946419812213,23.364693230424045,30.079732606015046,6.5,3.4943948618108918,25.146661625211113,2.758748389537949,28.751355969220526,70.06489815056253,198.5998924586044,6.4909464198122135,0.7971713789950642,2.190915928424075,0.693814668612478,0.8823505059448195,0.06945874363751339,0.8256439006603298,0.7159579079810308,17.0,23.74441264003807,1.0,synthetic,SPEC_V1,2026-10-07
OOD00017,0,41,ood,0.4801043440356445,0.17247114279659792,0.3474245131677575,7.202776779316524,22.79955912361551,44.962673811715284,6.4,3.3886407392453077,25.83966995868711,2.1472049232491734,31.9450559353897,73.48540884916285,193.79625255073182,6.4027767793165244,0.8079548243540855,3.7435172484777555,0.6880763541321486,0.7197995877893627,0.02755026918117188,0.5092840652540105,0.7233499066368837,5.5,7.603512421217411,1.0,synthetic,SPEC_V1,2026-10-07
OOD00017,1,41,ood,0.4801043440356445,0.17247114279659792,0.3474245131677575,7.202776779316524,22.79955912361551,44.962673811715284,6.4,3.3886407392453077,25.83966995868711,2.1472049232491734,31.9450559353897,73.48540884916285,193.79625255073182,6.4027767793165244,0.8079548243540855,3.7435172484777555,0.6880763541321486,0.7197995877893627,0.02755026918117188,0.5092840652540105,0.7206461418053385,6.0,8.325861545541619,1.0,synthetic,SPEC_V1,2026-10-07
OOD00017,2,41,ood,0.4801043440356445,0.17247114279659792,0.3474245131677575,7.202776779316524,22.79955912361551,44.962673811715284,6.4,3.3886407392453077,25.83966995868711,2.1472049232491734,31.9450559353897,73.48540884916285,193.79625255073182,6.4027767793165244,0.8079548243540855,3.7435172484777555,0.6880763541321486,0.7197995877893627,0.02755026918117188,0.5092840652540105,0.729501545712556,6.1000000000000005,8.361873988960088,1.0,synthetic,SPEC_V1,2026-10-07
OOD00017,3,41,ood,0.4801043440356445,0.17247114279659792,0.3474245131677575,7.202776779316524,22.79955912361551,44.962673811715284,6.4,3.3886407392453077,25.83966995868711,2.1472049232491734,31.9450559353897,73.48540884916285,193.79625255073182,6.4027767793165244,0.8079548243540855,3.7435172484777555,0.6880763541321486,0.7197995877893627,0.02755026918117188,0.5092840652540105,0.7306930492925073,6.1000000000000005,8.34823871105154,1.0,synthetic,SPEC_V1,2026-10-07
OOD00017,4,41,ood,0.4801043440356445,0.17247114279659792,0.3474245131677575,7.202776779316524,22.79955912361551,44.962673811715284,6.4,3.3886407392453077,25.83966995868711,2.1472049232491734,31.9450559353897,73.48540884916285,193.79625255073182,6.4027767793165244,0.8079548243540855,3.7435172484777555,0.6880763541321486,0.7197995877893627,0.02755026918117188,0.5092840652540105,0.7230541620611584,6.7,9.266249129803489,1.0,synthetic,SPEC_V1,2026-10-07
OOD00017,5,41,ood,0.4801043440356445,0.17247114279659792,0.3474245131677575,7.202776779316524,22.79955912361551,44.962673811715284,6.4,3.3886407392453077,25.83966995868711,2.1472049232491734,31.9450559353897,73.48540884916285,193.79625255073182,6.4027767793165244,0.8079548243540855,3.7435172484777555,0.6880763541321486,0.7197995877893627,0.02755026918117188,0.5092840652540105,0.7180776677022428,6.300000000000001,8.773424217688317,1.0,synthetic,SPEC_V1,2026-10-07
OOD00017,6,41,ood,0.4801043440356445,0.17247114279659792,0.3474245131677575,7.202776779316524,22.79955912361551,44.962673811715284,6.4,3.3886407392453077,25.83966995868711,2.1472049232491734,31.9450559353897,73.48540884916285,193.79625255073182,6.4027767793165244,0.8079548243540855,3.7435172484777555,0.6880763541321486,0.7197995877893627,0.02755026918117188,0.5092840652540105,0.7223596480520424,6.2,8.582982198298708,1.0,synthetic,SPEC_V1,2026-10-07
OOD00017,7,41,ood,0.4801043440356445,0.17247114279659792,0.3474245131677575,7.202776779316524,22.79955912361551,44.962673811715284,6.4,3.3886407392453077,25.83966995868711,2.1472049232491734,31.9450559353897,73.48540884916285,193.79625255073182,6.4027767793165244,0.8079548243540855,3.7435172484777555,0.6880763541321486,0.7197995877893627,0.02755026918117188,0.5092840652540105,0.7350992397103686,5.7,7.754055088188934,1.0,synthetic,SPEC_V1,2026-10-07
OOD00018,0,41,ood,0.5584403744188485,0.12306945884653168,0.31849016673461983,6.874511617190798,26.22695070432588,54.956137727890706,6.7,1.7813682147407095,33.69775933873119,2.0038252372010863,29.13519477824995,24.944899679049442,222.92908098676997,6.743772857650418,0.8520086420816633,3.072805272117999,0.6648448912662962,0.7922163469263702,0.10504226732646521,0.9572021760421825,0.7074805726110215,110.5,156.18803438261165,0.16342344942547538,synthetic,SPEC_V1,2026-10-07
OOD00018,1,41,ood,0.5584403744188485,0.12306945884653168,0.31849016673461983,6.874511617190798,26.22695070432588,54.956137727890706,6.7,1.7813682147407095,33.69775933873119,2.0038252372010863,29.13519477824995,24.944899679049442,222.92908098676997,6.743772857650418,0.8520086420816633,3.072805272117999,0.6648448912662962,0.7922163469263702,0.10504226732646521,0.9572021760421825,0.7074165714836845,108.2,152.95089818587246,0.16342344942547538,synthetic,SPEC_V1,2026-10-07
OOD00018,2,41,ood,0.5584403744188485,0.12306945884653168,0.31849016673461983,6.874511617190798,26.22695070432588,54.956137727890706,6.7,1.7813682147407095,33.69775933873119,2.0038252372010863,29.13519477824995,24.944899679049442,222.92908098676997,6.743772857650418,0.8520086420816633,3.072805272117999,0.6648448912662962,0.7922163469263702,0.10504226732646521,0.9572021760421825,0.7016538848231888,103.80000000000001,147.93618655180222,0.16342344942547538,synthetic,SPEC_V1,2026-10-07
OOD00018,3,41,ood,0.5584403744188485,0.12306945884653168,0.31849016673461983,6.874511617190798,26.22695070432588,54.956137727890706,6.7,1.7813682147407095,33.69775933873119,2.0038252372010863,29.13519477824995,24.944899679049442,222.92908098676997,6.743772857650418,0.8520086420816633,3.072805272117999,0.6648448912662962,0.7922163469263702,0.10504226732646521,0.9572021760421825,0.7027517293669042,103.30000000000001,146.993590599999,0.16342344942547538,synthetic,SPEC_V1,2026-10-07
OOD00018,4,41,ood,0.5584403744188485,0.12306945884653168,0.31849016673461983,6.874511617190798,26.22695070432588,54.956137727890706,6.7,1.7813682147407095,33.69775933873119,2.0038252372010863,29.13519477824995,24.944899679049442,222.92908098676997,6.743772857650418,0.8520086420816633,3.072805272117999,0.6648448912662962,0.7922163469263702,0.10504226732646521,0.9572021760421825,0.7085920243251843,108.30000000000001,152.83829944760907,0.16342344942547538,synthetic,SPEC_V1,2026-10-07
OOD00018,5,41,ood,0.5584403744188485,0.12306945884653168,0.31849016673461983,6.874511617190798,26.22695070432588,54.956137727890706,6.7,1.7813682147407095,33.69775933873119,2.0038252372010863,29.13519477824995,24.944899679049442,222.92908098676997,6.743772857650418,0.8520086420816633,3.072805272117999,0.6648448912662962,0.7922163469263702,0.10504226732646521,0.9572021760421825,0.7078479326729168,112.0,158.22607488175444,0.16342344942547538,synthetic,SPEC_V1,2026-10-07
OOD00018,6,41,ood,0.5584403744188485,0.12306945884653168,0.31849016673461983,6.874511617190798,26.22695070432588,54.956137727890706,6.7,1.7813682147407095,33.69775933873119,2.0038252372010863,29.13519477824995,24.944899679049442,222.92908098676997,6.743772857650418,0.8520086420816633,3.072805272117999,0.6648448912662962,0.7922163469263702,0.10504226732646521,0.9572021760421825,0.7180422590025233,125.0,174.0844615101696,0.16342344942547538,synthetic,SPEC_V1,2026-10-07
OOD00018,7,41,ood,0.5584403744188485,0.12306945884653168,0.31849016673461983,6.874511617190798,26.22695070432588,54.956137727890706,6.7,1.7813682147407095,33.69775933873119,2.0038252372010863,29.13519477824995,24.944899679049442,222.92908098676997,6.743772857650418,0.8520086420816633,3.072805272117999,0.6648448912662962,0.7922163469263702,0.10504226732646521,0.9572021760421825,0.7127476919865675,99.0,138.89908183927975,0.16342344942547538,synthetic,SPEC_V1,2026-10-07
OOD00019,0,41,ood,0.5579604820666693,0.10879239640372965,0.33324712152960106,6.955444210168888,27.540727519688687,52.81681638631949,6.2,2.9863977726162068,27.954032586850087,2.9167010399693276,31.362234490106665,63.36328970642644,234.0961839173538,6.197279396556199,0.936142553418267,2.8524031017817615,0.6216642531418797,0.8156569251965757,0.04258733903620309,0.6959271180962481,0.7221279546738426,4.5,6.231582603712491,0.9477060170158595,synthetic,SPEC_V1,2026-10-07
OOD00019,1,41,ood,0.5579604820666693,0.10879239640372965,0.33324712152960106,6.955444210168888,27.540727519688687,52.81681638631949,6.2,2.9863977726162068,27.954032586850087,2.9167010399693276,31.362234490106665,63.36328970642644,234.0961839173538,6.197279396556199,0.936142553418267,2.8524031017817615,0.6216642531418797,0.8156569251965757,0.04258733903620309,0.6959271180962481,0.7219147902917453,4.6000000000000005,6.371943146006215,0.9477060170158595,synthetic,SPEC_V1,2026-10-07
OOD00019,2,41,ood,0.5579604820666693,0.10879239640372965,0.33324712152960106,6.955444210168888,27.540727519688687,52.81681638631949,6.2,2.9863977726162068,27.954032586850087,2.9167010399693276,31.362234490106665,63.36328970642644,234.0961839173538,6.197279396556199,0.936142553418267,2.8524031017817615,0.6216642531418797,0.8156569251965757,0.04258733903620309,0.6959271180962481,0.7239463507035319,4.800000000000001,6.630325569478119,0.9477060170158595,synthetic,SPEC_V1,2026-10-07
OOD00019,3,41,ood,0.5579604820666693,0.10879239640372965,0.33324712152960106,6.955444210168888,27.540727519688687,52.81681638631949,6.2,2.9863977726162068,27.954032586850087,2.9167010399693276,31.362234490106665,63.36328970642644,234.0961839173538,6.197279396556199,0.936142553418267,2.8524031017817615,0.6216642531418797,0.8156569251965757,0.04258733903620309,0.6959271180962481,0.7169272022033263,5.1000000000000005,7.113692972349513,0.9477060170158595,synthetic,SPEC_V1,2026-10-07
OOD00019,4,41,ood,0.5579604820666693,0.10879239640372965,0.33324712152960106,6.955444210168888,27.540727519688687,52.81681638631949,6.2,2.9863977726162068,27.954032586850087,2.9167010399693276,31.362234490106665,63.36328970642644,234.0961839173538,6.197279396556199,0.936142553418267,2.8524031017817615,0.6216642531418797,0.8156569251965757,0.04258733903620309,0.6959271180962481,0.7258709075177616,4.5,6.199449452229063,0.9477060170158595,synthetic,SPEC_V1,2026-10-07
OOD00019,5,41,ood,0.5579604820666693,0.10879239640372965,0.33324712152960106,6.955444210168888,27.540727519688687,52.81681638631949,6.2,2.9863977726162068,27.954032586850087,2.9167010399693276,31.362234490106665,63.36328970642644,234.0961839173538,6.197279396556199,0.936142553418267,2.8524031017817615,0.6216642531418797,0.8156569251965757,0.04258733903620309,0.6959271180962481,0.7268626433210496,4.7,6.4661460362381655,0.9477060170158595,synthetic,SPEC_V1,2026-10-07
OOD00019,6,41,ood,0.5579604820666693,0.10879239640372965,0.33324712152960106,6.955444210168888,27.540727519688687,52.81681638631949,6.2,2.9863977726162068,27.954032586850087,2.9167010399693276,31.362234490106665,63.36328970642644,234.0961839173538,6.197279396556199,0.936142553418267,2.8524031017817615,0.6216642531418797,0.8156569251965757,0.04258733903620309,0.6959271180962481,0.7111320299323005,4.800000000000001,6.749801440468036,0.9477060170158595,synthetic,SPEC_V1,2026-10-07
OOD00019,7,41,ood,0.5579604820666693,0.10879239640372965,0.33324712152960106,6.955444210168888,27.540727519688687,52.81681638631949,6.2,2.9863977726162068,27.954032586850087,2.9167010399693276,31.362234490106665,63.36328970642644,234.0961839173538,6.197279396556199,0.936142553418267,2.8524031017817615,0.6216642531418797,0.8156569251965757,0.04258733903620309,0.6959271180962481,0.7372284365835305,4.4,5.968299351542261,0.9477060170158595,synthetic,SPEC_V1,2026-10-07
OOD00020,0,41,ood,0.5620021316442875,0.11112681506201216,0.32687105329370036,7.122219373504391,24.31616408571637,35.61294922780553,6.300000000000001,3.2688446433416303,25.46053852803492,1.7078308908954831,26.440719683124783,29.561044847991745,206.68739472858914,6.3222193735043914,0.810721517009577,2.57247333164114,0.6866070782359408,0.8447210522135835,0.07127280223056107,0.8371040991343894,0.7094487200005644,14.5,20.438404624915616,1.0,synthetic,SPEC_V1,2026-10-07
OOD00020,1,41,ood,0.5620021316442875,0.11112681506201216,0.32687105329370036,7.122219373504391,24.31616408571637,35.61294922780553,6.300000000000001,3.2688446433416303,25.46053852803492,1.7078308908954831,26.440719683124783,29.561044847991745,206.68739472858914,6.3222193735043914,0.810721517009577,2.57247333164114,0.6866070782359408,0.8447210522135835,0.07127280223056107,0.8371040991343894,0.719944830982856,14.5,20.14043212200698,1.0,synthetic,SPEC_V1,2026-10-07
OOD00020,2,41,ood,0.5620021316442875,0.11112681506201216,0.32687105329370036,7.122219373504391,24.31616408571637,35.61294922780553,6.300000000000001,3.2688446433416303,25.46053852803492,1.7078308908954831,26.440719683124783,29.561044847991745,206.68739472858914,6.3222193735043914,0.810721517009577,2.57247333164114,0.6866070782359408,0.8447210522135835,0.07127280223056107,0.8371040991343894,0.7188772303660322,14.3,19.89213094525033,1.0,synthetic,SPEC_V1,2026-10-07
OOD00020,3,41,ood,0.5620021316442875,0.11112681506201216,0.32687105329370036,7.122219373504391,24.31616408571637,35.61294922780553,6.300000000000001,3.2688446433416303,25.46053852803492,1.7078308908954831,26.440719683124783,29.561044847991745,206.68739472858914,6.3222193735043914,0.810721517009577,2.57247333164114,0.6866070782359408,0.8447210522135835,0.07127280223056107,0.8371040991343894,0.7066413044688344,13.8,19.529002780799992,1.0,synthetic,SPEC_V1,2026-10-07
OOD00020,4,41,ood,0.5620021316442875,0.11112681506201216,0.32687105329370036,7.122219373504391,24.31616408571637,35.61294922780553,6.300000000000001,3.2688446433416303,25.46053852803492,1.7078308908954831,26.440719683124783,29.561044847991745,206.68739472858914,6.3222193735043914,0.810721517009577,2.57247333164114,0.6866070782359408,0.8447210522135835,0.07127280223056107,0.8371040991343894,0.7186492105556874,14.700000000000001,20.455042298917146,1.0,synthetic,SPEC_V1,2026-10-07
OOD00020,5,41,ood,0.5620021316442875,0.11112681506201216,0.32687105329370036,7.122219373504391,24.31616408571637,35.61294922780553,6.300000000000001,3.2688446433416303,25.46053852803492,1.7078308908954831,26.440719683124783,29.561044847991745,206.68739472858914,6.3222193735043914,0.810721517009577,2.57247333164114,0.6866070782359408,0.8447210522135835,0.07127280223056107,0.8371040991343894,0.7061720006952028,14.4,20.391632613334544,1.0,synthetic,SPEC_V1,2026-10-07
OOD00020,6,41,ood,0.5620021316442875,0.11112681506201216,0.32687105329370036,7.122219373504391,24.31616408571637,35.61294922780553,6.300000000000001,3.2688446433416303,25.46053852803492,1.7078308908954831,26.440719683124783,29.561044847991745,206.68739472858914,6.3222193735043914,0.810721517009577,2.57247333164114,0.6866070782359408,0.8447210522135835,0.07127280223056107,0.8371040991343894,0.7073412628435879,14.600000000000001,20.64067341597807,1.0,synthetic,SPEC_V1,2026-10-07
OOD00020,7,41,ood,0.5620021316442875,0.11112681506201216,0.32687105329370036,7.122219373504391,24.31616408571637,35.61294922780553,6.300000000000001,3.2688446433416303,25.46053852803492,1.7078308908954831,26.440719683124783,29.561044847991745,206.68739472858914,6.3222193735043914,0.810721517009577,2.57247333164114,0.6866070782359408,0.8447210522135835,0.07127280223056107,0.8371040991343894,0.7069446813044105,15.200000000000001,21.500975114423245,1.0,synthetic,SPEC_V1,2026-10-07
OOD00021,0,41,ood,0.569262331470187,0.11481916261235696,0.315918505917456,6.7972393159470315,27.32528335161874,40.38163252285157,6.7,1.8243526487411836,23.043708951173244,2.6390963510359837,27.870638077259603,65.12114528897636,232.2649084887593,6.657516304474184,0.8805213944018817,2.9868677772544867,0.6500195674398961,0.801400150801086,0.06235168029110842,0.7623161793624342,0.7261431040604602,52.800000000000004,72.71294005926931,0.17465376434105995,synthetic,SPEC_V1,2026-10-07
OOD00021,1,41,ood,0.569262331470187,0.11481916261235696,0.315918505917456,6.7972393159470315,27.32528335161874,40.38163252285157,6.7,1.8243526487411836,23.043708951173244,2.6390963510359837,27.870638077259603,65.12114528897636,232.2649084887593,6.657516304474184,0.8805213944018817,2.9868677772544867,0.6500195674398961,0.801400150801086,0.06235168029110842,0.7623161793624342,0.7064788209993512,56.0,79.2663535486953,0.17465376434105995,synthetic,SPEC_V1,2026-10-07
OOD00021,2,41,ood,0.569262331470187,0.11481916261235696,0.315918505917456,6.7972393159470315,27.32528335161874,40.38163252285157,6.7,1.8243526487411836,23.043708951173244,2.6390963510359837,27.870638077259603,65.12114528897636,232.2649084887593,6.657516304474184,0.8805213944018817,2.9868677772544867,0.6500195674398961,0.801400150801086,0.06235168029110842,0.7623161793624342,0.6930946471964446,53.0,76.46863269595869,0.17465376434105995,synthetic,SPEC_V1,2026-10-07
OOD00021,3,41,ood,0.569262331470187,0.11481916261235696,0.315918505917456,6.7972393159470315,27.32528335161874,40.38163252285157,6.7,1.8243526487411836,23.043708951173244,2.6390963510359837,27.870638077259603,65.12114528897636,232.2649084887593,6.657516304474184,0.8805213944018817,2.9868677772544867,0.6500195674398961,0.801400150801086,0.06235168029110842,0.7623161793624342,0.703747862805505,53.900000000000006,76.58993063954264,0.17465376434105995,synthetic,SPEC_V1,2026-10-07
OOD00021,4,41,ood,0.569262331470187,0.11481916261235696,0.315918505917456,6.7972393159470315,27.32528335161874,40.38163252285157,6.7,1.8243526487411836,23.043708951173244,2.6390963510359837,27.870638077259603,65.12114528897636,232.2649084887593,6.657516304474184,0.8805213944018817,2.9868677772544867,0.6500195674398961,0.801400150801086,0.06235168029110842,0.7623161793624342,0.7022942946127294,51.900000000000006,73.90064307530727,0.17465376434105995,synthetic,SPEC_V1,2026-10-07
OOD00021,5,41,ood,0.569262331470187,0.11481916261235696,0.315918505917456,6.7972393159470315,27.32528335161874,40.38163252285157,6.7,1.8243526487411836,23.043708951173244,2.6390963510359837,27.870638077259603,65.12114528897636,232.2649084887593,6.657516304474184,0.8805213944018817,2.9868677772544867,0.6500195674398961,0.801400150801086,0.06235168029110842,0.7623161793624342,0.705521439373174,52.300000000000004,74.1295686867664,0.17465376434105995,synthetic,SPEC_V1,2026-10-07
OOD00021,6,41,ood,0.569262331470187,0.11481916261235696,0.315918505917456,6.7972393159470315,27.32528335161874,40.38163252285157,6.7,1.8243526487411836,23.043708951173244,2.6390963510359837,27.870638077259603,65.12114528897636,232.2649084887593,6.657516304474184,0.8805213944018817,2.9868677772544867,0.6500195674398961,0.801400150801086,0.06235168029110842,0.7623161793624342,0.7168626692976976,51.6,71.98031395685864,0.17465376434105995,synthetic,SPEC_V1,2026-10-07
OOD00021,7,41,ood,0.569262331470187,0.11481916261235696,0.315918505917456,6.7972393159470315,27.32528335161874,40.38163252285157,6.7,1.8243526487411836,23.043708951173244,2.6390963510359837,27.870638077259603,65.12114528897636,232.2649084887593,6.657516304474184,0.8805213944018817,2.9868677772544867,0.6500195674398961,0.801400150801086,0.06235168029110842,0.7623161793624342,0.7103902625309583,52.7,74.18457540822975,0.17465376434105995,synthetic,SPEC_V1,2026-10-07
OOD00022,0,41,ood,0.448571595318453,0.18702906494765942,0.3643993397338876,7.242425126616759,26.168360691042636,40.849039378668856,7.1000000000000005,1.5192535128182592,31.398056384750944,1.7441752354391695,30.18584812231012,73.67354373629789,222.43106587386242,7.1324386034829255,0.972644802488884,4.659320317758369,0.6035109471116767,0.6238166347518376,0.06172451330397658,0.8430354662946977,0.75,78.80000000000001,105.06666666666668,0.13748315391729116,synthetic,SPEC_V1,2026-10-07
OOD00022,1,41,ood,0.448571595318453,0.18702906494765942,0.3643993397338876,7.242425126616759,26.168360691042636,40.849039378668856,7.1000000000000005,1.5192535128182592,31.398056384750944,1.7441752354391695,30.18584812231012,73.67354373629789,222.43106587386242,7.1324386034829255,0.972644802488884,4.659320317758369,0.6035109471116767,0.6238166347518376,0.06172451330397658,0.8430354662946977,0.7249950644323455,80.5,111.03523865094124,0.13748315391729116,synthetic,SPEC_V1,2026-10-07
OOD00022,2,41,ood,0.448571595318453,0.18702906494765942,0.3643993397338876,7.242425126616759,26.168360691042636,40.849039378668856,7.1000000000000005,1.5192535128182592,31.398056384750944,1.7441752354391695,30.18584812231012,73.67354373629789,222.43106587386242,7.1324386034829255,0.972644802488884,4.659320317758369,0.6035109471116767,0.6238166347518376,0.06172451330397658,0.8430354662946977,0.7183067469293384,82.7,115.13187138159431,0.13748315391729116,synthetic,SPEC_V1,2026-10-07
OOD00022,3,41,ood,0.448571595318453,0.18702906494765942,0.3643993397338876,7.242425126616759,26.168360691042636,40.849039378668856,7.1000000000000005,1.5192535128182592,31.398056384750944,1.7441752354391695,30.18584812231012,73.67354373629789,222.43106587386242,7.1324386034829255,0.972644802488884,4.659320317758369,0.6035109471116767,0.6238166347518376,0.06172451330397658,0.8430354662946977,0.7329413689330775,79.2,108.05775653690998,0.13748315391729116,synthetic,SPEC_V1,2026-10-07
OOD00022,4,41,ood,0.448571595318453,0.18702906494765942,0.3643993397338876,7.242425126616759,26.168360691042636,40.849039378668856,7.1000000000000005,1.5192535128182592,31.398056384750944,1.7441752354391695,30.18584812231012,73.67354373629789,222.43106587386242,7.1324386034829255,0.972644802488884,4.659320317758369,0.6035109471116767,0.6238166347518376,0.06172451330397658,0.8430354662946977,0.7451276897699926,79.2,106.29050710012885,0.13748315391729116,synthetic,SPEC_V1,2026-10-07
OOD00022,5,41,ood,0.448571595318453,0.18702906494765942,0.3643993397338876,7.242425126616759,26.168360691042636,40.849039378668856,7.1000000000000005,1.5192535128182592,31.398056384750944,1.7441752354391695,30.18584812231012,73.67354373629789,222.43106587386242,7.1324386034829255,0.972644802488884,4.659320317758369,0.6035109471116767,0.6238166347518376,0.06172451330397658,0.8430354662946977,0.75,80.9,107.86666666666667,0.13748315391729116,synthetic,SPEC_V1,2026-10-07
OOD00022,6,41,ood,0.448571595318453,0.18702906494765942,0.3643993397338876,7.242425126616759,26.168360691042636,40.849039378668856,7.1000000000000005,1.5192535128182592,31.398056384750944,1.7441752354391695,30.18584812231012,73.67354373629789,222.43106587386242,7.1324386034829255,0.972644802488884,4.659320317758369,0.6035109471116767,0.6238166347518376,0.06172451330397658,0.8430354662946977,0.75,82.60000000000001,110.13333333333334,0.13748315391729116,synthetic,SPEC_V1,2026-10-07
OOD00022,7,41,ood,0.448571595318453,0.18702906494765942,0.3643993397338876,7.242425126616759,26.168360691042636,40.849039378668856,7.1000000000000005,1.5192535128182592,31.398056384750944,1.7441752354391695,30.18584812231012,73.67354373629789,222.43106587386242,7.1324386034829255,0.972644802488884,4.659320317758369,0.6035109471116767,0.6238166347518376,0.06172451330397658,0.8430354662946977,0.7377819933361993,70.5,95.55668291822067,0.13748315391729116,synthetic,SPEC_V1,2026-10-07
OOD00023,0,41,ood,0.49523117386317717,0.18169373870831818,0.3230750874285046,7.033093411455296,22.28894134325636,34.07158650022472,6.2,3.516160785006548,22.625042492407132,2.6780868090853884,28.170059398915008,76.26940678592733,189.45600141767906,6.233093411455296,0.7345021706624587,3.8553725524503317,0.7274588396413055,0.7077711649432191,0.04629451513081796,0.6491566221317189,0.7099263209351825,5.800000000000001,8.169861898287824,1.0,synthetic,SPEC_V1,2026-10-07
OOD00023,1,41,ood,0.49523117386317717,0.18169373870831818,0.3230750874285046,7.033093411455296,22.28894134325636,34.07158650022472,6.2,3.516160785006548,22.625042492407132,2.6780868090853884,28.170059398915008,76.26940678592733,189.45600141767906,6.233093411455296,0.7345021706624587,3.8553725524503317,0.7274588396413055,0.7077711649432191,0.04629451513081796,0.6491566221317189,0.7160203261470689,6.300000000000001,8.79863290180675,1.0,synthetic,SPEC_V1,2026-10-07
OOD00023,2,41,ood,0.49523117386317717,0.18169373870831818,0.3230750874285046,7.033093411455296,22.28894134325636,34.07158650022472,6.2,3.516160785006548,22.625042492407132,2.6780868090853884,28.170059398915008,76.26940678592733,189.45600141767906,6.233093411455296,0.7345021706624587,3.8553725524503317,0.7274588396413055,0.7077711649432191,0.04629451513081796,0.6491566221317189,0.7051007873476586,6.1000000000000005,8.651245480729155,1.0,synthetic,SPEC_V1,2026-10-07
OOD00023,3,41,ood,0.49523117386317717,0.18169373870831818,0.3230750874285046,7.033093411455296,22.28894134325636,34.07158650022472,6.2,3.516160785006548,22.625042492407132,2.6780868090853884,28.170059398915008,76.26940678592733,189.45600141767906,6.233093411455296,0.7345021706624587,3.8553725524503317,0.7274588396413055,0.7077711649432191,0.04629451513081796,0.6491566221317189,0.6965699257797484,5.9,8.470075697562557,1.0,synthetic,SPEC_V1,2026-10-07
OOD00023,4,41,ood,0.49523117386317717,0.18169373870831818,0.3230750874285046,7.033093411455296,22.28894134325636,34.07158650022472,6.2,3.516160785006548,22.625042492407132,2.6780868090853884,28.170059398915008,76.26940678592733,189.45600141767906,6.233093411455296,0.7345021706624587,3.8553725524503317,0.7274588396413055,0.7077711649432191,0.04629451513081796,0.6491566221317189,0.7260018494324033,6.0,8.264441756850715,1.0,synthetic,SPEC_V1,2026-10-07
OOD00023,5,41,ood,0.49523117386317717,0.18169373870831818,0.3230750874285046,7.033093411455296,22.28894134325636,34.07158650022472,6.2,3.516160785006548,22.625042492407132,2.6780868090853884,28.170059398915008,76.26940678592733,189.45600141767906,6.233093411455296,0.7345021706624587,3.8553725524503317,0.7274588396413055,0.7077711649432191,0.04629451513081796,0.6491566221317189,0.7184336530528104,6.0,8.35150187425721,1.0,synthetic,SPEC_V1,2026-10-07
OOD00023,6,41,ood,0.49523117386317717,0.18169373870831818,0.3230750874285046,7.033093411455296,22.28894134325636,34.07158650022472,6.2,3.516160785006548,22.625042492407132,2.6780868090853884,28.170059398915008,76.26940678592733,189.45600141767906,6.233093411455296,0.7345021706624587,3.8553725524503317,0.7274588396413055,0.7077711649432191,0.04629451513081796,0.6491566221317189,0.7003415478760061,5.6000000000000005,7.996098499344591,1.0,synthetic,SPEC_V1,2026-10-07
OOD00023,7,41,ood,0.49523117386317717,0.18169373870831818,0.3230750874285046,7.033093411455296,22.28894134325636,34.07158650022472,6.2,3.516160785006548,22.625042492407132,2.6780868090853884,28.170059398915008,76.26940678592733,189.45600141767906,6.233093411455296,0.7345021706624587,3.8553725524503317,0.7274588396413055,0.7077711649432191,0.04629451513081796,0.6491566221317189,0.6967242339282422,5.800000000000001,8.324670963859942,1.0,synthetic,SPEC_V1,2026-10-07
OOD00024,0,41,ood,0.44339649536712444,0.191532562882629,0.36507094175024657,6.856529453152958,25.984283945668516,47.88869163793393,6.4,2.1659986261498356,24.867404903238047,2.576626927491747,26.01384934449901,41.65200829479451,220.8664135381824,6.350953566376602,0.967582915096604,4.737948346842217,0.6060053367449133,0.6159304820650605,0.021160172756500846,0.40915323953969496,0.7392413856795238,7.7,10.416083500143898,0.6319698584704447,synthetic,SPEC_V1,2026-10-07
OOD00024,1,41,ood,0.44339649536712444,0.191532562882629,0.36507094175024657,6.856529453152958,25.984283945668516,47.88869163793393,6.4,2.1659986261498356,24.867404903238047,2.576626927491747,26.01384934449901,41.65200829479451,220.8664135381824,6.350953566376602,0.967582915096604,4.737948346842217,0.6060053367449133,0.6159304820650605,0.021160172756500846,0.40915323953969496,0.728937204700344,8.3,11.386440349703397,0.6319698584704447,synthetic,SPEC_V1,2026-10-07
OOD00024,2,41,ood,0.44339649536712444,0.191532562882629,0.36507094175024657,6.856529453152958,25.984283945668516,47.88869163793393,6.4,2.1659986261498356,24.867404903238047,2.576626927491747,26.01384934449901,41.65200829479451,220.8664135381824,6.350953566376602,0.967582915096604,4.737948346842217,0.6060053367449133,0.6159304820650605,0.021160172756500846,0.40915323953969496,0.7225406242732574,7.9,10.933641285493039,0.6319698584704447,synthetic,SPEC_V1,2026-10-07
OOD00024,3,41,ood,0.44339649536712444,0.191532562882629,0.36507094175024657,6.856529453152958,25.984283945668516,47.88869163793393,6.4,2.1659986261498356,24.867404903238047,2.576626927491747,26.01384934449901,41.65200829479451,220.8664135381824,6.350953566376602,0.967582915096604,4.737948346842217,0.6060053367449133,0.6159304820650605,0.021160172756500846,0.40915323953969496,0.7340979479316977,7.0,9.535512283779463,0.6319698584704447,synthetic,SPEC_V1,2026-10-07
OOD00024,4,41,ood,0.44339649536712444,0.191532562882629,0.36507094175024657,6.856529453152958,25.984283945668516,47.88869163793393,6.4,2.1659986261498356,24.867404903238047,2.576626927491747,26.01384934449901,41.65200829479451,220.8664135381824,6.350953566376602,0.967582915096604,4.737948346842217,0.6060053367449133,0.6159304820650605,0.021160172756500846,0.40915323953969496,0.7373540358963284,7.300000000000001,9.900264519643013,0.6319698584704447,synthetic,SPEC_V1,2026-10-07
OOD00024,5,41,ood,0.44339649536712444,0.191532562882629,0.36507094175024657,6.856529453152958,25.984283945668516,47.88869163793393,6.4,2.1659986261498356,24.867404903238047,2.576626927491747,26.01384934449901,41.65200829479451,220.8664135381824,6.350953566376602,0.967582915096604,4.737948346842217,0.6060053367449133,0.6159304820650605,0.021160172756500846,0.40915323953969496,0.7309885902595346,7.5,10.260078064060009,0.6319698584704447,synthetic,SPEC_V1,2026-10-07
OOD00024,6,41,ood,0.44339649536712444,0.191532562882629,0.36507094175024657,6.856529453152958,25.984283945668516,47.88869163793393,6.4,2.1659986261498356,24.867404903238047,2.576626927491747,26.01384934449901,41.65200829479451,220.8664135381824,6.350953566376602,0.967582915096604,4.737948346842217,0.6060053367449133,0.6159304820650605,0.021160172756500846,0.40915323953969496,0.736169501028832,7.5,10.187871121417542,0.6319698584704447,synthetic,SPEC_V1,2026-10-07
OOD00024,7,41,ood,0.44339649536712444,0.191532562882629,0.36507094175024657,6.856529453152958,25.984283945668516,47.88869163793393,6.4,2.1659986261498356,24.867404903238047,2.576626927491747,26.01384934449901,41.65200829479451,220.8664135381824,6.350953566376602,0.967582915096604,4.737948346842217,0.6060053367449133,0.6159304820650605,0.021160172756500846,0.40915323953969496,0.7316930384005963,7.800000000000001,10.660208025280625,0.6319698584704447,synthetic,SPEC_V1,2026-10-07
OOD00025,0,41,ood,0.5272731470717682,0.16510219976687185,0.3076246531613599,6.522573889979349,26.63117467447203,52.49717376879897,6.1000000000000005,2.2100081206249453,25.635881377045163,2.8164292042658676,28.397094642503202,51.7491410932802,226.36498473301225,6.1191866045800065,0.8356253989964331,4.185815976116845,0.6734416746587552,0.6726324759558836,0.028730056534550123,0.5212229894979516,0.7067086497786074,11.8,16.697121230505132,0.5042341067491789,synthetic,SPEC_V1,2026-10-07
OOD00025,1,41,ood,0.5272731470717682,0.16510219976687185,0.3076246531613599,6.522573889979349,26.63117467447203,52.49717376879897,6.1000000000000005,2.2100081206249453,25.635881377045163,2.8164292042658676,28.397094642503202,51.7491410932802,226.36498473301225,6.1191866045800065,0.8356253989964331,4.185815976116845,0.6734416746587552,0.6726324759558836,0.028730056534550123,0.5212229894979516,0.6986638727745538,10.600000000000001,15.17181639563669,0.5042341067491789,synthetic,SPEC_V1,2026-10-07
OOD00025,2,41,ood,0.5272731470717682,0.16510219976687185,0.3076246531613599,6.522573889979349,26.63117467447203,52.49717376879897,6.1000000000000005,2.2100081206249453,25.635881377045163,2.8164292042658676,28.397094642503202,51.7491410932802,226.36498473301225,6.1191866045800065,0.8356253989964331,4.185815976116845,0.6734416746587552,0.6726324759558836,0.028730056534550123,0.5212229894979516,0.6883765621556271,10.8,15.689087330603149,0.5042341067491789,synthetic,SPEC_V1,2026-10-07
OOD00025,3,41,ood,0.5272731470717682,0.16510219976687185,0.3076246531613599,6.522573889979349,26.63117467447203,52.49717376879897,6.1000000000000005,2.2100081206249453,25.635881377045163,2.8164292042658676,28.397094642503202,51.7491410932802,226.36498473301225,6.1191866045800065,0.8356253989964331,4.185815976116845,0.6734416746587552,0.6726324759558836,0.028730056534550123,0.5212229894979516,0.6929622362524785,12.0,17.316960971633435,0.5042341067491789,synthetic,SPEC_V1,2026-10-07
OOD00025,4,41,ood,0.5272731470717682,0.16510219976687185,0.3076246531613599,6.522573889979349,26.63117467447203,52.49717376879897,6.1000000000000005,2.2100081206249453,25.635881377045163,2.8164292042658676,28.397094642503202,51.7491410932802,226.36498473301225,6.1191866045800065,0.8356253989964331,4.185815976116845,0.6734416746587552,0.6726324759558836,0.028730056534550123,0.5212229894979516,0.6847087139862225,11.9,17.379653211539893,0.5042341067491789,synthetic,SPEC_V1,2026-10-07
OOD00025,5,41,ood,0.5272731470717682,0.16510219976687185,0.3076246531613599,6.522573889979349,26.63117467447203,52.49717376879897,6.1000000000000005,2.2100081206249453,25.635881377045163,2.8164292042658676,28.397094642503202,51.7491410932802,226.36498473301225,6.1191866045800065,0.8356253989964331,4.185815976116845,0.6734416746587552,0.6726324759558836,0.028730056534550123,0.5212229894979516,0.7084036110738796,11.5,16.23368348245286,0.5042341067491789,synthetic,SPEC_V1,2026-10-07
OOD00025,6,41,ood,0.5272731470717682,0.16510219976687185,0.3076246531613599,6.522573889979349,26.63117467447203,52.49717376879897,6.1000000000000005,2.2100081206249453,25.635881377045163,2.8164292042658676,28.397094642503202,51.7491410932802,226.36498473301225,6.1191866045800065,0.8356253989964331,4.185815976116845,0.6734416746587552,0.6726324759558836,0.028730056534550123,0.5212229894979516,0.7058877469687649,11.5,16.29154217421041,0.5042341067491789,synthetic,SPEC_V1,2026-10-07
OOD00025,7,41,ood,0.5272731470717682,0.16510219976687185,0.3076246531613599,6.522573889979349,26.63117467447203,52.49717376879897,6.1000000000000005,2.2100081206249453,25.635881377045163,2.8164292042658676,28.397094642503202,51.7491410932802,226.36498473301225,6.1191866045800065,0.8356253989964331,4.185815976116845,0.6734416746587552,0.6726324759558836,0.028730056534550123,0.5212229894979516,0.6964203245313751,11.600000000000001,16.65660749893493,0.5042341067491789,synthetic,SPEC_V1,2026-10-07
OOD00026,0,41,ood,0.45794984005875977,0.17925006247860492,0.36280009746263536,7.26472651579521,22.94234594886863,30.50939421312832,6.5,3.882261161170374,30.10440589535952,1.8833056934127466,25.82423846277241,20.96336908647969,195.00994056538337,6.46472651579521,0.8489955053196457,3.9150209313929283,0.6664218898901701,0.7013799216413674,0.05790843839299005,0.8239968087119136,0.7336474823737655,13.700000000000001,18.673818597008925,1.0,synthetic,SPEC_V1,2026-10-07
OOD00026,1,41,ood,0.45794984005875977,0.17925006247860492,0.36280009746263536,7.26472651579521,22.94234594886863,30.50939421312832,6.5,3.882261161170374,30.10440589535952,1.8833056934127466,25.82423846277241,20.96336908647969,195.00994056538337,6.46472651579521,0.8489955053196457,3.9150209313929283,0.6664218898901701,0.7013799216413674,0.05790843839299005,0.8239968087119136,0.75,14.3,19.066666666666666,1.0,synthetic,SPEC_V1,2026-10-07
OOD00026,2,41,ood,0.45794984005875977,0.17925006247860492,0.36280009746263536,7.26472651579521,22.94234594886863,30.50939421312832,6.5,3.882261161170374,30.10440589535952,1.8833056934127466,25.82423846277241,20.96336908647969,195.00994056538337,6.46472651579521,0.8489955053196457,3.9150209313929283,0.6664218898901701,0.7013799216413674,0.05790843839299005,0.8239968087119136,0.7213178037033795,15.4,21.349812691345676,1.0,synthetic,SPEC_V1,2026-10-07
OOD00026,3,41,ood,0.45794984005875977,0.17925006247860492,0.36280009746263536,7.26472651579521,22.94234594886863,30.50939421312832,6.5,3.882261161170374,30.10440589535952,1.8833056934127466,25.82423846277241,20.96336908647969,195.00994056538337,6.46472651579521,0.8489955053196457,3.9150209313929283,0.6664218898901701,0.7013799216413674,0.05790843839299005,0.8239968087119136,0.7426398115278326,14.700000000000001,19.79425257280201,1.0,synthetic,SPEC_V1,2026-10-07
OOD00026,4,41,ood,0.45794984005875977,0.17925006247860492,0.36280009746263536,7.26472651579521,22.94234594886863,30.50939421312832,6.5,3.882261161170374,30.10440589535952,1.8833056934127466,25.82423846277241,20.96336908647969,195.00994056538337,6.46472651579521,0.8489955053196457,3.9150209313929283,0.6664218898901701,0.7013799216413674,0.05790843839299005,0.8239968087119136,0.7188645965093298,14.200000000000001,19.753372288679273,1.0,synthetic,SPEC_V1,2026-10-07
OOD00026,5,41,ood,0.45794984005875977,0.17925006247860492,0.36280009746263536,7.26472651579521,22.94234594886863,30.50939421312832,6.5,3.882261161170374,30.10440589535952,1.8833056934127466,25.82423846277241,20.96336908647969,195.00994056538337,6.46472651579521,0.8489955053196457,3.9150209313929283,0.6664218898901701,0.7013799216413674,0.05790843839299005,0.8239968087119136,0.7435361047769289,14.600000000000001,19.63589919332862,1.0,synthetic,SPEC_V1,2026-10-07
OOD00026,6,41,ood,0.45794984005875977,0.17925006247860492,0.36280009746263536,7.26472651579521,22.94234594886863,30.50939421312832,6.5,3.882261161170374,30.10440589535952,1.8833056934127466,25.82423846277241,20.96336908647969,195.00994056538337,6.46472651579521,0.8489955053196457,3.9150209313929283,0.6664218898901701,0.7013799216413674,0.05790843839299005,0.8239968087119136,0.7191921838392848,14.0,19.46628497165165,1.0,synthetic,SPEC_V1,2026-10-07
OOD00026,7,41,ood,0.45794984005875977,0.17925006247860492,0.36280009746263536,7.26472651579521,22.94234594886863,30.50939421312832,6.5,3.882261161170374,30.10440589535952,1.8833056934127466,25.82423846277241,20.96336908647969,195.00994056538337,6.46472651579521,0.8489955053196457,3.9150209313929283,0.6664218898901701,0.7013799216413674,0.05790843839299005,0.8239968087119136,0.7395104387436058,14.200000000000001,19.20189257115173,1.0,synthetic,SPEC_V1,2026-10-07
OOD00027,0,41,ood,0.5713088254647474,0.08297199576688397,0.34571917876836866,6.889526694257427,27.11455923868455,43.75846946855487,6.1000000000000005,3.160971803302189,20.360500639399934,2.972975483090525,33.473004648862286,0.5494289861342885,230.47375352881866,6.089526694257427,0.9561503615717591,2.141761137843152,0.6116666457017168,0.8869804404948931,0.02057154815220477,0.34219518099166657,0.7350845923903968,1.0,1.360387648376813,1.0,synthetic,SPEC_V1,2026-10-07
OOD00027,1,41,ood,0.5713088254647474,0.08297199576688397,0.34571917876836866,6.889526694257427,27.11455923868455,43.75846946855487,6.1000000000000005,3.160971803302189,20.360500639399934,2.972975483090525,33.473004648862286,0.5494289861342885,230.47375352881866,6.089526694257427,0.9561503615717591,2.141761137843152,0.6116666457017168,0.8869804404948931,0.02057154815220477,0.34219518099166657,0.7318865736112209,1.1,1.5029651310208643,1.0,synthetic,SPEC_V1,2026-10-07
OOD00027,2,41,ood,0.5713088254647474,0.08297199576688397,0.34571917876836866,6.889526694257427,27.11455923868455,43.75846946855487,6.1000000000000005,3.160971803302189,20.360500639399934,2.972975483090525,33.473004648862286,0.5494289861342885,230.47375352881866,6.089526694257427,0.9561503615717591,2.141761137843152,0.6116666457017168,0.8869804404948931,0.02057154815220477,0.34219518099166657,0.7195689053110897,1.1,1.5286930714779001,1.0,synthetic,SPEC_V1,2026-10-07
OOD00027,3,41,ood,0.5713088254647474,0.08297199576688397,0.34571917876836866,6.889526694257427,27.11455923868455,43.75846946855487,6.1000000000000005,3.160971803302189,20.360500639399934,2.972975483090525,33.473004648862286,0.5494289861342885,230.47375352881866,6.089526694257427,0.9561503615717591,2.141761137843152,0.6116666457017168,0.8869804404948931,0.02057154815220477,0.34219518099166657,0.7271909929665908,1.1,1.5126700009202907,1.0,synthetic,SPEC_V1,2026-10-07
OOD00027,4,41,ood,0.5713088254647474,0.08297199576688397,0.34571917876836866,6.889526694257427,27.11455923868455,43.75846946855487,6.1000000000000005,3.160971803302189,20.360500639399934,2.972975483090525,33.473004648862286,0.5494289861342885,230.47375352881866,6.089526694257427,0.9561503615717591,2.141761137843152,0.6116666457017168,0.8869804404948931,0.02057154815220477,0.34219518099166657,0.7194019104870674,1.0,1.3900435701136171,1.0,synthetic,SPEC_V1,2026-10-07
OOD00027,5,41,ood,0.5713088254647474,0.08297199576688397,0.34571917876836866,6.889526694257427,27.11455923868455,43.75846946855487,6.1000000000000005,3.160971803302189,20.360500639399934,2.972975483090525,33.473004648862286,0.5494289861342885,230.47375352881866,6.089526694257427,0.9561503615717591,2.141761137843152,0.6116666457017168,0.8869804404948931,0.02057154815220477,0.34219518099166657,0.7281392621006811,1.0,1.3733636572693537,1.0,synthetic,SPEC_V1,2026-10-07
OOD00027,6,41,ood,0.5713088254647474,0.08297199576688397,0.34571917876836866,6.889526694257427,27.11455923868455,43.75846946855487,6.1000000000000005,3.160971803302189,20.360500639399934,2.972975483090525,33.473004648862286,0.5494289861342885,230.47375352881866,6.089526694257427,0.9561503615717591,2.141761137843152,0.6116666457017168,0.8869804404948931,0.02057154815220477,0.34219518099166657,0.7309647860585188,1.1,1.5048604542653543,1.0,synthetic,SPEC_V1,2026-10-07
OOD00027,7,41,ood,0.5713088254647474,0.08297199576688397,0.34571917876836866,6.889526694257427,27.11455923868455,43.75846946855487,6.1000000000000005,3.160971803302189,20.360500639399934,2.972975483090525,33.473004648862286,0.5494289861342885,230.47375352881866,6.089526694257427,0.9561503615717591,2.141761137843152,0.6116666457017168,0.8869804404948931,0.02057154815220477,0.34219518099166657,0.7185048370581654,1.0,1.3917790784741044,1.0,synthetic,SPEC_V1,2026-10-07
OOD00028,0,41,ood,0.5109699365531032,0.18534766355409493,0.3036823998928019,6.689894401876789,22.462788281849672,45.639187139433155,5.9,3.169926876678049,28.794164317700833,1.130056303921865,33.810238307073064,78.24726705271569,190.9337003957222,5.88989440187679,0.6957984522790336,3.9635809093534844,0.7483880476880767,0.6961906471095399,0.007226307267046235,0.18785426543372863,0.7023149503778685,0.4,0.5695450449756009,1.0,synthetic,SPEC_V1,2026-10-07
OOD00028,1,41,ood,0.5109699365531032,0.18534766355409493,0.3036823998928019,6.689894401876789,22.462788281849672,45.639187139433155,5.9,3.169926876678049,28.794164317700833,1.130056303921865,33.810238307073064,78.24726705271569,190.9337003957222,5.88989440187679,0.6957984522790336,3.9635809093534844,0.7483880476880767,0.6961906471095399,0.007226307267046235,0.18785426543372863,0.68171741143311,0.4,0.5867533868016043,1.0,synthetic,SPEC_V1,2026-10-07
OOD00028,2,41,ood,0.5109699365531032,0.18534766355409493,0.3036823998928019,6.689894401876789,22.462788281849672,45.639187139433155,5.9,3.169926876678049,28.794164317700833,1.130056303921865,33.810238307073064,78.24726705271569,190.9337003957222,5.88989440187679,0.6957984522790336,3.9635809093534844,0.7483880476880767,0.6961906471095399,0.007226307267046235,0.18785426543372863,0.6769802981056884,0.4,0.5908591448218972,1.0,synthetic,SPEC_V1,2026-10-07
OOD00028,3,41,ood,0.5109699365531032,0.18534766355409493,0.3036823998928019,6.689894401876789,22.462788281849672,45.639187139433155,5.9,3.169926876678049,28.794164317700833,1.130056303921865,33.810238307073064,78.24726705271569,190.9337003957222,5.88989440187679,0.6957984522790336,3.9635809093534844,0.7483880476880767,0.6961906471095399,0.007226307267046235,0.18785426543372863,0.7074050306575232,0.4,0.565446925968572,1.0,synthetic,SPEC_V1,2026-10-07
OOD00028,4,41,ood,0.5109699365531032,0.18534766355409493,0.3036823998928019,6.689894401876789,22.462788281849672,45.639187139433155,5.9,3.169926876678049,28.794164317700833,1.130056303921865,33.810238307073064,78.24726705271569,190.9337003957222,5.88989440187679,0.6957984522790336,3.9635809093534844,0.7483880476880767,0.6961906471095399,0.007226307267046235,0.18785426543372863,0.6998572444533181,0.4,0.5715451303393357,1.0,synthetic,SPEC_V1,2026-10-07
OOD00028,5,41,ood,0.5109699365531032,0.18534766355409493,0.3036823998928019,6.689894401876789,22.462788281849672,45.639187139433155,5.9,3.169926876678049,28.794164317700833,1.130056303921865,33.810238307073064,78.24726705271569,190.9337003957222,5.88989440187679,0.6957984522790336,3.9635809093534844,0.7483880476880767,0.6961906471095399,0.007226307267046235,0.18785426543372863,0.7149730842812869,0.4,0.559461620016217,1.0,synthetic,SPEC_V1,2026-10-07
OOD00028,6,41,ood,0.5109699365531032,0.18534766355409493,0.3036823998928019,6.689894401876789,22.462788281849672,45.639187139433155,5.9,3.169926876678049,28.794164317700833,1.130056303921865,33.810238307073064,78.24726705271569,190.9337003957222,5.88989440187679,0.6957984522790336,3.9635809093534844,0.7483880476880767,0.6961906471095399,0.007226307267046235,0.18785426543372863,0.6801406847043853,0.4,0.5881136197195072,1.0,synthetic,SPEC_V1,2026-10-07
OOD00028,7,41,ood,0.5109699365531032,0.18534766355409493,0.3036823998928019,6.689894401876789,22.462788281849672,45.639187139433155,5.9,3.169926876678049,28.794164317700833,1.130056303921865,33.810238307073064,78.24726705271569,190.9337003957222,5.88989440187679,0.6957984522790336,3.9635809093534844,0.7483880476880767,0.6961906471095399,0.007226307267046235,0.18785426543372863,0.6983151615039992,0.4,0.5728072681946335,1.0,synthetic,SPEC_V1,2026-10-07
OOD00029,0,41,ood,0.5930669593658312,0.0689792427362653,0.3379537978979035,7.186796314905923,24.58527014011735,46.90985790998201,6.4,3.778228660864718,29.682415362789968,2.169046070946738,26.731633146061252,91.99231521209998,208.97479619099747,6.386796314905923,0.847485912452255,1.6144713975286829,0.6672126777505706,0.9324850301020999,0.04351768675954985,0.7251995425650115,0.7110627562994817,13.5,18.985666005426587,1.0,synthetic,SPEC_V1,2026-10-07
OOD00029,1,41,ood,0.5930669593658312,0.0689792427362653,0.3379537978979035,7.186796314905923,24.58527014011735,46.90985790998201,6.4,3.778228660864718,29.682415362789968,2.169046070946738,26.731633146061252,91.99231521209998,208.97479619099747,6.386796314905923,0.847485912452255,1.6144713975286829,0.6672126777505706,0.9324850301020999,0.04351768675954985,0.7251995425650115,0.7256839863072595,12.700000000000001,17.500730675656296,1.0,synthetic,SPEC_V1,2026-10-07
OOD00029,2,41,ood,0.5930669593658312,0.0689792427362653,0.3379537978979035,7.186796314905923,24.58527014011735,46.90985790998201,6.4,3.778228660864718,29.682415362789968,2.169046070946738,26.731633146061252,91.99231521209998,208.97479619099747,6.386796314905923,0.847485912452255,1.6144713975286829,0.6672126777505706,0.9324850301020999,0.04351768675954985,0.7251995425650115,0.7148353258040974,13.200000000000001,18.46579138370324,1.0,synthetic,SPEC_V1,2026-10-07
OOD00029,3,41,ood,0.5930669593658312,0.0689792427362653,0.3379537978979035,7.186796314905923,24.58527014011735,46.90985790998201,6.4,3.778228660864718,29.682415362789968,2.169046070946738,26.731633146061252,91.99231521209998,208.97479619099747,6.386796314905923,0.847485912452255,1.6144713975286829,0.6672126777505706,0.9324850301020999,0.04351768675954985,0.7251995425650115,0.7254305899566766,12.200000000000001,16.817597946522486,1.0,synthetic,SPEC_V1,2026-10-07
OOD00029,4,41,ood,0.5930669593658312,0.0689792427362653,0.3379537978979035,7.186796314905923,24.58527014011735,46.90985790998201,6.4,3.778228660864718,29.682415362789968,2.169046070946738,26.731633146061252,91.99231521209998,208.97479619099747,6.386796314905923,0.847485912452255,1.6144713975286829,0.6672126777505706,0.9324850301020999,0.04351768675954985,0.7251995425650115,0.7283397988719134,12.700000000000001,17.43691614775185,1.0,synthetic,SPEC_V1,2026-10-07
OOD00029,5,41,ood,0.5930669593658312,0.0689792427362653,0.3379537978979035,7.186796314905923,24.58527014011735,46.90985790998201,6.4,3.778228660864718,29.682415362789968,2.169046070946738,26.731633146061252,91.99231521209998,208.97479619099747,6.386796314905923,0.847485912452255,1.6144713975286829,0.6672126777505706,0.9324850301020999,0.04351768675954985,0.7251995425650115,0.7254753688296959,12.5,17.230081870545703,1.0,synthetic,SPEC_V1,2026-10-07
OOD00029,6,41,ood,0.5930669593658312,0.0689792427362653,0.3379537978979035,7.186796314905923,24.58527014011735,46.90985790998201,6.4,3.778228660864718,29.682415362789968,2.169046070946738,26.731633146061252,91.99231521209998,208.97479619099747,6.386796314905923,0.847485912452255,1.6144713975286829,0.6672126777505706,0.9324850301020999,0.04351768675954985,0.7251995425650115,0.7170866683695636,13.3,18.547269927971392,1.0,synthetic,SPEC_V1,2026-10-07
OOD00029,7,41,ood,0.5930669593658312,0.0689792427362653,0.3379537978979035,7.186796314905923,24.58527014011735,46.90985790998201,6.4,3.778228660864718,29.682415362789968,2.169046070946738,26.731633146061252,91.99231521209998,208.97479619099747,6.386796314905923,0.847485912452255,1.6144713975286829,0.6672126777505706,0.9324850301020999,0.04351768675954985,0.7251995425650115,0.7202944678105786,12.0,16.659853068808705,1.0,synthetic,SPEC_V1,2026-10-07
OOD00030,0,41,ood,0.5710766305299766,0.12815836796036134,0.3007650015096622,7.147055019087844,26.760754704948162,36.71362765838487,6.5,2.867020552121899,32.37941470870096,1.0672293407666786,25.128217398093287,33.7560496271519,227.46641499205938,6.4715492702549415,0.8209672397818102,3.264993145251779,0.6811772531115943,0.7715358109625166,0.06867536616537201,0.8725792893342939,0.6961962430974901,22.700000000000003,32.60574906150602,0.8443821860411276,synthetic,SPEC_V1,2026-10-07
OOD00030,1,41,ood,0.5710766305299766,0.12815836796036134,0.3007650015096622,7.147055019087844,26.760754704948162,36.71362765838487,6.5,2.867020552121899,32.37941470870096,1.0672293407666786,25.128217398093287,33.7560496271519,227.46641499205938,6.4715492702549415,0.8209672397818102,3.264993145251779,0.6811772531115943,0.7715358109625166,0.06867536616537201,0.8725792893342939,0.6970864982894127,22.8,32.70756219773176,0.8443821860411276,synthetic,SPEC_V1,2026-10-07
OOD00030,2,41,ood,0.5710766305299766,0.12815836796036134,0.3007650015096622,7.147055019087844,26.760754704948162,36.71362765838487,6.5,2.867020552121899,32.37941470870096,1.0672293407666786,25.128217398093287,33.7560496271519,227.46641499205938,6.4715492702549415,0.8209672397818102,3.264993145251779,0.6811772531115943,0.7715358109625166,0.06867536616537201,0.8725792893342939,0.7004164210803088,21.200000000000003,30.267708411663925,0.8443821860411276,synthetic,SPEC_V1,2026-10-07
OOD00030,3,41,ood,0.5710766305299766,0.12815836796036134,0.3007650015096622,7.147055019087844,26.760754704948162,36.71362765838487,6.5,2.867020552121899,32.37941470870096,1.0672293407666786,25.128217398093287,33.7560496271519,227.46641499205938,6.4715492702549415,0.8209672397818102,3.264993145251779,0.6811772531115943,0.7715358109625166,0.06867536616537201,0.8725792893342939,0.6950474298151681,22.6,32.51576659453291,0.8443821860411276,synthetic,SPEC_V1,2026-10-07
OOD00030,4,41,ood,0.5710766305299766,0.12815836796036134,0.3007650015096622,7.147055019087844,26.760754704948162,36.71362765838487,6.5,2.867020552121899,32.37941470870096,1.0672293407666786,25.128217398093287,33.7560496271519,227.46641499205938,6.4715492702549415,0.8209672397818102,3.264993145251779,0.6811772531115943,0.7715358109625166,0.06867536616537201,0.8725792893342939,0.7033777345575462,23.0,32.6993575002313,0.8443821860411276,synthetic,SPEC_V1,2026-10-07
OOD00030,5,41,ood,0.5710766305299766,0.12815836796036134,0.3007650015096622,7.147055019087844,26.760754704948162,36.71362765838487,6.5,2.867020552121899,32.37941470870096,1.0672293407666786,25.128217398093287,33.7560496271519,227.46641499205938,6.4715492702549415,0.8209672397818102,3.264993145251779,0.6811772531115943,0.7715358109625166,0.06867536616537201,0.8725792893342939,0.6684756911473062,22.8,34.107448186886664,0.8443821860411276,synthetic,SPEC_V1,2026-10-07
OOD00030,6,41,ood,0.5710766305299766,0.12815836796036134,0.3007650015096622,7.147055019087844,26.760754704948162,36.71362765838487,6.5,2.867020552121899,32.37941470870096,1.0672293407666786,25.128217398093287,33.7560496271519,227.46641499205938,6.4715492702549415,0.8209672397818102,3.264993145251779,0.6811772531115943,0.7715358109625166,0.06867536616537201,0.8725792893342939,0.6844783254671688,22.8,33.31003941496407,0.8443821860411276,synthetic,SPEC_V1,2026-10-07
OOD00030,7,41,ood,0.5710766305299766,0.12815836796036134,0.3007650015096622,7.147055019087844,26.760754704948162,36.71362765838487,6.5,2.867020552121899,32.37941470870096,1.0672293407666786,25.128217398093287,33.7560496271519,227.46641499205938,6.4715492702549415,0.8209672397818102,3.264993145251779,0.6811772531115943,0.7715358109625166,0.06867536616537201,0.8725792893342939,0.7002453201646907,22.1,31.560368007603827,0.8443821860411276,synthetic,SPEC_V1,2026-10-07
OOD00031,0,41,ood,0.522169251092787,0.162637388935484,0.31519335997172904,7.275495360833971,23.8700261123857,49.29646053498787,6.800000000000001,2.2854112124573476,30.296177178468724,1.6920337864734538,31.005835381424173,93.53134465903952,202.89522195527843,6.823305964923678,0.7674147207635272,3.6958151021447003,0.7097353273314492,0.7249433996373074,0.04918349672842407,0.771336754602024,0.6914191503745853,64.10000000000001,92.70787476058914,0.5652367448878655,synthetic,SPEC_V1,2026-10-07
OOD00031,1,41,ood,0.522169251092787,0.162637388935484,0.31519335997172904,7.275495360833971,23.8700261123857,49.29646053498787,6.800000000000001,2.2854112124573476,30.296177178468724,1.6920337864734538,31.005835381424173,93.53134465903952,202.89522195527843,6.823305964923678,0.7674147207635272,3.6958151021447003,0.7097353273314492,0.7249433996373074,0.04918349672842407,0.771336754602024,0.709824323086817,69.0,97.20715077772951,0.5652367448878655,synthetic,SPEC_V1,2026-10-07
OOD00031,2,41,ood,0.522169251092787,0.162637388935484,0.31519335997172904,7.275495360833971,23.8700261123857,49.29646053498787,6.800000000000001,2.2854112124573476,30.296177178468724,1.6920337864734538,31.005835381424173,93.53134465903952,202.89522195527843,6.823305964923678,0.7674147207635272,3.6958151021447003,0.7097353273314492,0.7249433996373074,0.04918349672842407,0.771336754602024,0.6890856592261418,62.7,90.99013912205554,0.5652367448878655,synthetic,SPEC_V1,2026-10-07
OOD00031,3,41,ood,0.522169251092787,0.162637388935484,0.31519335997172904,7.275495360833971,23.8700261123857,49.29646053498787,6.800000000000001,2.2854112124573476,30.296177178468724,1.6920337864734538,31.005835381424173,93.53134465903952,202.89522195527843,6.823305964923678,0.7674147207635272,3.6958151021447003,0.7097353273314492,0.7249433996373074,0.04918349672842407,0.771336754602024,0.7038738135891103,62.2,88.36811200978923,0.5652367448878655,synthetic,SPEC_V1,2026-10-07
OOD00031,4,41,ood,0.522169251092787,0.162637388935484,0.31519335997172904,7.275495360833971,23.8700261123857,49.29646053498787,6.800000000000001,2.2854112124573476,30.296177178468724,1.6920337864734538,31.005835381424173,93.53134465903952,202.89522195527843,6.823305964923678,0.7674147207635272,3.6958151021447003,0.7097353273314492,0.7249433996373074,0.04918349672842407,0.771336754602024,0.6919251306927604,62.7,90.61674048061286,0.5652367448878655,synthetic,SPEC_V1,2026-10-07
OOD00031,5,41,ood,0.522169251092787,0.162637388935484,0.31519335997172904,7.275495360833971,23.8700261123857,49.29646053498787,6.800000000000001,2.2854112124573476,30.296177178468724,1.6920337864734538,31.005835381424173,93.53134465903952,202.89522195527843,6.823305964923678,0.7674147207635272,3.6958151021447003,0.7097353273314492,0.7249433996373074,0.04918349672842407,0.771336754602024,0.7037311432290525,60.800000000000004,86.39663113532356,0.5652367448878655,synthetic,SPEC_V1,2026-10-07
OOD00031,6,41,ood,0.522169251092787,0.162637388935484,0.31519335997172904,7.275495360833971,23.8700261123857,49.29646053498787,6.800000000000001,2.2854112124573476,30.296177178468724,1.6920337864734538,31.005835381424173,93.53134465903952,202.89522195527843,6.823305964923678,0.7674147207635272,3.6958151021447003,0.7097353273314492,0.7249433996373074,0.04918349672842407,0.771336754602024,0.6879569392919338,68.2,99.13411160616174,0.5652367448878655,synthetic,SPEC_V1,2026-10-07
OOD00031,7,41,ood,0.522169251092787,0.162637388935484,0.31519335997172904,7.275495360833971,23.8700261123857,49.29646053498787,6.800000000000001,2.2854112124573476,30.296177178468724,1.6920337864734538,31.005835381424173,93.53134465903952,202.89522195527843,6.823305964923678,0.7674147207635272,3.6958151021447003,0.7097353273314492,0.7249433996373074,0.04918349672842407,0.771336754602024,0.7017632676456679,66.0,94.04880968110818,0.5652367448878655,synthetic,SPEC_V1,2026-10-07
OOD00032,0,41,ood,0.4613153229705295,0.19530112482394263,0.34338355220552785,6.5654469474667705,23.00062416388547,53.90003356230899,5.9,2.4090702343185546,27.74617595206289,1.4475957054488031,27.36529293232245,15.864732023306487,195.5053053930265,5.943227521275673,0.8055996748906078,4.276429477858327,0.689328059777695,0.6631318169844813,0.018633254739871628,0.403694145330305,0.7155435622989367,3.9000000000000004,5.4504019118974,0.7777742827388718,synthetic,SPEC_V1,2026-10-07
OOD00032,1,41,ood,0.4613153229705295,0.19530112482394263,0.34338355220552785,6.5654469474667705,23.00062416388547,53.90003356230899,5.9,2.4090702343185546,27.74617595206289,1.4475957054488031,27.36529293232245,15.864732023306487,195.5053053930265,5.943227521275673,0.8055996748906078,4.276429477858327,0.689328059777695,0.6631318169844813,0.018633254739871628,0.403694145330305,0.7258502930907478,3.9000000000000004,5.373008783110612,0.7777742827388718,synthetic,SPEC_V1,2026-10-07
OOD00032,2,41,ood,0.4613153229705295,0.19530112482394263,0.34338355220552785,6.5654469474667705,23.00062416388547,53.90003356230899,5.9,2.4090702343185546,27.74617595206289,1.4475957054488031,27.36529293232245,15.864732023306487,195.5053053930265,5.943227521275673,0.8055996748906078,4.276429477858327,0.689328059777695,0.6631318169844813,0.018633254739871628,0.403694145330305,0.7140727658993253,3.8000000000000003,5.321586512565232,0.7777742827388718,synthetic,SPEC_V1,2026-10-07
OOD00032,3,41,ood,0.4613153229705295,0.19530112482394263,0.34338355220552785,6.5654469474667705,23.00062416388547,53.90003356230899,5.9,2.4090702343185546,27.74617595206289,1.4475957054488031,27.36529293232245,15.864732023306487,195.5053053930265,5.943227521275673,0.8055996748906078,4.276429477858327,0.689328059777695,0.6631318169844813,0.018633254739871628,0.403694145330305,0.7144340148670707,3.6,5.038953808309119,0.7777742827388718,synthetic,SPEC_V1,2026-10-07
OOD00032,4,41,ood,0.4613153229705295,0.19530112482394263,0.34338355220552785,6.5654469474667705,23.00062416388547,53.90003356230899,5.9,2.4090702343185546,27.74617595206289,1.4475957054488031,27.36529293232245,15.864732023306487,195.5053053930265,5.943227521275673,0.8055996748906078,4.276429477858327,0.689328059777695,0.6631318169844813,0.018633254739871628,0.403694145330305,0.7236679906002143,3.7,5.112841866794743,0.7777742827388718,synthetic,SPEC_V1,2026-10-07
OOD00032,5,41,ood,0.4613153229705295,0.19530112482394263,0.34338355220552785,6.5654469474667705,23.00062416388547,53.90003356230899,5.9,2.4090702343185546,27.74617595206289,1.4475957054488031,27.36529293232245,15.864732023306487,195.5053053930265,5.943227521275673,0.8055996748906078,4.276429477858327,0.689328059777695,0.6631318169844813,0.018633254739871628,0.403694145330305,0.7085091725574791,3.8000000000000003,5.3633744589124825,0.7777742827388718,synthetic,SPEC_V1,2026-10-07
OOD00032,6,41,ood,0.4613153229705295,0.19530112482394263,0.34338355220552785,6.5654469474667705,23.00062416388547,53.90003356230899,5.9,2.4090702343185546,27.74617595206289,1.4475957054488031,27.36529293232245,15.864732023306487,195.5053053930265,5.943227521275673,0.8055996748906078,4.276429477858327,0.689328059777695,0.6631318169844813,0.018633254739871628,0.403694145330305,0.7255770970599577,3.6,4.961567853488237,0.7777742827388718,synthetic,SPEC_V1,2026-10-07
OOD00032,7,41,ood,0.4613153229705295,0.19530112482394263,0.34338355220552785,6.5654469474667705,23.00062416388547,53.90003356230899,5.9,2.4090702343185546,27.74617595206289,1.4475957054488031,27.36529293232245,15.864732023306487,195.5053053930265,5.943227521275673,0.8055996748906078,4.276429477858327,0.689328059777695,0.6631318169844813,0.018633254739871628,0.403694145330305,0.7338310021367759,4.0,5.4508462961536965,0.7777742827388718,synthetic,SPEC_V1,2026-10-07
OOD00033,0,41,ood,0.43499153500369303,0.1953869142055793,0.36962155079072767,6.973088525691332,26.41423140402673,45.94643139376812,6.2,3.086553441254468,34.78276548470316,1.8487686831346255,34.17006322538157,8.258325224098352,224.52096693422718,6.173088525691332,0.9958534557991529,4.9132673972179335,0.5921724412675812,0.5986013030417079,0.013262742535785209,0.32825889699241195,0.75,1.0,1.3333333333333333,1.0,synthetic,SPEC_V1,2026-10-07
OOD00033,1,41,ood,0.43499153500369303,0.1953869142055793,0.36962155079072767,6.973088525691332,26.41423140402673,45.94643139376812,6.2,3.086553441254468,34.78276548470316,1.8487686831346255,34.17006322538157,8.258325224098352,224.52096693422718,6.173088525691332,0.9958534557991529,4.9132673972179335,0.5921724412675812,0.5986013030417079,0.013262742535785209,0.32825889699241195,0.7462489800318758,1.0,1.3400353323863643,1.0,synthetic,SPEC_V1,2026-10-07
OOD00033,2,41,ood,0.43499153500369303,0.1953869142055793,0.36962155079072767,6.973088525691332,26.41423140402673,45.94643139376812,6.2,3.086553441254468,34.78276548470316,1.8487686831346255,34.17006322538157,8.258325224098352,224.52096693422718,6.173088525691332,0.9958534557991529,4.9132673972179335,0.5921724412675812,0.5986013030417079,0.013262742535785209,0.32825889699241195,0.7439586611973592,1.0,1.3441607069814294,1.0,synthetic,SPEC_V1,2026-10-07
OOD00033,3,41,ood,0.43499153500369303,0.1953869142055793,0.36962155079072767,6.973088525691332,26.41423140402673,45.94643139376812,6.2,3.086553441254468,34.78276548470316,1.8487686831346255,34.17006322538157,8.258325224098352,224.52096693422718,6.173088525691332,0.9958534557991529,4.9132673972179335,0.5921724412675812,0.5986013030417079,0.013262742535785209,0.32825889699241195,0.7402894253921243,1.0,1.3508230236711938,1.0,synthetic,SPEC_V1,2026-10-07
OOD00033,4,41,ood,0.43499153500369303,0.1953869142055793,0.36962155079072767,6.973088525691332,26.41423140402673,45.94643139376812,6.2,3.086553441254468,34.78276548470316,1.8487686831346255,34.17006322538157,8.258325224098352,224.52096693422718,6.173088525691332,0.9958534557991529,4.9132673972179335,0.5921724412675812,0.5986013030417079,0.013262742535785209,0.32825889699241195,0.7276521438251444,1.0,1.3742830396172117,1.0,synthetic,SPEC_V1,2026-10-07
OOD00033,5,41,ood,0.43499153500369303,0.1953869142055793,0.36962155079072767,6.973088525691332,26.41423140402673,45.94643139376812,6.2,3.086553441254468,34.78276548470316,1.8487686831346255,34.17006322538157,8.258325224098352,224.52096693422718,6.173088525691332,0.9958534557991529,4.9132673972179335,0.5921724412675812,0.5986013030417079,0.013262742535785209,0.32825889699241195,0.7339911435811802,1.0,1.3624142590071986,1.0,synthetic,SPEC_V1,2026-10-07
OOD00033,6,41,ood,0.43499153500369303,0.1953869142055793,0.36962155079072767,6.973088525691332,26.41423140402673,45.94643139376812,6.2,3.086553441254468,34.78276548470316,1.8487686831346255,34.17006322538157,8.258325224098352,224.52096693422718,6.173088525691332,0.9958534557991529,4.9132673972179335,0.5921724412675812,0.5986013030417079,0.013262742535785209,0.32825889699241195,0.7419508579837683,1.0,1.3477981583813696,1.0,synthetic,SPEC_V1,2026-10-07
OOD00033,7,41,ood,0.43499153500369303,0.1953869142055793,0.36962155079072767,6.973088525691332,26.41423140402673,45.94643139376812,6.2,3.086553441254468,34.78276548470316,1.8487686831346255,34.17006322538157,8.258325224098352,224.52096693422718,6.173088525691332,0.9958534557991529,4.9132673972179335,0.5921724412675812,0.5986013030417079,0.013262742535785209,0.32825889699241195,0.7415383233379987,1.1,1.483402766088209,1.0,synthetic,SPEC_V1,2026-10-07
OOD00034,0,41,ood,0.5251970738775624,0.12619842112896823,0.3486045049934694,7.372947299572411,23.974970946827423,32.94854851458255,6.6000000000000005,3.650737861596456,26.437585608924053,2.7139898061751726,27.711850359755868,47.82653719869394,203.78725304803308,6.572947299572411,0.8524938536734615,2.880374513057585,0.6645911207357709,0.8127042408140369,0.1054127036151955,0.9383854586913338,0.7257719393794224,50.300000000000004,69.30551771264325,1.0,synthetic,SPEC_V1,2026-10-07
OOD00034,1,41,ood,0.5251970738775624,0.12619842112896823,0.3486045049934694,7.372947299572411,23.974970946827423,32.94854851458255,6.6000000000000005,3.650737861596456,26.437585608924053,2.7139898061751726,27.711850359755868,47.82653719869394,203.78725304803308,6.572947299572411,0.8524938536734615,2.880374513057585,0.6645911207357709,0.8127042408140369,0.1054127036151955,0.9383854586913338,0.7170897213953692,49.400000000000006,68.88956643231982,1.0,synthetic,SPEC_V1,2026-10-07
OOD00034,2,41,ood,0.5251970738775624,0.12619842112896823,0.3486045049934694,7.372947299572411,23.974970946827423,32.94854851458255,6.6000000000000005,3.650737861596456,26.437585608924053,2.7139898061751726,27.711850359755868,47.82653719869394,203.78725304803308,6.572947299572411,0.8524938536734615,2.880374513057585,0.6645911207357709,0.8127042408140369,0.1054127036151955,0.9383854586913338,0.7438417175977556,49.800000000000004,66.9497271016603,1.0,synthetic,SPEC_V1,2026-10-07
OOD00034,3,41,ood,0.5251970738775624,0.12619842112896823,0.3486045049934694,7.372947299572411,23.974970946827423,32.94854851458255,6.6000000000000005,3.650737861596456,26.437585608924053,2.7139898061751726,27.711850359755868,47.82653719869394,203.78725304803308,6.572947299572411,0.8524938536734615,2.880374513057585,0.6645911207357709,0.8127042408140369,0.1054127036151955,0.9383854586913338,0.7186370396622456,48.300000000000004,67.21056296054635,1.0,synthetic,SPEC_V1,2026-10-07
OOD00034,4,41,ood,0.5251970738775624,0.12619842112896823,0.3486045049934694,7.372947299572411,23.974970946827423,32.94854851458255,6.6000000000000005,3.650737861596456,26.437585608924053,2.7139898061751726,27.711850359755868,47.82653719869394,203.78725304803308,6.572947299572411,0.8524938536734615,2.880374513057585,0.6645911207357709,0.8127042408140369,0.1054127036151955,0.9383854586913338,0.7177335845334039,49.800000000000004,69.38507696051985,1.0,synthetic,SPEC_V1,2026-10-07
OOD00034,5,41,ood,0.5251970738775624,0.12619842112896823,0.3486045049934694,7.372947299572411,23.974970946827423,32.94854851458255,6.6000000000000005,3.650737861596456,26.437585608924053,2.7139898061751726,27.711850359755868,47.82653719869394,203.78725304803308,6.572947299572411,0.8524938536734615,2.880374513057585,0.6645911207357709,0.8127042408140369,0.1054127036151955,0.9383854586913338,0.7411863295384352,45.400000000000006,61.25315347933131,1.0,synthetic,SPEC_V1,2026-10-07
OOD00034,6,41,ood,0.5251970738775624,0.12619842112896823,0.3486045049934694,7.372947299572411,23.974970946827423,32.94854851458255,6.6000000000000005,3.650737861596456,26.437585608924053,2.7139898061751726,27.711850359755868,47.82653719869394,203.78725304803308,6.572947299572411,0.8524938536734615,2.880374513057585,0.6645911207357709,0.8127042408140369,0.1054127036151955,0.9383854586913338,0.7436119371590203,46.5,62.53261637737271,1.0,synthetic,SPEC_V1,2026-10-07
OOD00034,7,41,ood,0.5251970738775624,0.12619842112896823,0.3486045049934694,7.372947299572411,23.974970946827423,32.94854851458255,6.6000000000000005,3.650737861596456,26.437585608924053,2.7139898061751726,27.711850359755868,47.82653719869394,203.78725304803308,6.572947299572411,0.8524938536734615,2.880374513057585,0.6645911207357709,0.8127042408140369,0.1054127036151955,0.9383854586913338,0.7171111980004647,52.1,72.65260972813067,1.0,synthetic,SPEC_V1,2026-10-07
OOD00035,0,41,ood,0.4527726577499128,0.17708040155310478,0.3701469406969824,6.652819013570396,27.787611029729106,39.25669985810991,5.9,2.7556129738876125,34.128418140714466,2.2591628478065733,29.293688367591912,3.559363762663587,236.19469375269742,5.852819013570397,1.0491209196170594,4.68445053601731,0.5667830412945353,0.6212886971881997,0.00850494909496925,0.2251985475583892,0.7325774459911197,0.2,0.2730086779144773,1.0,synthetic,SPEC_V1,2026-10-07
OOD00035,1,41,ood,0.4527726577499128,0.17708040155310478,0.3701469406969824,6.652819013570396,27.787611029729106,39.25669985810991,5.9,2.7556129738876125,34.128418140714466,2.2591628478065733,29.293688367591912,3.559363762663587,236.19469375269742,5.852819013570397,1.0491209196170594,4.68445053601731,0.5667830412945353,0.6212886971881997,0.00850494909496925,0.2251985475583892,0.7342205273942104,0.2,0.27239772321513694,1.0,synthetic,SPEC_V1,2026-10-07
OOD00035,2,41,ood,0.4527726577499128,0.17708040155310478,0.3701469406969824,6.652819013570396,27.787611029729106,39.25669985810991,5.9,2.7556129738876125,34.128418140714466,2.2591628478065733,29.293688367591912,3.559363762663587,236.19469375269742,5.852819013570397,1.0491209196170594,4.68445053601731,0.5667830412945353,0.6212886971881997,0.00850494909496925,0.2251985475583892,0.7256155103032825,0.2,0.27562806632455644,1.0,synthetic,SPEC_V1,2026-10-07
OOD00035,3,41,ood,0.4527726577499128,0.17708040155310478,0.3701469406969824,6.652819013570396,27.787611029729106,39.25669985810991,5.9,2.7556129738876125,34.128418140714466,2.2591628478065733,29.293688367591912,3.559363762663587,236.19469375269742,5.852819013570397,1.0491209196170594,4.68445053601731,0.5667830412945353,0.6212886971881997,0.00850494909496925,0.2251985475583892,0.7277008662655475,0.2,0.27483820519050667,1.0,synthetic,SPEC_V1,2026-10-07
OOD00035,4,41,ood,0.4527726577499128,0.17708040155310478,0.3701469406969824,6.652819013570396,27.787611029729106,39.25669985810991,5.9,2.7556129738876125,34.128418140714466,2.2591628478065733,29.293688367591912,3.559363762663587,236.19469375269742,5.852819013570397,1.0491209196170594,4.68445053601731,0.5667830412945353,0.6212886971881997,0.00850494909496925,0.2251985475583892,0.7271782221261434,0.2,0.2750357394026936,1.0,synthetic,SPEC_V1,2026-10-07
OOD00035,5,41,ood,0.4527726577499128,0.17708040155310478,0.3701469406969824,6.652819013570396,27.787611029729106,39.25669985810991,5.9,2.7556129738876125,34.128418140714466,2.2591628478065733,29.293688367591912,3.559363762663587,236.19469375269742,5.852819013570397,1.0491209196170594,4.68445053601731,0.5667830412945353,0.6212886971881997,0.00850494909496925,0.2251985475583892,0.7365333928972192,0.2,0.27154233864846555,1.0,synthetic,SPEC_V1,2026-10-07
OOD00035,6,41,ood,0.4527726577499128,0.17708040155310478,0.3701469406969824,6.652819013570396,27.787611029729106,39.25669985810991,5.9,2.7556129738876125,34.128418140714466,2.2591628478065733,29.293688367591912,3.559363762663587,236.19469375269742,5.852819013570397,1.0491209196170594,4.68445053601731,0.5667830412945353,0.6212886971881997,0.00850494909496925,0.2251985475583892,0.75,0.2,0.26666666666666666,1.0,synthetic,SPEC_V1,2026-10-07
OOD00035,7,41,ood,0.4527726577499128,0.17708040155310478,0.3701469406969824,6.652819013570396,27.787611029729106,39.25669985810991,5.9,2.7556129738876125,34.128418140714466,2.2591628478065733,29.293688367591912,3.559363762663587,236.19469375269742,5.852819013570397,1.0491209196170594,4.68445053601731,0.5667830412945353,0.6212886971881997,0.00850494909496925,0.2251985475583892,0.7363290867096147,0.2,0.27161768237857725,1.0,synthetic,SPEC_V1,2026-10-07
OOD00036,0,41,ood,0.5934104138046035,0.08634673525801345,0.32024285093738314,6.948142497778129,22.5670661146229,48.1365830372866,6.1000000000000005,3.7044935407236186,20.67070253512313,2.4522630641939545,32.24101894710274,27.578756198672846,191.82006197429462,6.148142497778129,0.7371480421636035,1.8550600441486567,0.7260306882162207,0.9127500278974073,0.0324492742033574,0.48867469904441596,0.7113678970716448,4.6000000000000005,6.466414943569931,1.0,synthetic,SPEC_V1,2026-10-07
OOD00036,1,41,ood,0.5934104138046035,0.08634673525801345,0.32024285093738314,6.948142497778129,22.5670661146229,48.1365830372866,6.1000000000000005,3.7044935407236186,20.67070253512313,2.4522630641939545,32.24101894710274,27.578756198672846,191.82006197429462,6.148142497778129,0.7371480421636035,1.8550600441486567,0.7260306882162207,0.9127500278974073,0.0324492742033574,0.48867469904441596,0.708003575627588,3.8000000000000003,5.367204532309893,1.0,synthetic,SPEC_V1,2026-10-07
OOD00036,2,41,ood,0.5934104138046035,0.08634673525801345,0.32024285093738314,6.948142497778129,22.5670661146229,48.1365830372866,6.1000000000000005,3.7044935407236186,20.67070253512313,2.4522630641939545,32.24101894710274,27.578756198672846,191.82006197429462,6.148142497778129,0.7371480421636035,1.8550600441486567,0.7260306882162207,0.9127500278974073,0.0324492742033574,0.48867469904441596,0.713533057955309,4.0,5.605907050000385,1.0,synthetic,SPEC_V1,2026-10-07
OOD00036,3,41,ood,0.5934104138046035,0.08634673525801345,0.32024285093738314,6.948142497778129,22.5670661146229,48.1365830372866,6.1000000000000005,3.7044935407236186,20.67070253512313,2.4522630641939545,32.24101894710274,27.578756198672846,191.82006197429462,6.148142497778129,0.7371480421636035,1.8550600441486567,0.7260306882162207,0.9127500278974073,0.0324492742033574,0.48867469904441596,0.7237669804867916,4.0,5.52664062860353,1.0,synthetic,SPEC_V1,2026-10-07
OOD00036,4,41,ood,0.5934104138046035,0.08634673525801345,0.32024285093738314,6.948142497778129,22.5670661146229,48.1365830372866,6.1000000000000005,3.7044935407236186,20.67070253512313,2.4522630641939545,32.24101894710274,27.578756198672846,191.82006197429462,6.148142497778129,0.7371480421636035,1.8550600441486567,0.7260306882162207,0.9127500278974073,0.0324492742033574,0.48867469904441596,0.7022766468509641,4.7,6.692519281503925,1.0,synthetic,SPEC_V1,2026-10-07
OOD00036,5,41,ood,0.5934104138046035,0.08634673525801345,0.32024285093738314,6.948142497778129,22.5670661146229,48.1365830372866,6.1000000000000005,3.7044935407236186,20.67070253512313,2.4522630641939545,32.24101894710274,27.578756198672846,191.82006197429462,6.148142497778129,0.7371480421636035,1.8550600441486567,0.7260306882162207,0.9127500278974073,0.0324492742033574,0.48867469904441596,0.7102295030517809,4.4,6.1951805452936926,1.0,synthetic,SPEC_V1,2026-10-07
OOD00036,6,41,ood,0.5934104138046035,0.08634673525801345,0.32024285093738314,6.948142497778129,22.5670661146229,48.1365830372866,6.1000000000000005,3.7044935407236186,20.67070253512313,2.4522630641939545,32.24101894710274,27.578756198672846,191.82006197429462,6.148142497778129,0.7371480421636035,1.8550600441486567,0.7260306882162207,0.9127500278974073,0.0324492742033574,0.48867469904441596,0.7088764931392096,4.4,6.207005088453293,1.0,synthetic,SPEC_V1,2026-10-07
OOD00036,7,41,ood,0.5934104138046035,0.08634673525801345,0.32024285093738314,6.948142497778129,22.5670661146229,48.1365830372866,6.1000000000000005,3.7044935407236186,20.67070253512313,2.4522630641939545,32.24101894710274,27.578756198672846,191.82006197429462,6.148142497778129,0.7371480421636035,1.8550600441486567,0.7260306882162207,0.9127500278974073,0.0324492742033574,0.48867469904441596,0.6949913363894055,4.2,6.043240800410106,1.0,synthetic,SPEC_V1,2026-10-07
OOD00037,0,41,ood,0.5615032607269075,0.10677074413421919,0.3317259951388733,7.080813277539356,25.425195655744865,53.5293176393292,6.7,2.3132421869703954,28.138298621251142,2.2967472709888734,30.557247990976144,45.02651396903982,216.11416307383132,6.679392516325509,0.8602882297112573,2.5843630410457403,0.6605214205639363,0.8435075114671176,0.08567746045534465,0.9102581413727974,0.7108061911803968,88.5,124.50651260230713,0.5017759515173092,synthetic,SPEC_V1,2026-10-07
OOD00037,1,41,ood,0.5615032607269075,0.10677074413421919,0.3317259951388733,7.080813277539356,25.425195655744865,53.5293176393292,6.7,2.3132421869703954,28.138298621251142,2.2967472709888734,30.557247990976144,45.02651396903982,216.11416307383132,6.679392516325509,0.8602882297112573,2.5843630410457403,0.6605214205639363,0.8435075114671176,0.08567746045534465,0.9102581413727974,0.7114958200138322,89.80000000000001,126.2129691756365,0.5017759515173092,synthetic,SPEC_V1,2026-10-07
OOD00037,2,41,ood,0.5615032607269075,0.10677074413421919,0.3317259951388733,7.080813277539356,25.425195655744865,53.5293176393292,6.7,2.3132421869703954,28.138298621251142,2.2967472709888734,30.557247990976144,45.02651396903982,216.11416307383132,6.679392516325509,0.8602882297112573,2.5843630410457403,0.6605214205639363,0.8435075114671176,0.08567746045534465,0.9102581413727974,0.7171467785065178,90.60000000000001,126.33397055575924,0.5017759515173092,synthetic,SPEC_V1,2026-10-07
OOD00037,3,41,ood,0.5615032607269075,0.10677074413421919,0.3317259951388733,7.080813277539356,25.425195655744865,53.5293176393292,6.7,2.3132421869703954,28.138298621251142,2.2967472709888734,30.557247990976144,45.02651396903982,216.11416307383132,6.679392516325509,0.8602882297112573,2.5843630410457403,0.6605214205639363,0.8435075114671176,0.08567746045534465,0.9102581413727974,0.7004728181932609,81.10000000000001,115.77893944433468,0.5017759515173092,synthetic,SPEC_V1,2026-10-07
OOD00037,4,41,ood,0.5615032607269075,0.10677074413421919,0.3317259951388733,7.080813277539356,25.425195655744865,53.5293176393292,6.7,2.3132421869703954,28.138298621251142,2.2967472709888734,30.557247990976144,45.02651396903982,216.11416307383132,6.679392516325509,0.8602882297112573,2.5843630410457403,0.6605214205639363,0.8435075114671176,0.08567746045534465,0.9102581413727974,0.7116639924423046,84.60000000000001,118.87632492079277,0.5017759515173092,synthetic,SPEC_V1,2026-10-07
OOD00037,5,41,ood,0.5615032607269075,0.10677074413421919,0.3317259951388733,7.080813277539356,25.425195655744865,53.5293176393292,6.7,2.3132421869703954,28.138298621251142,2.2967472709888734,30.557247990976144,45.02651396903982,216.11416307383132,6.679392516325509,0.8602882297112573,2.5843630410457403,0.6605214205639363,0.8435075114671176,0.08567746045534465,0.9102581413727974,0.7009882620204038,87.0,124.110494731034,0.5017759515173092,synthetic,SPEC_V1,2026-10-07
OOD00037,6,41,ood,0.5615032607269075,0.10677074413421919,0.3317259951388733,7.080813277539356,25.425195655744865,53.5293176393292,6.7,2.3132421869703954,28.138298621251142,2.2967472709888734,30.557247990976144,45.02651396903982,216.11416307383132,6.679392516325509,0.8602882297112573,2.5843630410457403,0.6605214205639363,0.8435075114671176,0.08567746045534465,0.9102581413727974,0.7174395390922819,84.10000000000001,117.22242142718385,0.5017759515173092,synthetic,SPEC_V1,2026-10-07
OOD00037,7,41,ood,0.5615032607269075,0.10677074413421919,0.3317259951388733,7.080813277539356,25.425195655744865,53.5293176393292,6.7,2.3132421869703954,28.138298621251142,2.2967472709888734,30.557247990976144,45.02651396903982,216.11416307383132,6.679392516325509,0.8602882297112573,2.5843630410457403,0.6605214205639363,0.8435075114671176,0.08567746045534465,0.9102581413727974,0.710760315328014,75.3,105.9428873223588,0.5017759515173092,synthetic,SPEC_V1,2026-10-07
OOD00038,0,41,ood,0.5631933151045896,0.06861848922726196,0.3681881956681484,7.48916745874112,22.30864358522033,37.938735337723784,7.2,2.122624055575182,29.278098330738032,1.8147632242114833,33.64852366536468,16.5129430201012,189.6234704743728,7.198414674437262,0.8378054814035008,1.457307719389959,0.6722946365895699,0.9442933598196772,0.09931946834234136,0.9454089407851523,0.7246671070367336,204.5,282.198540563307,0.3634409803798224,synthetic,SPEC_V1,2026-10-07
OOD00038,1,41,ood,0.5631933151045896,0.06861848922726196,0.3681881956681484,7.48916745874112,22.30864358522033,37.938735337723784,7.2,2.122624055575182,29.278098330738032,1.8147632242114833,33.64852366536468,16.5129430201012,189.6234704743728,7.198414674437262,0.8378054814035008,1.457307719389959,0.6722946365895699,0.9442933598196772,0.09931946834234136,0.9454089407851523,0.744665082743008,209.8,281.7373942486897,0.3634409803798224,synthetic,SPEC_V1,2026-10-07
OOD00038,2,41,ood,0.5631933151045896,0.06861848922726196,0.3681881956681484,7.48916745874112,22.30864358522033,37.938735337723784,7.2,2.122624055575182,29.278098330738032,1.8147632242114833,33.64852366536468,16.5129430201012,189.6234704743728,7.198414674437262,0.8378054814035008,1.457307719389959,0.6722946365895699,0.9442933598196772,0.09931946834234136,0.9454089407851523,0.7284521566474818,189.10000000000002,259.591516442597,0.3634409803798224,synthetic,SPEC_V1,2026-10-07
OOD00038,3,41,ood,0.5631933151045896,0.06861848922726196,0.3681881956681484,7.48916745874112,22.30864358522033,37.938735337723784,7.2,2.122624055575182,29.278098330738032,1.8147632242114833,33.64852366536468,16.5129430201012,189.6234704743728,7.198414674437262,0.8378054814035008,1.457307719389959,0.6722946365895699,0.9442933598196772,0.09931946834234136,0.9454089407851523,0.7403542669315573,193.10000000000002,260.82108069737285,0.3634409803798224,synthetic,SPEC_V1,2026-10-07
OOD00038,4,41,ood,0.5631933151045896,0.06861848922726196,0.3681881956681484,7.48916745874112,22.30864358522033,37.938735337723784,7.2,2.122624055575182,29.278098330738032,1.8147632242114833,33.64852366536468,16.5129430201012,189.6234704743728,7.198414674437262,0.8378054814035008,1.457307719389959,0.6722946365895699,0.9442933598196772,0.09931946834234136,0.9454089407851523,0.7194927500774487,213.10000000000002,296.1808857379886,0.3634409803798224,synthetic,SPEC_V1,2026-10-07
OOD00038,5,41,ood,0.5631933151045896,0.06861848922726196,0.3681881956681484,7.48916745874112,22.30864358522033,37.938735337723784,7.2,2.122624055575182,29.278098330738032,1.8147632242114833,33.64852366536468,16.5129430201012,189.6234704743728,7.198414674437262,0.8378054814035008,1.457307719389959,0.6722946365895699,0.9442933598196772,0.09931946834234136,0.9454089407851523,0.7381762511364239,187.20000000000002,253.59797163862316,0.3634409803798224,synthetic,SPEC_V1,2026-10-07
OOD00038,6,41,ood,0.5631933151045896,0.06861848922726196,0.3681881956681484,7.48916745874112,22.30864358522033,37.938735337723784,7.2,2.122624055575182,29.278098330738032,1.8147632242114833,33.64852366536468,16.5129430201012,189.6234704743728,7.198414674437262,0.8378054814035008,1.457307719389959,0.6722946365895699,0.9442933598196772,0.09931946834234136,0.9454089407851523,0.7231447233679533,223.8,309.4816193329606,0.3634409803798224,synthetic,SPEC_V1,2026-10-07
OOD00038,7,41,ood,0.5631933151045896,0.06861848922726196,0.3681881956681484,7.48916745874112,22.30864358522033,37.938735337723784,7.2,2.122624055575182,29.278098330738032,1.8147632242114833,33.64852366536468,16.5129430201012,189.6234704743728,7.198414674437262,0.8378054814035008,1.457307719389959,0.6722946365895699,0.9442933598196772,0.09931946834234136,0.9454089407851523,0.7418935886333642,216.20000000000002,291.4164555570027,0.3634409803798224,synthetic,SPEC_V1,2026-10-07
OOD00039,0,41,ood,0.5503428529226404,0.13582335805749196,0.3138337890198676,7.442757673020377,25.264054699787245,31.499101544478112,6.6000000000000005,3.031665830914541,30.97013077467546,1.3406904960256905,32.4082725573856,5.064417141397963,214.7444649481916,6.642757673020377,0.8087288292688214,3.266739207594549,0.6876651855287651,0.7713472761016525,0.08705604562425252,0.9265889910363456,0.7009156024913831,40.1,57.210882248113435,1.0,synthetic,SPEC_V1,2026-10-07
OOD00039,1,41,ood,0.5503428529226404,0.13582335805749196,0.3138337890198676,7.442757673020377,25.264054699787245,31.499101544478112,6.6000000000000005,3.031665830914541,30.97013077467546,1.3406904960256905,32.4082725573856,5.064417141397963,214.7444649481916,6.642757673020377,0.8087288292688214,3.266739207594549,0.6876651855287651,0.7713472761016525,0.08705604562425252,0.9265889910363456,0.6920470436215095,42.900000000000006,61.99000544168589,1.0,synthetic,SPEC_V1,2026-10-07
OOD00039,2,41,ood,0.5503428529226404,0.13582335805749196,0.3138337890198676,7.442757673020377,25.264054699787245,31.499101544478112,6.6000000000000005,3.031665830914541,30.97013077467546,1.3406904960256905,32.4082725573856,5.064417141397963,214.7444649481916,6.642757673020377,0.8087288292688214,3.266739207594549,0.6876651855287651,0.7713472761016525,0.08705604562425252,0.9265889910363456,0.706131360735053,37.6,53.247882888050725,1.0,synthetic,SPEC_V1,2026-10-07
OOD00039,3,41,ood,0.5503428529226404,0.13582335805749196,0.3138337890198676,7.442757673020377,25.264054699787245,31.499101544478112,6.6000000000000005,3.031665830914541,30.97013077467546,1.3406904960256905,32.4082725573856,5.064417141397963,214.7444649481916,6.642757673020377,0.8087288292688214,3.266739207594549,0.6876651855287651,0.7713472761016525,0.08705604562425252,0.9265889910363456,0.7037719682794868,46.1,65.50417191622563,1.0,synthetic,SPEC_V1,2026-10-07
OOD00039,4,41,ood,0.5503428529226404,0.13582335805749196,0.3138337890198676,7.442757673020377,25.264054699787245,31.499101544478112,6.6000000000000005,3.031665830914541,30.97013077467546,1.3406904960256905,32.4082725573856,5.064417141397963,214.7444649481916,6.642757673020377,0.8087288292688214,3.266739207594549,0.6876651855287651,0.7713472761016525,0.08705604562425252,0.9265889910363456,0.7188175934754163,41.0,57.03811422000512,1.0,synthetic,SPEC_V1,2026-10-07
OOD00039,5,41,ood,0.5503428529226404,0.13582335805749196,0.3138337890198676,7.442757673020377,25.264054699787245,31.499101544478112,6.6000000000000005,3.031665830914541,30.97013077467546,1.3406904960256905,32.4082725573856,5.064417141397963,214.7444649481916,6.642757673020377,0.8087288292688214,3.266739207594549,0.6876651855287651,0.7713472761016525,0.08705604562425252,0.9265889910363456,0.6955371182813446,40.2,57.79705919841235,1.0,synthetic,SPEC_V1,2026-10-07
OOD00039,6,41,ood,0.5503428529226404,0.13582335805749196,0.3138337890198676,7.442757673020377,25.264054699787245,31.499101544478112,6.6000000000000005,3.031665830914541,30.97013077467546,1.3406904960256905,32.4082725573856,5.064417141397963,214.7444649481916,6.642757673020377,0.8087288292688214,3.266739207594549,0.6876651855287651,0.7713472761016525,0.08705604562425252,0.9265889910363456,0.7212330390861404,45.5,63.08640555021178,1.0,synthetic,SPEC_V1,2026-10-07
OOD00039,7,41,ood,0.5503428529226404,0.13582335805749196,0.3138337890198676,7.442757673020377,25.264054699787245,31.499101544478112,6.6000000000000005,3.031665830914541,30.97013077467546,1.3406904960256905,32.4082725573856,5.064417141397963,214.7444649481916,6.642757673020377,0.8087288292688214,3.266739207594549,0.6876651855287651,0.7713472761016525,0.08705604562425252,0.9265889910363456,0.7132774558695801,45.900000000000006,64.35083517961716,1.0,synthetic,SPEC_V1,2026-10-07
OOD00040,0,41,ood,0.5914460686694721,0.08932630277734924,0.31922762855317866,6.84264070339209,27.63414313882446,51.123645787562694,6.1000000000000005,3.0504739234292098,21.357900934669228,1.5664460884731228,34.989333286933544,39.29200947614464,234.89021668000788,6.119334327468969,0.8998013620932144,2.349969956834702,0.6401017075455402,0.8670027677163594,0.03012757914872556,0.4745298276867935,0.6974521362734873,2.4000000000000004,3.441096349382897,0.9041329699039014,synthetic,SPEC_V1,2026-10-07
OOD00040,1,41,ood,0.5914460686694721,0.08932630277734924,0.31922762855317866,6.84264070339209,27.63414313882446,51.123645787562694,6.1000000000000005,3.0504739234292098,21.357900934669228,1.5664460884731228,34.989333286933544,39.29200947614464,234.89021668000788,6.119334327468969,0.8998013620932144,2.349969956834702,0.6401017075455402,0.8670027677163594,0.03012757914872556,0.4745298276867935,0.7154309806098338,2.3000000000000003,3.2148454041499277,0.9041329699039014,synthetic,SPEC_V1,2026-10-07
OOD00040,2,41,ood,0.5914460686694721,0.08932630277734924,0.31922762855317866,6.84264070339209,27.63414313882446,51.123645787562694,6.1000000000000005,3.0504739234292098,21.357900934669228,1.5664460884731228,34.989333286933544,39.29200947614464,234.89021668000788,6.119334327468969,0.8998013620932144,2.349969956834702,0.6401017075455402,0.8670027677163594,0.03012757914872556,0.4745298276867935,0.7237393347019001,2.2,3.03976845600931,0.9041329699039014,synthetic,SPEC_V1,2026-10-07
OOD00040,3,41,ood,0.5914460686694721,0.08932630277734924,0.31922762855317866,6.84264070339209,27.63414313882446,51.123645787562694,6.1000000000000005,3.0504739234292098,21.357900934669228,1.5664460884731228,34.989333286933544,39.29200947614464,234.89021668000788,6.119334327468969,0.8998013620932144,2.349969956834702,0.6401017075455402,0.8670027677163594,0.03012757914872556,0.4745298276867935,0.7108770322240441,2.3000000000000003,3.2354400209052177,0.9041329699039014,synthetic,SPEC_V1,2026-10-07
OOD00040,4,41,ood,0.5914460686694721,0.08932630277734924,0.31922762855317866,6.84264070339209,27.63414313882446,51.123645787562694,6.1000000000000005,3.0504739234292098,21.357900934669228,1.5664460884731228,34.989333286933544,39.29200947614464,234.89021668000788,6.119334327468969,0.8998013620932144,2.349969956834702,0.6401017075455402,0.8670027677163594,0.03012757914872556,0.4745298276867935,0.7272753345444544,2.1,2.887489648353582,0.9041329699039014,synthetic,SPEC_V1,2026-10-07
OOD00040,5,41,ood,0.5914460686694721,0.08932630277734924,0.31922762855317866,6.84264070339209,27.63414313882446,51.123645787562694,6.1000000000000005,3.0504739234292098,21.357900934669228,1.5664460884731228,34.989333286933544,39.29200947614464,234.89021668000788,6.119334327468969,0.8998013620932144,2.349969956834702,0.6401017075455402,0.8670027677163594,0.03012757914872556,0.4745298276867935,0.7066141314728289,2.2,3.1134390072477567,0.9041329699039014,synthetic,SPEC_V1,2026-10-07
OOD00040,6,41,ood,0.5914460686694721,0.08932630277734924,0.31922762855317866,6.84264070339209,27.63414313882446,51.123645787562694,6.1000000000000005,3.0504739234292098,21.357900934669228,1.5664460884731228,34.989333286933544,39.29200947614464,234.89021668000788,6.119334327468969,0.8998013620932144,2.349969956834702,0.6401017075455402,0.8670027677163594,0.03012757914872556,0.4745298276867935,0.7039777019933673,2.4000000000000004,3.4091988896867256,0.9041329699039014,synthetic,SPEC_V1,2026-10-07
OOD00040,7,41,ood,0.5914460686694721,0.08932630277734924,0.31922762855317866,6.84264070339209,27.63414313882446,51.123645787562694,6.1000000000000005,3.0504739234292098,21.357900934669228,1.5664460884731228,34.989333286933544,39.29200947614464,234.89021668000788,6.119334327468969,0.8998013620932144,2.349969956834702,0.6401017075455402,0.8670027677163594,0.03012757914872556,0.4745298276867935,0.7047241135352379,2.2,3.121789020335537,0.9041329699039014,synthetic,SPEC_V1,2026-10-07
OOD00041,0,41,ood,0.5222962224973303,0.11760716119709824,0.3600966163055715,6.6773233602355395,26.573499396088295,34.59142539103924,6.6000000000000005,1.5810701804403553,23.48269187824657,1.2172706965480018,25.891202124781714,88.27023574426715,225.87474486675052,6.615583403719808,0.9760407760248133,2.975222603348505,0.6018417369088314,0.8026406961043037,0.0812812395530322,0.8517273253264661,0.7299858660445775,66.8,91.5086210668095,0.0771749456446651,synthetic,SPEC_V1,2026-10-07
OOD00041,1,41,ood,0.5222962224973303,0.11760716119709824,0.3600966163055715,6.6773233602355395,26.573499396088295,34.59142539103924,6.6000000000000005,1.5810701804403553,23.48269187824657,1.2172706965480018,25.891202124781714,88.27023574426715,225.87474486675052,6.615583403719808,0.9760407760248133,2.975222603348505,0.6018417369088314,0.8026406961043037,0.0812812395530322,0.8517273253264661,0.7294296178872709,73.8,101.17494298319725,0.0771749456446651,synthetic,SPEC_V1,2026-10-07
OOD00041,2,41,ood,0.5222962224973303,0.11760716119709824,0.3600966163055715,6.6773233602355395,26.573499396088295,34.59142539103924,6.6000000000000005,1.5810701804403553,23.48269187824657,1.2172706965480018,25.891202124781714,88.27023574426715,225.87474486675052,6.615583403719808,0.9760407760248133,2.975222603348505,0.6018417369088314,0.8026406961043037,0.0812812395530322,0.8517273253264661,0.7364590388657436,66.2,89.88958856687786,0.0771749456446651,synthetic,SPEC_V1,2026-10-07
OOD00041,3,41,ood,0.5222962224973303,0.11760716119709824,0.3600966163055715,6.6773233602355395,26.573499396088295,34.59142539103924,6.6000000000000005,1.5810701804403553,23.48269187824657,1.2172706965480018,25.891202124781714,88.27023574426715,225.87474486675052,6.615583403719808,0.9760407760248133,2.975222603348505,0.6018417369088314,0.8026406961043037,0.0812812395530322,0.8517273253264661,0.7320630020812997,66.9,91.38557721097669,0.0771749456446651,synthetic,SPEC_V1,2026-10-07
OOD00041,4,41,ood,0.5222962224973303,0.11760716119709824,0.3600966163055715,6.6773233602355395,26.573499396088295,34.59142539103924,6.6000000000000005,1.5810701804403553,23.48269187824657,1.2172706965480018,25.891202124781714,88.27023574426715,225.87474486675052,6.615583403719808,0.9760407760248133,2.975222603348505,0.6018417369088314,0.8026406961043037,0.0812812395530322,0.8517273253264661,0.7199082774904257,67.10000000000001,93.20631821863222,0.0771749456446651,synthetic,SPEC_V1,2026-10-07
OOD00041,5,41,ood,0.5222962224973303,0.11760716119709824,0.3600966163055715,6.6773233602355395,26.573499396088295,34.59142539103924,6.6000000000000005,1.5810701804403553,23.48269187824657,1.2172706965480018,25.891202124781714,88.27023574426715,225.87474486675052,6.615583403719808,0.9760407760248133,2.975222603348505,0.6018417369088314,0.8026406961043037,0.0812812395530322,0.8517273253264661,0.7348476666447298,62.1,84.50731058798195,0.0771749456446651,synthetic,SPEC_V1,2026-10-07
OOD00041,6,41,ood,0.5222962224973303,0.11760716119709824,0.3600966163055715,6.6773233602355395,26.573499396088295,34.59142539103924,6.6000000000000005,1.5810701804403553,23.48269187824657,1.2172706965480018,25.891202124781714,88.27023574426715,225.87474486675052,6.615583403719808,0.9760407760248133,2.975222603348505,0.6018417369088314,0.8026406961043037,0.0812812395530322,0.8517273253264661,0.7311532474008756,67.8,92.73021796869175,0.0771749456446651,synthetic,SPEC_V1,2026-10-07
OOD00041,7,41,ood,0.5222962224973303,0.11760716119709824,0.3600966163055715,6.6773233602355395,26.573499396088295,34.59142539103924,6.6000000000000005,1.5810701804403553,23.48269187824657,1.2172706965480018,25.891202124781714,88.27023574426715,225.87474486675052,6.615583403719808,0.9760407760248133,2.975222603348505,0.6018417369088314,0.8026406961043037,0.0812812395530322,0.8517273253264661,0.743010532933616,68.8,92.59626472367506,0.0771749456446651,synthetic,SPEC_V1,2026-10-07
OOD00042,0,41,ood,0.4746371447454876,0.17419238812071364,0.35117046713379874,7.466019505295669,26.386495182172563,54.443891787482876,7.2,1.853620342483154,31.06432840158827,2.081770410484892,31.17442908085875,43.30264648682652,224.2852090484668,7.190031616564408,0.9451480995930216,4.375702932642263,0.6171503695826854,0.6528033460920554,0.06004271524960003,0.8349127996130346,0.7448425107455191,47.0,63.10058746909774,0.34498486091407554,synthetic,SPEC_V1,2026-10-07
OOD00042,1,41,ood,0.4746371447454876,0.17419238812071364,0.35117046713379874,7.466019505295669,26.386495182172563,54.443891787482876,7.2,1.853620342483154,31.06432840158827,2.081770410484892,31.17442908085875,43.30264648682652,224.2852090484668,7.190031616564408,0.9451480995930216,4.375702932642263,0.6171503695826854,0.6528033460920554,0.06004271524960003,0.8349127996130346,0.7285062260973181,46.800000000000004,64.24104327935859,0.34498486091407554,synthetic,SPEC_V1,2026-10-07
OOD00042,2,41,ood,0.4746371447454876,0.17419238812071364,0.35117046713379874,7.466019505295669,26.386495182172563,54.443891787482876,7.2,1.853620342483154,31.06432840158827,2.081770410484892,31.17442908085875,43.30264648682652,224.2852090484668,7.190031616564408,0.9451480995930216,4.375702932642263,0.6171503695826854,0.6528033460920554,0.06004271524960003,0.8349127996130346,0.7083297279673747,46.800000000000004,66.07092453157011,0.34498486091407554,synthetic,SPEC_V1,2026-10-07
OOD00042,3,41,ood,0.4746371447454876,0.17419238812071364,0.35117046713379874,7.466019505295669,26.386495182172563,54.443891787482876,7.2,1.853620342483154,31.06432840158827,2.081770410484892,31.17442908085875,43.30264648682652,224.2852090484668,7.190031616564408,0.9451480995930216,4.375702932642263,0.6171503695826854,0.6528033460920554,0.06004271524960003,0.8349127996130346,0.7252806935660947,49.6,68.38731602812196,0.34498486091407554,synthetic,SPEC_V1,2026-10-07
OOD00042,4,41,ood,0.4746371447454876,0.17419238812071364,0.35117046713379874,7.466019505295669,26.386495182172563,54.443891787482876,7.2,1.853620342483154,31.06432840158827,2.081770410484892,31.17442908085875,43.30264648682652,224.2852090484668,7.190031616564408,0.9451480995930216,4.375702932642263,0.6171503695826854,0.6528033460920554,0.06004271524960003,0.8349127996130346,0.7232040183050265,45.1,62.361379166145795,0.34498486091407554,synthetic,SPEC_V1,2026-10-07
OOD00042,5,41,ood,0.4746371447454876,0.17419238812071364,0.35117046713379874,7.466019505295669,26.386495182172563,54.443891787482876,7.2,1.853620342483154,31.06432840158827,2.081770410484892,31.17442908085875,43.30264648682652,224.2852090484668,7.190031616564408,0.9451480995930216,4.375702932642263,0.6171503695826854,0.6528033460920554,0.06004271524960003,0.8349127996130346,0.7214492057472195,44.300000000000004,61.40418430999255,0.34498486091407554,synthetic,SPEC_V1,2026-10-07
OOD00042,6,41,ood,0.4746371447454876,0.17419238812071364,0.35117046713379874,7.466019505295669,26.386495182172563,54.443891787482876,7.2,1.853620342483154,31.06432840158827,2.081770410484892,31.17442908085875,43.30264648682652,224.2852090484668,7.190031616564408,0.9451480995930216,4.375702932642263,0.6171503695826854,0.6528033460920554,0.06004271524960003,0.8349127996130346,0.7316263968162696,45.7,62.46357457695237,0.34498486091407554,synthetic,SPEC_V1,2026-10-07
OOD00042,7,41,ood,0.4746371447454876,0.17419238812071364,0.35117046713379874,7.466019505295669,26.386495182172563,54.443891787482876,7.2,1.853620342483154,31.06432840158827,2.081770410484892,31.17442908085875,43.30264648682652,224.2852090484668,7.190031616564408,0.9451480995930216,4.375702932642263,0.6171503695826854,0.6528033460920554,0.06004271524960003,0.8349127996130346,0.7272927679452336,50.0,68.74810558237957,0.34498486091407554,synthetic,SPEC_V1,2026-10-07
OOD00043,0,41,ood,0.5190326145166504,0.14514508786139385,0.33582229762195587,6.573247738053798,27.23595966967151,42.003599552582585,6.2,2.045699285462596,27.05852618681447,2.376730764577146,34.52201748731652,9.870260752087383,231.50565719220785,6.249556468515859,0.9329371405292174,3.763413802800146,0.623276330342138,0.7176563718180173,0.03224496737851361,0.582095062347023,0.7282649997244839,24.700000000000003,33.91622556259668,0.40461408692242373,synthetic,SPEC_V1,2026-10-07
OOD00043,1,41,ood,0.5190326145166504,0.14514508786139385,0.33582229762195587,6.573247738053798,27.23595966967151,42.003599552582585,6.2,2.045699285462596,27.05852618681447,2.376730764577146,34.52201748731652,9.870260752087383,231.50565719220785,6.249556468515859,0.9329371405292174,3.763413802800146,0.623276330342138,0.7176563718180173,0.03224496737851361,0.582095062347023,0.7108558356017711,28.6,40.23319295928523,0.40461408692242373,synthetic,SPEC_V1,2026-10-07
OOD00043,2,41,ood,0.5190326145166504,0.14514508786139385,0.33582229762195587,6.573247738053798,27.23595966967151,42.003599552582585,6.2,2.045699285462596,27.05852618681447,2.376730764577146,34.52201748731652,9.870260752087383,231.50565719220785,6.249556468515859,0.9329371405292174,3.763413802800146,0.623276330342138,0.7176563718180173,0.03224496737851361,0.582095062347023,0.7250119736869082,23.6,32.5511865410812,0.40461408692242373,synthetic,SPEC_V1,2026-10-07
OOD00043,3,41,ood,0.5190326145166504,0.14514508786139385,0.33582229762195587,6.573247738053798,27.23595966967151,42.003599552582585,6.2,2.045699285462596,27.05852618681447,2.376730764577146,34.52201748731652,9.870260752087383,231.50565719220785,6.249556468515859,0.9329371405292174,3.763413802800146,0.623276330342138,0.7176563718180173,0.03224496737851361,0.582095062347023,0.6966149207150192,24.700000000000003,35.45717908919815,0.40461408692242373,synthetic,SPEC_V1,2026-10-07
OOD00043,4,41,ood,0.5190326145166504,0.14514508786139385,0.33582229762195587,6.573247738053798,27.23595966967151,42.003599552582585,6.2,2.045699285462596,27.05852618681447,2.376730764577146,34.52201748731652,9.870260752087383,231.50565719220785,6.249556468515859,0.9329371405292174,3.763413802800146,0.623276330342138,0.7176563718180173,0.03224496737851361,0.582095062347023,0.7047250531508045,26.900000000000002,38.17091485499333,0.40461408692242373,synthetic,SPEC_V1,2026-10-07
OOD00043,5,41,ood,0.5190326145166504,0.14514508786139385,0.33582229762195587,6.573247738053798,27.23595966967151,42.003599552582585,6.2,2.045699285462596,27.05852618681447,2.376730764577146,34.52201748731652,9.870260752087383,231.50565719220785,6.249556468515859,0.9329371405292174,3.763413802800146,0.623276330342138,0.7176563718180173,0.03224496737851361,0.582095062347023,0.7256513519679001,23.900000000000002,32.93592706081976,0.40461408692242373,synthetic,SPEC_V1,2026-10-07
OOD00043,6,41,ood,0.5190326145166504,0.14514508786139385,0.33582229762195587,6.573247738053798,27.23595966967151,42.003599552582585,6.2,2.045699285462596,27.05852618681447,2.376730764577146,34.52201748731652,9.870260752087383,231.50565719220785,6.249556468515859,0.9329371405292174,3.763413802800146,0.623276330342138,0.7176563718180173,0.03224496737851361,0.582095062347023,0.7316521480675096,23.1,31.572380483011393,0.40461408692242373,synthetic,SPEC_V1,2026-10-07
OOD00043,7,41,ood,0.5190326145166504,0.14514508786139385,0.33582229762195587,6.573247738053798,27.23595966967151,42.003599552582585,6.2,2.045699285462596,27.05852618681447,2.376730764577146,34.52201748731652,9.870260752087383,231.50565719220785,6.249556468515859,0.9329371405292174,3.763413802800146,0.623276330342138,0.7176563718180173,0.03224496737851361,0.582095062347023,0.7131870405195926,24.8,34.7734866044845,0.40461408692242373,synthetic,SPEC_V1,2026-10-07
OOD00044,0,41,ood,0.49417866749243955,0.18399724091806502,0.3218240915894955,6.743336188861606,24.903620762301802,35.95784677471689,6.1000000000000005,2.4900701513248946,26.91848455194469,2.5517539472148125,29.389832746587068,90.81491597961823,211.6807764795653,6.130615836723331,0.8174876831699418,4.362252028694968,0.6830192504289918,0.6541976264473593,0.028576029697511062,0.5366272225529894,0.7067920225982982,7.6000000000000005,10.752809535202442,0.7659004401728433,synthetic,SPEC_V1,2026-10-07
OOD00044,1,41,ood,0.49417866749243955,0.18399724091806502,0.3218240915894955,6.743336188861606,24.903620762301802,35.95784677471689,6.1000000000000005,2.4900701513248946,26.91848455194469,2.5517539472148125,29.389832746587068,90.81491597961823,211.6807764795653,6.130615836723331,0.8174876831699418,4.362252028694968,0.6830192504289918,0.6541976264473593,0.028576029697511062,0.5366272225529894,0.7203206480971323,6.6000000000000005,9.162586158588109,0.7659004401728433,synthetic,SPEC_V1,2026-10-07
OOD00044,2,41,ood,0.49417866749243955,0.18399724091806502,0.3218240915894955,6.743336188861606,24.903620762301802,35.95784677471689,6.1000000000000005,2.4900701513248946,26.91848455194469,2.5517539472148125,29.389832746587068,90.81491597961823,211.6807764795653,6.130615836723331,0.8174876831699418,4.362252028694968,0.6830192504289918,0.6541976264473593,0.028576029697511062,0.5366272225529894,0.6967153187192091,6.9,9.903614596395641,0.7659004401728433,synthetic,SPEC_V1,2026-10-07
OOD00044,3,41,ood,0.49417866749243955,0.18399724091806502,0.3218240915894955,6.743336188861606,24.903620762301802,35.95784677471689,6.1000000000000005,2.4900701513248946,26.91848455194469,2.5517539472148125,29.389832746587068,90.81491597961823,211.6807764795653,6.130615836723331,0.8174876831699418,4.362252028694968,0.6830192504289918,0.6541976264473593,0.028576029697511062,0.5366272225529894,0.7180568871738618,7.0,9.748531244579654,0.7659004401728433,synthetic,SPEC_V1,2026-10-07
OOD00044,4,41,ood,0.49417866749243955,0.18399724091806502,0.3218240915894955,6.743336188861606,24.903620762301802,35.95784677471689,6.1000000000000005,2.4900701513248946,26.91848455194469,2.5517539472148125,29.389832746587068,90.81491597961823,211.6807764795653,6.130615836723331,0.8174876831699418,4.362252028694968,0.6830192504289918,0.6541976264473593,0.028576029697511062,0.5366272225529894,0.7108487900416582,7.2,10.128736379473974,0.7659004401728433,synthetic,SPEC_V1,2026-10-07
OOD00044,5,41,ood,0.49417866749243955,0.18399724091806502,0.3218240915894955,6.743336188861606,24.903620762301802,35.95784677471689,6.1000000000000005,2.4900701513248946,26.91848455194469,2.5517539472148125,29.389832746587068,90.81491597961823,211.6807764795653,6.130615836723331,0.8174876831699418,4.362252028694968,0.6830192504289918,0.6541976264473593,0.028576029697511062,0.5366272225529894,0.6871692112783669,6.5,9.459096672721707,0.7659004401728433,synthetic,SPEC_V1,2026-10-07
OOD00044,6,41,ood,0.49417866749243955,0.18399724091806502,0.3218240915894955,6.743336188861606,24.903620762301802,35.95784677471689,6.1000000000000005,2.4900701513248946,26.91848455194469,2.5517539472148125,29.389832746587068,90.81491597961823,211.6807764795653,6.130615836723331,0.8174876831699418,4.362252028694968,0.6830192504289918,0.6541976264473593,0.028576029697511062,0.5366272225529894,0.7183873188262171,7.6000000000000005,10.579251332578846,0.7659004401728433,synthetic,SPEC_V1,2026-10-07
OOD00044,7,41,ood,0.49417866749243955,0.18399724091806502,0.3218240915894955,6.743336188861606,24.903620762301802,35.95784677471689,6.1000000000000005,2.4900701513248946,26.91848455194469,2.5517539472148125,29.389832746587068,90.81491597961823,211.6807764795653,6.130615836723331,0.8174876831699418,4.362252028694968,0.6830192504289918,0.6541976264473593,0.028576029697511062,0.5366272225529894,0.6950835656889959,7.2,10.358466744733144,0.7659004401728433,synthetic,SPEC_V1,2026-10-07
OOD00045,0,41,ood,0.5467135281164143,0.07413453821406195,0.3791519336695238,7.049604303477483,23.267168372180038,51.96358339774895,6.2,3.320501077395454,24.179200853664504,2.4091073595482513,33.32678059222343,19.530931608858722,197.77093116353032,6.249604303477483,0.8998227716912978,1.6421055452450155,0.6400907448244662,0.9303164399476734,0.05467540192936185,0.7334004408940102,0.75,11.100000000000001,14.800000000000002,1.0,synthetic,SPEC_V1,2026-10-07
OOD00045,1,41,ood,0.5467135281164143,0.07413453821406195,0.3791519336695238,7.049604303477483,23.267168372180038,51.96358339774895,6.2,3.320501077395454,24.179200853664504,2.4091073595482513,33.32678059222343,19.530931608858722,197.77093116353032,6.249604303477483,0.8998227716912978,1.6421055452450155,0.6400907448244662,0.9303164399476734,0.05467540192936185,0.7334004408940102,0.75,10.8,14.4,1.0,synthetic,SPEC_V1,2026-10-07
OOD00045,2,41,ood,0.5467135281164143,0.07413453821406195,0.3791519336695238,7.049604303477483,23.267168372180038,51.96358339774895,6.2,3.320501077395454,24.179200853664504,2.4091073595482513,33.32678059222343,19.530931608858722,197.77093116353032,6.249604303477483,0.8998227716912978,1.6421055452450155,0.6400907448244662,0.9303164399476734,0.05467540192936185,0.7334004408940102,0.75,10.9,14.533333333333333,1.0,synthetic,SPEC_V1,2026-10-07
OOD00045,3,41,ood,0.5467135281164143,0.07413453821406195,0.3791519336695238,7.049604303477483,23.267168372180038,51.96358339774895,6.2,3.320501077395454,24.179200853664504,2.4091073595482513,33.32678059222343,19.530931608858722,197.77093116353032,6.249604303477483,0.8998227716912978,1.6421055452450155,0.6400907448244662,0.9303164399476734,0.05467540192936185,0.7334004408940102,0.7395281167174109,10.9,14.739128578886902,1.0,synthetic,SPEC_V1,2026-10-07
OOD00045,4,41,ood,0.5467135281164143,0.07413453821406195,0.3791519336695238,7.049604303477483,23.267168372180038,51.96358339774895,6.2,3.320501077395454,24.179200853664504,2.4091073595482513,33.32678059222343,19.530931608858722,197.77093116353032,6.249604303477483,0.8998227716912978,1.6421055452450155,0.6400907448244662,0.9303164399476734,0.05467540192936185,0.7334004408940102,0.7491275327587519,11.100000000000001,14.817236738213214,1.0,synthetic,SPEC_V1,2026-10-07
OOD00045,5,41,ood,0.5467135281164143,0.07413453821406195,0.3791519336695238,7.049604303477483,23.267168372180038,51.96358339774895,6.2,3.320501077395454,24.179200853664504,2.4091073595482513,33.32678059222343,19.530931608858722,197.77093116353032,6.249604303477483,0.8998227716912978,1.6421055452450155,0.6400907448244662,0.9303164399476734,0.05467540192936185,0.7334004408940102,0.7407461814283492,11.600000000000001,15.659884979268089,1.0,synthetic,SPEC_V1,2026-10-07
OOD00045,6,41,ood,0.5467135281164143,0.07413453821406195,0.3791519336695238,7.049604303477483,23.267168372180038,51.96358339774895,6.2,3.320501077395454,24.179200853664504,2.4091073595482513,33.32678059222343,19.530931608858722,197.77093116353032,6.249604303477483,0.8998227716912978,1.6421055452450155,0.6400907448244662,0.9303164399476734,0.05467540192936185,0.7334004408940102,0.75,11.600000000000001,15.466666666666669,1.0,synthetic,SPEC_V1,2026-10-07
OOD00045,7,41,ood,0.5467135281164143,0.07413453821406195,0.3791519336695238,7.049604303477483,23.267168372180038,51.96358339774895,6.2,3.320501077395454,24.179200853664504,2.4091073595482513,33.32678059222343,19.530931608858722,197.77093116353032,6.249604303477483,0.8998227716912978,1.6421055452450155,0.6400907448244662,0.9303164399476734,0.05467540192936185,0.7334004408940102,0.7360036642534256,10.3,13.994495544323048,1.0,synthetic,SPEC_V1,2026-10-07
OOD00046,0,41,ood,0.5795853466193481,0.08063386597296157,0.3397807874076904,6.72695943389401,25.664543293195916,43.46101181447027,6.7,1.6275967679738932,21.771783051028773,2.6140068604852447,34.11355420294997,41.558943607914,218.1486179921653,6.703938503513616,0.8894725103193286,1.9700986396411095,0.645403794837826,0.9026789559388034,0.07372646966261341,0.7991419225415173,0.7320543195134714,126.2,172.3915789252817,0.02877616297549368,synthetic,SPEC_V1,2026-10-07
OOD00046,1,41,ood,0.5795853466193481,0.08063386597296157,0.3397807874076904,6.72695943389401,25.664543293195916,43.46101181447027,6.7,1.6275967679738932,21.771783051028773,2.6140068604852447,34.11355420294997,41.558943607914,218.1486179921653,6.703938503513616,0.8894725103193286,1.9700986396411095,0.645403794837826,0.9026789559388034,0.07372646966261341,0.7991419225415173,0.7164789880736003,129.0,180.0471502267537,0.02877616297549368,synthetic,SPEC_V1,2026-10-07
OOD00046,2,41,ood,0.5795853466193481,0.08063386597296157,0.3397807874076904,6.72695943389401,25.664543293195916,43.46101181447027,6.7,1.6275967679738932,21.771783051028773,2.6140068604852447,34.11355420294997,41.558943607914,218.1486179921653,6.703938503513616,0.8894725103193286,1.9700986396411095,0.645403794837826,0.9026789559388034,0.07372646966261341,0.7991419225415173,0.7313998340750495,120.30000000000001,164.47911852774078,0.02877616297549368,synthetic,SPEC_V1,2026-10-07
OOD00046,3,41,ood,0.5795853466193481,0.08063386597296157,0.3397807874076904,6.72695943389401,25.664543293195916,43.46101181447027,6.7,1.6275967679738932,21.771783051028773,2.6140068604852447,34.11355420294997,41.558943607914,218.1486179921653,6.703938503513616,0.8894725103193286,1.9700986396411095,0.645403794837826,0.9026789559388034,0.07372646966261341,0.7991419225415173,0.7388047353123998,123.5,167.16189555522902,0.02877616297549368,synthetic,SPEC_V1,2026-10-07
OOD00046,4,41,ood,0.5795853466193481,0.08063386597296157,0.3397807874076904,6.72695943389401,25.664543293195916,43.46101181447027,6.7,1.6275967679738932,21.771783051028773,2.6140068604852447,34.11355420294997,41.558943607914,218.1486179921653,6.703938503513616,0.8894725103193286,1.9700986396411095,0.645403794837826,0.9026789559388034,0.07372646966261341,0.7991419225415173,0.7269897733027756,124.7,171.52923545743627,0.02877616297549368,synthetic,SPEC_V1,2026-10-07
OOD00046,5,41,ood,0.5795853466193481,0.08063386597296157,0.3397807874076904,6.72695943389401,25.664543293195916,43.46101181447027,6.7,1.6275967679738932,21.771783051028773,2.6140068604852447,34.11355420294997,41.558943607914,218.1486179921653,6.703938503513616,0.8894725103193286,1.9700986396411095,0.645403794837826,0.9026789559388034,0.07372646966261341,0.7991419225415173,0.7215548436232663,124.7,172.82123611536255,0.02877616297549368,synthetic,SPEC_V1,2026-10-07
OOD00046,6,41,ood,0.5795853466193481,0.08063386597296157,0.3397807874076904,6.72695943389401,25.664543293195916,43.46101181447027,6.7,1.6275967679738932,21.771783051028773,2.6140068604852447,34.11355420294997,41.558943607914,218.1486179921653,6.703938503513616,0.8894725103193286,1.9700986396411095,0.645403794837826,0.9026789559388034,0.07372646966261341,0.7991419225415173,0.71969336112062,130.6,181.46617303325596,0.02877616297549368,synthetic,SPEC_V1,2026-10-07
OOD00046,7,41,ood,0.5795853466193481,0.08063386597296157,0.3397807874076904,6.72695943389401,25.664543293195916,43.46101181447027,6.7,1.6275967679738932,21.771783051028773,2.6140068604852447,34.11355420294997,41.558943607914,218.1486179921653,6.703938503513616,0.8894725103193286,1.9700986396411095,0.645403794837826,0.9026789559388034,0.07372646966261341,0.7991419225415173,0.7130254866637605,125.7,176.29103356199664,0.02877616297549368,synthetic,SPEC_V1,2026-10-07
OOD00047,0,41,ood,0.48462222291588053,0.19868905522679703,0.3166887218573225,7.092308017857535,25.039216563707427,39.053364888648154,6.800000000000001,1.9184521943882753,24.693634450306284,2.470910641356277,26.50412517444562,56.84371369619397,212.83334079151314,6.7910488277191945,0.8088230239666588,4.73621740509441,0.6876151538985673,0.6161033467169262,0.06897595061751527,0.8179123128511414,0.7062387812494604,89.60000000000001,126.86927195003634,0.37657398767292616,synthetic,SPEC_V1,2026-10-07
OOD00047,1,41,ood,0.48462222291588053,0.19868905522679703,0.3166887218573225,7.092308017857535,25.039216563707427,39.053364888648154,6.800000000000001,1.9184521943882753,24.693634450306284,2.470910641356277,26.50412517444562,56.84371369619397,212.83334079151314,6.7910488277191945,0.8088230239666588,4.73621740509441,0.6876151538985673,0.6161033467169262,0.06897595061751527,0.8179123128511414,0.7123927394639556,90.80000000000001,127.4577841266645,0.37657398767292616,synthetic,SPEC_V1,2026-10-07
OOD00047,2,41,ood,0.48462222291588053,0.19868905522679703,0.3166887218573225,7.092308017857535,25.039216563707427,39.053364888648154,6.800000000000001,1.9184521943882753,24.693634450306284,2.470910641356277,26.50412517444562,56.84371369619397,212.83334079151314,6.7910488277191945,0.8088230239666588,4.73621740509441,0.6876151538985673,0.6161033467169262,0.06897595061751527,0.8179123128511414,0.711405700589689,87.30000000000001,122.71478837973389,0.37657398767292616,synthetic,SPEC_V1,2026-10-07
OOD00047,3,41,ood,0.48462222291588053,0.19868905522679703,0.3166887218573225,7.092308017857535,25.039216563707427,39.053364888648154,6.800000000000001,1.9184521943882753,24.693634450306284,2.470910641356277,26.50412517444562,56.84371369619397,212.83334079151314,6.7910488277191945,0.8088230239666588,4.73621740509441,0.6876151538985673,0.6161033467169262,0.06897595061751527,0.8179123128511414,0.7162367672295574,87.60000000000001,122.30592453224867,0.37657398767292616,synthetic,SPEC_V1,2026-10-07
OOD00047,4,41,ood,0.48462222291588053,0.19868905522679703,0.3166887218573225,7.092308017857535,25.039216563707427,39.053364888648154,6.800000000000001,1.9184521943882753,24.693634450306284,2.470910641356277,26.50412517444562,56.84371369619397,212.83334079151314,6.7910488277191945,0.8088230239666588,4.73621740509441,0.6876151538985673,0.6161033467169262,0.06897595061751527,0.8179123128511414,0.6860439405206484,88.4,128.854720198989,0.37657398767292616,synthetic,SPEC_V1,2026-10-07
OOD00047,5,41,ood,0.48462222291588053,0.19868905522679703,0.3166887218573225,7.092308017857535,25.039216563707427,39.053364888648154,6.800000000000001,1.9184521943882753,24.693634450306284,2.470910641356277,26.50412517444562,56.84371369619397,212.83334079151314,6.7910488277191945,0.8088230239666588,4.73621740509441,0.6876151538985673,0.6161033467169262,0.06897595061751527,0.8179123128511414,0.6809924576559009,89.30000000000001,131.13214250182264,0.37657398767292616,synthetic,SPEC_V1,2026-10-07
OOD00047,6,41,ood,0.48462222291588053,0.19868905522679703,0.3166887218573225,7.092308017857535,25.039216563707427,39.053364888648154,6.800000000000001,1.9184521943882753,24.693634450306284,2.470910641356277,26.50412517444562,56.84371369619397,212.83334079151314,6.7910488277191945,0.8088230239666588,4.73621740509441,0.6876151538985673,0.6161033467169262,0.06897595061751527,0.8179123128511414,0.7012984124194507,95.7,136.4611673222515,0.37657398767292616,synthetic,SPEC_V1,2026-10-07
OOD00047,7,41,ood,0.48462222291588053,0.19868905522679703,0.3166887218573225,7.092308017857535,25.039216563707427,39.053364888648154,6.800000000000001,1.9184521943882753,24.693634450306284,2.470910641356277,26.50412517444562,56.84371369619397,212.83334079151314,6.7910488277191945,0.8088230239666588,4.73621740509441,0.6876151538985673,0.6161033467169262,0.06897595061751527,0.8179123128511414,0.7102913846656955,86.10000000000001,121.21785771134431,0.37657398767292616,synthetic,SPEC_V1,2026-10-07
OOD00048,0,41,ood,0.5216447842170912,0.11630647946304387,0.36204873631986506,6.643739985441257,26.048343738928082,34.499232629298284,6.2,2.345780235084434,29.913391889698456,1.0228631990885688,26.83489792883935,54.97137929142286,221.41092178088869,6.164548237853372,0.9619385332582469,2.8841707806242853,0.6087956405210563,0.8123029401107541,0.03221262697398509,0.6184788285323883,0.7296878009745942,11.200000000000001,15.349030071546935,0.5989896844848561,synthetic,SPEC_V1,2026-10-07
OOD00048,1,41,ood,0.5216447842170912,0.11630647946304387,0.36204873631986506,6.643739985441257,26.048343738928082,34.499232629298284,6.2,2.345780235084434,29.913391889698456,1.0228631990885688,26.83489792883935,54.97137929142286,221.41092178088869,6.164548237853372,0.9619385332582469,2.8841707806242853,0.6087956405210563,0.8123029401107541,0.03221262697398509,0.6184788285323883,0.7274817113046816,11.600000000000001,15.945418035590622,0.5989896844848561,synthetic,SPEC_V1,2026-10-07
OOD00048,2,41,ood,0.5216447842170912,0.11630647946304387,0.36204873631986506,6.643739985441257,26.048343738928082,34.499232629298284,6.2,2.345780235084434,29.913391889698456,1.0228631990885688,26.83489792883935,54.97137929142286,221.41092178088869,6.164548237853372,0.9619385332582469,2.8841707806242853,0.6087956405210563,0.8123029401107541,0.03221262697398509,0.6184788285323883,0.7262388876535781,11.3,15.559618456276047,0.5989896844848561,synthetic,SPEC_V1,2026-10-07
OOD00048,3,41,ood,0.5216447842170912,0.11630647946304387,0.36204873631986506,6.643739985441257,26.048343738928082,34.499232629298284,6.2,2.345780235084434,29.913391889698456,1.0228631990885688,26.83489792883935,54.97137929142286,221.41092178088869,6.164548237853372,0.9619385332582469,2.8841707806242853,0.6087956405210563,0.8123029401107541,0.03221262697398509,0.6184788285323883,0.7177947284961017,10.8,15.046084306898967,0.5989896844848561,synthetic,SPEC_V1,2026-10-07
OOD00048,4,41,ood,0.5216447842170912,0.11630647946304387,0.36204873631986506,6.643739985441257,26.048343738928082,34.499232629298284,6.2,2.345780235084434,29.913391889698456,1.0228631990885688,26.83489792883935,54.97137929142286,221.41092178088869,6.164548237853372,0.9619385332582469,2.8841707806242853,0.6087956405210563,0.8123029401107541,0.03221262697398509,0.6184788285323883,0.7408099556690964,10.9,14.71362515661006,0.5989896844848561,synthetic,SPEC_V1,2026-10-07
OOD00048,5,41,ood,0.5216447842170912,0.11630647946304387,0.36204873631986506,6.643739985441257,26.048343738928082,34.499232629298284,6.2,2.345780235084434,29.913391889698456,1.0228631990885688,26.83489792883935,54.97137929142286,221.41092178088869,6.164548237853372,0.9619385332582469,2.8841707806242853,0.6087956405210563,0.8123029401107541,0.03221262697398509,0.6184788285323883,0.7241143029516269,11.8,16.29576981410389,0.5989896844848561,synthetic,SPEC_V1,2026-10-07
OOD00048,6,41,ood,0.5216447842170912,0.11630647946304387,0.36204873631986506,6.643739985441257,26.048343738928082,34.499232629298284,6.2,2.345780235084434,29.913391889698456,1.0228631990885688,26.83489792883935,54.97137929142286,221.41092178088869,6.164548237853372,0.9619385332582469,2.8841707806242853,0.6087956405210563,0.8123029401107541,0.03221262697398509,0.6184788285323883,0.7284356191460152,11.700000000000001,16.06181753401426,0.5989896844848561,synthetic,SPEC_V1,2026-10-07
OOD00048,7,41,ood,0.5216447842170912,0.11630647946304387,0.36204873631986506,6.643739985441257,26.048343738928082,34.499232629298284,6.2,2.345780235084434,29.913391889698456,1.0228631990885688,26.83489792883935,54.97137929142286,221.41092178088869,6.164548237853372,0.9619385332582469,2.8841707806242853,0.6087956405210563,0.8123029401107541,0.03221262697398509,0.6184788285323883,0.7381326329661144,11.4,15.444378816026878,0.5989896844848561,synthetic,SPEC_V1,2026-10-07
OOD00049,0,41,ood,0.5411620258511036,0.14620621681712237,0.3126317573317741,6.908530910448232,23.464474390792336,33.39370955136076,6.1000000000000005,3.2492069725579182,23.825527976846885,1.2752797745804036,29.906760365157147,66.325508460315,199.44803232173487,6.108530910448232,0.7482454660933014,3.2659807328265598,0.720046343072192,0.7714291751182807,0.03187984410624222,0.532125002289428,0.7144986853230251,2.1,2.9391236724957577,1.0,synthetic,SPEC_V1,2026-10-07
OOD00049,1,41,ood,0.5411620258511036,0.14620621681712237,0.3126317573317741,6.908530910448232,23.464474390792336,33.39370955136076,6.1000000000000005,3.2492069725579182,23.825527976846885,1.2752797745804036,29.906760365157147,66.325508460315,199.44803232173487,6.108530910448232,0.7482454660933014,3.2659807328265598,0.720046343072192,0.7714291751182807,0.03187984410624222,0.532125002289428,0.7097197295020745,2.0,2.818013811456476,1.0,synthetic,SPEC_V1,2026-10-07
OOD00049,2,41,ood,0.5411620258511036,0.14620621681712237,0.3126317573317741,6.908530910448232,23.464474390792336,33.39370955136076,6.1000000000000005,3.2492069725579182,23.825527976846885,1.2752797745804036,29.906760365157147,66.325508460315,199.44803232173487,6.108530910448232,0.7482454660933014,3.2659807328265598,0.720046343072192,0.7714291751182807,0.03187984410624222,0.532125002289428,0.712087166674071,2.1,2.9490771611689355,1.0,synthetic,SPEC_V1,2026-10-07
OOD00049,3,41,ood,0.5411620258511036,0.14620621681712237,0.3126317573317741,6.908530910448232,23.464474390792336,33.39370955136076,6.1000000000000005,3.2492069725579182,23.825527976846885,1.2752797745804036,29.906760365157147,66.325508460315,199.44803232173487,6.108530910448232,0.7482454660933014,3.2659807328265598,0.720046343072192,0.7714291751182807,0.03187984410624222,0.532125002289428,0.7004137947202302,2.0,2.855454896914002,1.0,synthetic,SPEC_V1,2026-10-07
OOD00049,4,41,ood,0.5411620258511036,0.14620621681712237,0.3126317573317741,6.908530910448232,23.464474390792336,33.39370955136076,6.1000000000000005,3.2492069725579182,23.825527976846885,1.2752797745804036,29.906760365157147,66.325508460315,199.44803232173487,6.108530910448232,0.7482454660933014,3.2659807328265598,0.720046343072192,0.7714291751182807,0.03187984410624222,0.532125002289428,0.6993002432514842,2.2,3.146002051666426,1.0,synthetic,SPEC_V1,2026-10-07
OOD00049,5,41,ood,0.5411620258511036,0.14620621681712237,0.3126317573317741,6.908530910448232,23.464474390792336,33.39370955136076,6.1000000000000005,3.2492069725579182,23.825527976846885,1.2752797745804036,29.906760365157147,66.325508460315,199.44803232173487,6.108530910448232,0.7482454660933014,3.2659807328265598,0.720046343072192,0.7714291751182807,0.03187984410624222,0.532125002289428,0.686481221748457,2.0,2.9134081700094154,1.0,synthetic,SPEC_V1,2026-10-07
OOD00049,6,41,ood,0.5411620258511036,0.14620621681712237,0.3126317573317741,6.908530910448232,23.464474390792336,33.39370955136076,6.1000000000000005,3.2492069725579182,23.825527976846885,1.2752797745804036,29.906760365157147,66.325508460315,199.44803232173487,6.108530910448232,0.7482454660933014,3.2659807328265598,0.720046343072192,0.7714291751182807,0.03187984410624222,0.532125002289428,0.6935864107950039,2.0,2.8835628392827886,1.0,synthetic,SPEC_V1,2026-10-07
OOD00049,7,41,ood,0.5411620258511036,0.14620621681712237,0.3126317573317741,6.908530910448232,23.464474390792336,33.39370955136076,6.1000000000000005,3.2492069725579182,23.825527976846885,1.2752797745804036,29.906760365157147,66.325508460315,199.44803232173487,6.108530910448232,0.7482454660933014,3.2659807328265598,0.720046343072192,0.7714291751182807,0.03187984410624222,0.532125002289428,0.6980181059891698,2.0,2.8652551887114392,1.0,synthetic,SPEC_V1,2026-10-07
OOD00050,0,41,ood,0.5450179682557359,0.14794611026744572,0.30703592147681835,6.926502892862978,23.1513281384059,39.99188580192039,6.7,1.9139148091927778,28.261587349512226,2.351590214318566,31.730652623657104,62.19580022298065,196.78628917645017,6.707715891421827,0.7250455155755403,3.2607417962135026,0.7325668175984199,0.7719948230984679,0.0716716794402438,0.8680794496623698,0.686924448277082,89.30000000000001,129.9997404721566,0.2734837518014386,synthetic,SPEC_V1,2026-10-07
OOD00050,1,41,ood,0.5450179682557359,0.14794611026744572,0.30703592147681835,6.926502892862978,23.1513281384059,39.99188580192039,6.7,1.9139148091927778,28.261587349512226,2.351590214318566,31.730652623657104,62.19580022298065,196.78628917645017,6.707715891421827,0.7250455155755403,3.2607417962135026,0.7325668175984199,0.7719948230984679,0.0716716794402438,0.8680794496623698,0.7028602662193746,103.5,147.25544318605128,0.2734837518014386,synthetic,SPEC_V1,2026-10-07
OOD00050,2,41,ood,0.5450179682557359,0.14794611026744572,0.30703592147681835,6.926502892862978,23.1513281384059,39.99188580192039,6.7,1.9139148091927778,28.261587349512226,2.351590214318566,31.730652623657104,62.19580022298065,196.78628917645017,6.707715891421827,0.7250455155755403,3.2607417962135026,0.7325668175984199,0.7719948230984679,0.0716716794402438,0.8680794496623698,0.7005821302534129,97.5,139.1699784930748,0.2734837518014386,synthetic,SPEC_V1,2026-10-07
OOD00050,3,41,ood,0.5450179682557359,0.14794611026744572,0.30703592147681835,6.926502892862978,23.1513281384059,39.99188580192039,6.7,1.9139148091927778,28.261587349512226,2.351590214318566,31.730652623657104,62.19580022298065,196.78628917645017,6.707715891421827,0.7250455155755403,3.2607417962135026,0.7325668175984199,0.7719948230984679,0.0716716794402438,0.8680794496623698,0.7097603105205685,89.80000000000001,126.52158576482934,0.2734837518014386,synthetic,SPEC_V1,2026-10-07
OOD00050,4,41,ood,0.5450179682557359,0.14794611026744572,0.30703592147681835,6.926502892862978,23.1513281384059,39.99188580192039,6.7,1.9139148091927778,28.261587349512226,2.351590214318566,31.730652623657104,62.19580022298065,196.78628917645017,6.707715891421827,0.7250455155755403,3.2607417962135026,0.7325668175984199,0.7719948230984679,0.0716716794402438,0.8680794496623698,0.7033024999024482,91.9,130.66923551778507,0.2734837518014386,synthetic,SPEC_V1,2026-10-07
OOD00050,5,41,ood,0.5450179682557359,0.14794611026744572,0.30703592147681835,6.926502892862978,23.1513281384059,39.99188580192039,6.7,1.9139148091927778,28.261587349512226,2.351590214318566,31.730652623657104,62.19580022298065,196.78628917645017,6.707715891421827,0.7250455155755403,3.2607417962135026,0.7325668175984199,0.7719948230984679,0.0716716794402438,0.8680794496623698,0.6911094137058107,103.2,149.32512559281946,0.2734837518014386,synthetic,SPEC_V1,2026-10-07
OOD00050,6,41,ood,0.5450179682557359,0.14794611026744572,0.30703592147681835,6.926502892862978,23.1513281384059,39.99188580192039,6.7,1.9139148091927778,28.261587349512226,2.351590214318566,31.730652623657104,62.19580022298065,196.78628917645017,6.707715891421827,0.7250455155755403,3.2607417962135026,0.7325668175984199,0.7719948230984679,0.0716716794402438,0.8680794496623698,0.6808432225696335,98.2,144.23291110892504,0.2734837518014386,synthetic,SPEC_V1,2026-10-07
OOD00050,7,41,ood,0.5450179682557359,0.14794611026744572,0.30703592147681835,6.926502892862978,23.1513281384059,39.99188580192039,6.7,1.9139148091927778,28.261587349512226,2.351590214318566,31.730652623657104,62.19580022298065,196.78628917645017,6.707715891421827,0.7250455155755403,3.2607417962135026,0.7325668175984199,0.7719948230984679,0.0716716794402438,0.8680794496623698,0.6830835185129019,102.0,149.32288254012886,0.2734837518014386,synthetic,SPEC_V1,2026-10-07
OOD00051,0,41,ood,0.5240608754192468,0.1333391492189719,0.3425999753617812,7.226102982018746,24.25825894694081,35.04994659868523,7.2,1.6064268934863695,30.714878398649578,1.3167265587008277,26.232548737090873,18.19947775377733,206.1952010489969,7.150182673339399,0.8477096495892463,3.0793159802617076,0.6670954453504943,0.79151866804842,0.08796187662048996,0.928557067770811,0.7342506518021017,99.60000000000001,135.64850062515794,0.0949003858491837,synthetic,SPEC_V1,2026-10-07
OOD00051,1,41,ood,0.5240608754192468,0.1333391492189719,0.3425999753617812,7.226102982018746,24.25825894694081,35.04994659868523,7.2,1.6064268934863695,30.714878398649578,1.3167265587008277,26.232548737090873,18.19947775377733,206.1952010489969,7.150182673339399,0.8477096495892463,3.0793159802617076,0.6670954453504943,0.79151866804842,0.08796187662048996,0.928557067770811,0.7225697617473562,115.7,160.12294746490383,0.0949003858491837,synthetic,SPEC_V1,2026-10-07
OOD00051,2,41,ood,0.5240608754192468,0.1333391492189719,0.3425999753617812,7.226102982018746,24.25825894694081,35.04994659868523,7.2,1.6064268934863695,30.714878398649578,1.3167265587008277,26.232548737090873,18.19947775377733,206.1952010489969,7.150182673339399,0.8477096495892463,3.0793159802617076,0.6670954453504943,0.79151866804842,0.08796187662048996,0.928557067770811,0.731828009272983,107.9,147.43901385680863,0.0949003858491837,synthetic,SPEC_V1,2026-10-07
OOD00051,3,41,ood,0.5240608754192468,0.1333391492189719,0.3425999753617812,7.226102982018746,24.25825894694081,35.04994659868523,7.2,1.6064268934863695,30.714878398649578,1.3167265587008277,26.232548737090873,18.19947775377733,206.1952010489969,7.150182673339399,0.8477096495892463,3.0793159802617076,0.6670954453504943,0.79151866804842,0.08796187662048996,0.928557067770811,0.7240793395511903,97.9,135.20617790404273,0.0949003858491837,synthetic,SPEC_V1,2026-10-07
OOD00051,4,41,ood,0.5240608754192468,0.1333391492189719,0.3425999753617812,7.226102982018746,24.25825894694081,35.04994659868523,7.2,1.6064268934863695,30.714878398649578,1.3167265587008277,26.232548737090873,18.19947775377733,206.1952010489969,7.150182673339399,0.8477096495892463,3.0793159802617076,0.6670954453504943,0.79151866804842,0.08796187662048996,0.928557067770811,0.7033431029442506,109.7,155.96939749716321,0.0949003858491837,synthetic,SPEC_V1,2026-10-07
OOD00051,5,41,ood,0.5240608754192468,0.1333391492189719,0.3425999753617812,7.226102982018746,24.25825894694081,35.04994659868523,7.2,1.6064268934863695,30.714878398649578,1.3167265587008277,26.232548737090873,18.19947775377733,206.1952010489969,7.150182673339399,0.8477096495892463,3.0793159802617076,0.6670954453504943,0.79151866804842,0.08796187662048996,0.928557067770811,0.7358663336932836,109.80000000000001,149.21188125147432,0.0949003858491837,synthetic,SPEC_V1,2026-10-07
OOD00051,6,41,ood,0.5240608754192468,0.1333391492189719,0.3425999753617812,7.226102982018746,24.25825894694081,35.04994659868523,7.2,1.6064268934863695,30.714878398649578,1.3167265587008277,26.232548737090873,18.19947775377733,206.1952010489969,7.150182673339399,0.8477096495892463,3.0793159802617076,0.6670954453504943,0.79151866804842,0.08796187662048996,0.928557067770811,0.7251546591689007,102.4,141.21125570283255,0.0949003858491837,synthetic,SPEC_V1,2026-10-07
OOD00051,7,41,ood,0.5240608754192468,0.1333391492189719,0.3425999753617812,7.226102982018746,24.25825894694081,35.04994659868523,7.2,1.6064268934863695,30.714878398649578,1.3167265587008277,26.232548737090873,18.19947775377733,206.1952010489969,7.150182673339399,0.8477096495892463,3.0793159802617076,0.6670954453504943,0.79151866804842,0.08796187662048996,0.928557067770811,0.7177276566665118,109.7,152.8434901192215,0.0949003858491837,synthetic,SPEC_V1,2026-10-07
OOD00052,0,41,ood,0.5035327173077371,0.1672444056521713,0.32922287704009157,7.15457579358676,22.15113033509193,42.42267522911655,6.4,3.9696726685497357,31.901509322624705,2.2094004646934335,30.83884264948654,82.36260977513078,188.2846078482814,6.35457579358676,0.7438512035781193,3.5268293013002525,0.7224148112705979,0.7432100803870008,0.04083906818689114,0.706292835050933,0.7037332657019848,7.9,11.225844201239553,1.0,synthetic,SPEC_V1,2026-10-07
OOD00052,1,41,ood,0.5035327173077371,0.1672444056521713,0.32922287704009157,7.15457579358676,22.15113033509193,42.42267522911655,6.4,3.9696726685497357,31.901509322624705,2.2094004646934335,30.83884264948654,82.36260977513078,188.2846078482814,6.35457579358676,0.7438512035781193,3.5268293013002525,0.7224148112705979,0.7432100803870008,0.04083906818689114,0.706292835050933,0.7127420077999721,8.5,11.925773852220434,1.0,synthetic,SPEC_V1,2026-10-07
OOD00052,2,41,ood,0.5035327173077371,0.1672444056521713,0.32922287704009157,7.15457579358676,22.15113033509193,42.42267522911655,6.4,3.9696726685497357,31.901509322624705,2.2094004646934335,30.83884264948654,82.36260977513078,188.2846078482814,6.35457579358676,0.7438512035781193,3.5268293013002525,0.7224148112705979,0.7432100803870008,0.04083906818689114,0.706292835050933,0.7071380326145369,8.5,12.020284029374752,1.0,synthetic,SPEC_V1,2026-10-07
OOD00052,3,41,ood,0.5035327173077371,0.1672444056521713,0.32922287704009157,7.15457579358676,22.15113033509193,42.42267522911655,6.4,3.9696726685497357,31.901509322624705,2.2094004646934335,30.83884264948654,82.36260977513078,188.2846078482814,6.35457579358676,0.7438512035781193,3.5268293013002525,0.7224148112705979,0.7432100803870008,0.04083906818689114,0.706292835050933,0.7140261978631904,10.0,14.005088370603497,1.0,synthetic,SPEC_V1,2026-10-07
OOD00052,4,41,ood,0.5035327173077371,0.1672444056521713,0.32922287704009157,7.15457579358676,22.15113033509193,42.42267522911655,6.4,3.9696726685497357,31.901509322624705,2.2094004646934335,30.83884264948654,82.36260977513078,188.2846078482814,6.35457579358676,0.7438512035781193,3.5268293013002525,0.7224148112705979,0.7432100803870008,0.04083906818689114,0.706292835050933,0.7267724077209416,8.700000000000001,11.970735140154819,1.0,synthetic,SPEC_V1,2026-10-07
OOD00052,5,41,ood,0.5035327173077371,0.1672444056521713,0.32922287704009157,7.15457579358676,22.15113033509193,42.42267522911655,6.4,3.9696726685497357,31.901509322624705,2.2094004646934335,30.83884264948654,82.36260977513078,188.2846078482814,6.35457579358676,0.7438512035781193,3.5268293013002525,0.7224148112705979,0.7432100803870008,0.04083906818689114,0.706292835050933,0.7229457232363194,8.6,11.895775469147905,1.0,synthetic,SPEC_V1,2026-10-07
OOD00052,6,41,ood,0.5035327173077371,0.1672444056521713,0.32922287704009157,7.15457579358676,22.15113033509193,42.42267522911655,6.4,3.9696726685497357,31.901509322624705,2.2094004646934335,30.83884264948654,82.36260977513078,188.2846078482814,6.35457579358676,0.7438512035781193,3.5268293013002525,0.7224148112705979,0.7432100803870008,0.04083906818689114,0.706292835050933,0.7085775685797501,7.7,10.866841319057885,1.0,synthetic,SPEC_V1,2026-10-07
OOD00052,7,41,ood,0.5035327173077371,0.1672444056521713,0.32922287704009157,7.15457579358676,22.15113033509193,42.42267522911655,6.4,3.9696726685497357,31.901509322624705,2.2094004646934335,30.83884264948654,82.36260977513078,188.2846078482814,6.35457579358676,0.7438512035781193,3.5268293013002525,0.7224148112705979,0.7432100803870008,0.04083906818689114,0.706292835050933,0.727430166052596,9.0,12.372321660563724,1.0,synthetic,SPEC_V1,2026-10-07
OOD00053,0,41,ood,0.4814203813214621,0.16649321572634074,0.3520864029521972,6.994340754603484,22.655298348865482,36.54034055497259,6.300000000000001,2.612316077943208,34.28012334059288,2.5217700127912757,32.63857018110555,58.58908006440732,192.5700359653566,6.290938262569434,0.8136154953530117,3.5908997085258427,0.6850715664860758,0.7362782172968944,0.04709829888965864,0.75657562671449,0.724842039893385,16.7,23.03950251348053,0.8792531150425622,synthetic,SPEC_V1,2026-10-07
OOD00053,1,41,ood,0.4814203813214621,0.16649321572634074,0.3520864029521972,6.994340754603484,22.655298348865482,36.54034055497259,6.300000000000001,2.612316077943208,34.28012334059288,2.5217700127912757,32.63857018110555,58.58908006440732,192.5700359653566,6.290938262569434,0.8136154953530117,3.5908997085258427,0.6850715664860758,0.7362782172968944,0.04709829888965864,0.75657562671449,0.7123640087815838,16.7,23.44307094986932,0.8792531150425622,synthetic,SPEC_V1,2026-10-07
OOD00053,2,41,ood,0.4814203813214621,0.16649321572634074,0.3520864029521972,6.994340754603484,22.655298348865482,36.54034055497259,6.300000000000001,2.612316077943208,34.28012334059288,2.5217700127912757,32.63857018110555,58.58908006440732,192.5700359653566,6.290938262569434,0.8136154953530117,3.5908997085258427,0.6850715664860758,0.7362782172968944,0.04709829888965864,0.75657562671449,0.7182731365642537,17.2,23.946322261575155,0.8792531150425622,synthetic,SPEC_V1,2026-10-07
OOD00053,3,41,ood,0.4814203813214621,0.16649321572634074,0.3520864029521972,6.994340754603484,22.655298348865482,36.54034055497259,6.300000000000001,2.612316077943208,34.28012334059288,2.5217700127912757,32.63857018110555,58.58908006440732,192.5700359653566,6.290938262569434,0.8136154953530117,3.5908997085258427,0.6850715664860758,0.7362782172968944,0.04709829888965864,0.75657562671449,0.7387470320630366,17.400000000000002,23.553394118428454,0.8792531150425622,synthetic,SPEC_V1,2026-10-07
OOD00053,4,41,ood,0.4814203813214621,0.16649321572634074,0.3520864029521972,6.994340754603484,22.655298348865482,36.54034055497259,6.300000000000001,2.612316077943208,34.28012334059288,2.5217700127912757,32.63857018110555,58.58908006440732,192.5700359653566,6.290938262569434,0.8136154953530117,3.5908997085258427,0.6850715664860758,0.7362782172968944,0.04709829888965864,0.75657562671449,0.75,15.8,21.066666666666666,0.8792531150425622,synthetic,SPEC_V1,2026-10-07
OOD00053,5,41,ood,0.4814203813214621,0.16649321572634074,0.3520864029521972,6.994340754603484,22.655298348865482,36.54034055497259,6.300000000000001,2.612316077943208,34.28012334059288,2.5217700127912757,32.63857018110555,58.58908006440732,192.5700359653566,6.290938262569434,0.8136154953530117,3.5908997085258427,0.6850715664860758,0.7362782172968944,0.04709829888965864,0.75657562671449,0.7234539427648938,16.5,22.807256999582247,0.8792531150425622,synthetic,SPEC_V1,2026-10-07
OOD00053,6,41,ood,0.4814203813214621,0.16649321572634074,0.3520864029521972,6.994340754603484,22.655298348865482,36.54034055497259,6.300000000000001,2.612316077943208,34.28012334059288,2.5217700127912757,32.63857018110555,58.58908006440732,192.5700359653566,6.290938262569434,0.8136154953530117,3.5908997085258427,0.6850715664860758,0.7362782172968944,0.04709829888965864,0.75657562671449,0.734944142599419,16.5,22.450685764555196,0.8792531150425622,synthetic,SPEC_V1,2026-10-07
OOD00053,7,41,ood,0.4814203813214621,0.16649321572634074,0.3520864029521972,6.994340754603484,22.655298348865482,36.54034055497259,6.300000000000001,2.612316077943208,34.28012334059288,2.5217700127912757,32.63857018110555,58.58908006440732,192.5700359653566,6.290938262569434,0.8136154953530117,3.5908997085258427,0.6850715664860758,0.7362782172968944,0.04709829888965864,0.75657562671449,0.7266031801857892,17.5,24.08467300614529,0.8792531150425622,synthetic,SPEC_V1,2026-10-07
OOD00054,0,41,ood,0.5623626966320975,0.13620720054991872,0.30143010281798377,7.34008187048865,24.762947893759247,30.936008350158428,6.800000000000001,2.6652140300841833,32.64682213944434,2.0534264834814664,25.187811109959565,32.9858345386179,210.4850570969536,6.7526254841686155,0.761358388828607,3.2109930030937752,0.7129889669319965,0.7773619072444536,0.10957430423729397,0.962642781777971,0.6911123699238229,134.20000000000002,194.17971062331307,0.7343204829000423,synthetic,SPEC_V1,2026-10-07
OOD00054,1,41,ood,0.5623626966320975,0.13620720054991872,0.30143010281798377,7.34008187048865,24.762947893759247,30.936008350158428,6.800000000000001,2.6652140300841833,32.64682213944434,2.0534264834814664,25.187811109959565,32.9858345386179,210.4850570969536,6.7526254841686155,0.761358388828607,3.2109930030937752,0.7129889669319965,0.7773619072444536,0.10957430423729397,0.962642781777971,0.686037938586756,129.9,189.34812886237037,0.7343204829000423,synthetic,SPEC_V1,2026-10-07
OOD00054,2,41,ood,0.5623626966320975,0.13620720054991872,0.30143010281798377,7.34008187048865,24.762947893759247,30.936008350158428,6.800000000000001,2.6652140300841833,32.64682213944434,2.0534264834814664,25.187811109959565,32.9858345386179,210.4850570969536,6.7526254841686155,0.761358388828607,3.2109930030937752,0.7129889669319965,0.7773619072444536,0.10957430423729397,0.962642781777971,0.6906853305628392,129.5,187.49493332147435,0.7343204829000423,synthetic,SPEC_V1,2026-10-07
OOD00054,3,41,ood,0.5623626966320975,0.13620720054991872,0.30143010281798377,7.34008187048865,24.762947893759247,30.936008350158428,6.800000000000001,2.6652140300841833,32.64682213944434,2.0534264834814664,25.187811109959565,32.9858345386179,210.4850570969536,6.7526254841686155,0.761358388828607,3.2109930030937752,0.7129889669319965,0.7773619072444536,0.10957430423729397,0.962642781777971,0.6770193555931048,127.7,188.6208997497982,0.7343204829000423,synthetic,SPEC_V1,2026-10-07
OOD00054,4,41,ood,0.5623626966320975,0.13620720054991872,0.30143010281798377,7.34008187048865,24.762947893759247,30.936008350158428,6.800000000000001,2.6652140300841833,32.64682213944434,2.0534264834814664,25.187811109959565,32.9858345386179,210.4850570969536,6.7526254841686155,0.761358388828607,3.2109930030937752,0.7129889669319965,0.7773619072444536,0.10957430423729397,0.962642781777971,0.681052729781392,129.0,189.41264656762644,0.7343204829000423,synthetic,SPEC_V1,2026-10-07
OOD00054,5,41,ood,0.5623626966320975,0.13620720054991872,0.30143010281798377,7.34008187048865,24.762947893759247,30.936008350158428,6.800000000000001,2.6652140300841833,32.64682213944434,2.0534264834814664,25.187811109959565,32.9858345386179,210.4850570969536,6.7526254841686155,0.761358388828607,3.2109930030937752,0.7129889669319965,0.7773619072444536,0.10957430423729397,0.962642781777971,0.6961686096999646,137.20000000000002,197.07869342044967,0.7343204829000423,synthetic,SPEC_V1,2026-10-07
OOD00054,6,41,ood,0.5623626966320975,0.13620720054991872,0.30143010281798377,7.34008187048865,24.762947893759247,30.936008350158428,6.800000000000001,2.6652140300841833,32.64682213944434,2.0534264834814664,25.187811109959565,32.9858345386179,210.4850570969536,6.7526254841686155,0.761358388828607,3.2109930030937752,0.7129889669319965,0.7773619072444536,0.10957430423729397,0.962642781777971,0.6758254237456551,129.3,191.32159794074525,0.7343204829000423,synthetic,SPEC_V1,2026-10-07
OOD00054,7,41,ood,0.5623626966320975,0.13620720054991872,0.30143010281798377,7.34008187048865,24.762947893759247,30.936008350158428,6.800000000000001,2.6652140300841833,32.64682213944434,2.0534264834814664,25.187811109959565,32.9858345386179,210.4850570969536,6.7526254841686155,0.761358388828607,3.2109930030937752,0.7129889669319965,0.7773619072444536,0.10957430423729397,0.962642781777971,0.6991652281890754,132.0,188.79657436897477,0.7343204829000423,synthetic,SPEC_V1,2026-10-07
OOD00055,0,41,ood,0.5624024725020669,0.05994045482062321,0.37765707267730997,7.318059624014941,25.36629987842701,37.28670268312767,6.800000000000001,2.572355948611005,26.648172654744904,1.2572419069525975,34.4587378301557,49.32983528297249,215.6135489666296,6.798504768434009,0.977135780787638,1.4474851093414312,0.6013042454202647,0.9450006190024931,0.1052186513628209,0.9394257133110273,0.75,133.6,178.13333333333333,0.6494435694761642,synthetic,SPEC_V1,2026-10-07
OOD00055,1,41,ood,0.5624024725020669,0.05994045482062321,0.37765707267730997,7.318059624014941,25.36629987842701,37.28670268312767,6.800000000000001,2.572355948611005,26.648172654744904,1.2572419069525975,34.4587378301557,49.32983528297249,215.6135489666296,6.798504768434009,0.977135780787638,1.4474851093414312,0.6013042454202647,0.9450006190024931,0.1052186513628209,0.9394257133110273,0.7378938155804291,132.4,179.42961060847736,0.6494435694761642,synthetic,SPEC_V1,2026-10-07
OOD00055,2,41,ood,0.5624024725020669,0.05994045482062321,0.37765707267730997,7.318059624014941,25.36629987842701,37.28670268312767,6.800000000000001,2.572355948611005,26.648172654744904,1.2572419069525975,34.4587378301557,49.32983528297249,215.6135489666296,6.798504768434009,0.977135780787638,1.4474851093414312,0.6013042454202647,0.9450006190024931,0.1052186513628209,0.9394257133110273,0.7481862856481782,140.3,187.52014396849515,0.6494435694761642,synthetic,SPEC_V1,2026-10-07
OOD00055,3,41,ood,0.5624024725020669,0.05994045482062321,0.37765707267730997,7.318059624014941,25.36629987842701,37.28670268312767,6.800000000000001,2.572355948611005,26.648172654744904,1.2572419069525975,34.4587378301557,49.32983528297249,215.6135489666296,6.798504768434009,0.977135780787638,1.4474851093414312,0.6013042454202647,0.9450006190024931,0.1052186513628209,0.9394257133110273,0.7475702866299813,130.70000000000002,174.83305896117233,0.6494435694761642,synthetic,SPEC_V1,2026-10-07
OOD00055,4,41,ood,0.5624024725020669,0.05994045482062321,0.37765707267730997,7.318059624014941,25.36629987842701,37.28670268312767,6.800000000000001,2.572355948611005,26.648172654744904,1.2572419069525975,34.4587378301557,49.32983528297249,215.6135489666296,6.798504768434009,0.977135780787638,1.4474851093414312,0.6013042454202647,0.9450006190024931,0.1052186513628209,0.9394257133110273,0.743320460793324,133.4,179.46499126046675,0.6494435694761642,synthetic,SPEC_V1,2026-10-07
OOD00055,5,41,ood,0.5624024725020669,0.05994045482062321,0.37765707267730997,7.318059624014941,25.36629987842701,37.28670268312767,6.800000000000001,2.572355948611005,26.648172654744904,1.2572419069525975,34.4587378301557,49.32983528297249,215.6135489666296,6.798504768434009,0.977135780787638,1.4474851093414312,0.6013042454202647,0.9450006190024931,0.1052186513628209,0.9394257133110273,0.75,141.20000000000002,188.26666666666668,0.6494435694761642,synthetic,SPEC_V1,2026-10-07
OOD00055,6,41,ood,0.5624024725020669,0.05994045482062321,0.37765707267730997,7.318059624014941,25.36629987842701,37.28670268312767,6.800000000000001,2.572355948611005,26.648172654744904,1.2572419069525975,34.4587378301557,49.32983528297249,215.6135489666296,6.798504768434009,0.977135780787638,1.4474851093414312,0.6013042454202647,0.9450006190024931,0.1052186513628209,0.9394257133110273,0.7285219686042221,137.5,188.73830292782625,0.6494435694761642,synthetic,SPEC_V1,2026-10-07
OOD00055,7,41,ood,0.5624024725020669,0.05994045482062321,0.37765707267730997,7.318059624014941,25.36629987842701,37.28670268312767,6.800000000000001,2.572355948611005,26.648172654744904,1.2572419069525975,34.4587378301557,49.32983528297249,215.6135489666296,6.798504768434009,0.977135780787638,1.4474851093414312,0.6013042454202647,0.9450006190024931,0.1052186513628209,0.9394257133110273,0.7459545840163295,135.3,181.3783344175256,0.6494435694761642,synthetic,SPEC_V1,2026-10-07
OOD00056,0,41,ood,0.551524532545896,0.07233134386889545,0.37614412358520866,7.414437391813848,25.718153669561378,47.209427194796724,6.6000000000000005,3.817330912191703,21.007950944016017,1.3978313354333913,28.5279741142271,67.33058928748738,218.6043061912717,6.614437391813849,0.9867207019712219,1.7709376431423243,0.5966147720613671,0.9198640000233,0.038453024456774336,0.5541707516212273,0.7423099361251942,7.7,10.37302563965863,1.0,synthetic,SPEC_V1,2026-10-07
OOD00056,1,41,ood,0.551524532545896,0.07233134386889545,0.37614412358520866,7.414437391813848,25.718153669561378,47.209427194796724,6.6000000000000005,3.817330912191703,21.007950944016017,1.3978313354333913,28.5279741142271,67.33058928748738,218.6043061912717,6.614437391813849,0.9867207019712219,1.7709376431423243,0.5966147720613671,0.9198640000233,0.038453024456774336,0.5541707516212273,0.7370115063684219,8.3,11.261696633337152,1.0,synthetic,SPEC_V1,2026-10-07
OOD00056,2,41,ood,0.551524532545896,0.07233134386889545,0.37614412358520866,7.414437391813848,25.718153669561378,47.209427194796724,6.6000000000000005,3.817330912191703,21.007950944016017,1.3978313354333913,28.5279741142271,67.33058928748738,218.6043061912717,6.614437391813849,0.9867207019712219,1.7709376431423243,0.5966147720613671,0.9198640000233,0.038453024456774336,0.5541707516212273,0.7483845018055575,8.3,11.090555696938358,1.0,synthetic,SPEC_V1,2026-10-07
OOD00056,3,41,ood,0.551524532545896,0.07233134386889545,0.37614412358520866,7.414437391813848,25.718153669561378,47.209427194796724,6.6000000000000005,3.817330912191703,21.007950944016017,1.3978313354333913,28.5279741142271,67.33058928748738,218.6043061912717,6.614437391813849,0.9867207019712219,1.7709376431423243,0.5966147720613671,0.9198640000233,0.038453024456774336,0.5541707516212273,0.7293527772002029,9.1,12.476815451272499,1.0,synthetic,SPEC_V1,2026-10-07
OOD00056,4,41,ood,0.551524532545896,0.07233134386889545,0.37614412358520866,7.414437391813848,25.718153669561378,47.209427194796724,6.6000000000000005,3.817330912191703,21.007950944016017,1.3978313354333913,28.5279741142271,67.33058928748738,218.6043061912717,6.614437391813849,0.9867207019712219,1.7709376431423243,0.5966147720613671,0.9198640000233,0.038453024456774336,0.5541707516212273,0.7366190839372797,9.3,12.625249878527258,1.0,synthetic,SPEC_V1,2026-10-07
OOD00056,5,41,ood,0.551524532545896,0.07233134386889545,0.37614412358520866,7.414437391813848,25.718153669561378,47.209427194796724,6.6000000000000005,3.817330912191703,21.007950944016017,1.3978313354333913,28.5279741142271,67.33058928748738,218.6043061912717,6.614437391813849,0.9867207019712219,1.7709376431423243,0.5966147720613671,0.9198640000233,0.038453024456774336,0.5541707516212273,0.7286546296277439,9.600000000000001,13.174966039678447,1.0,synthetic,SPEC_V1,2026-10-07
OOD00056,6,41,ood,0.551524532545896,0.07233134386889545,0.37614412358520866,7.414437391813848,25.718153669561378,47.209427194796724,6.6000000000000005,3.817330912191703,21.007950944016017,1.3978313354333913,28.5279741142271,67.33058928748738,218.6043061912717,6.614437391813849,0.9867207019712219,1.7709376431423243,0.5966147720613671,0.9198640000233,0.038453024456774336,0.5541707516212273,0.747205222138428,9.9,13.24937206898417,1.0,synthetic,SPEC_V1,2026-10-07
OOD00056,7,41,ood,0.551524532545896,0.07233134386889545,0.37614412358520866,7.414437391813848,25.718153669561378,47.209427194796724,6.6000000000000005,3.817330912191703,21.007950944016017,1.3978313354333913,28.5279741142271,67.33058928748738,218.6043061912717,6.614437391813849,0.9867207019712219,1.7709376431423243,0.5966147720613671,0.9198640000233,0.038453024456774336,0.5541707516212273,0.75,8.700000000000001,11.600000000000001,1.0,synthetic,SPEC_V1,2026-10-07
OOD00057,0,41,ood,0.4941533553787188,0.1505044781634925,0.3553421664577887,6.706691847577522,23.526887957548812,50.229031940016,5.9,2.9392264331642872,32.77531554072332,2.8358016505049215,29.506609168650446,25.946647436912684,199.9785476391649,5.906691847577522,0.8527297243581956,3.3709386991084718,0.6644677758169655,0.7600833333832757,0.013704073292589963,0.33709407964210636,0.7050370963344456,0.9,1.2765285751334008,1.0,synthetic,SPEC_V1,2026-10-07
OOD00057,1,41,ood,0.4941533553787188,0.1505044781634925,0.3553421664577887,6.706691847577522,23.526887957548812,50.229031940016,5.9,2.9392264331642872,32.77531554072332,2.8358016505049215,29.506609168650446,25.946647436912684,199.9785476391649,5.906691847577522,0.8527297243581956,3.3709386991084718,0.6644677758169655,0.7600833333832757,0.013704073292589963,0.33709407964210636,0.7304753299279712,0.8,1.0951773006199736,1.0,synthetic,SPEC_V1,2026-10-07
OOD00057,2,41,ood,0.4941533553787188,0.1505044781634925,0.3553421664577887,6.706691847577522,23.526887957548812,50.229031940016,5.9,2.9392264331642872,32.77531554072332,2.8358016505049215,29.506609168650446,25.946647436912684,199.9785476391649,5.906691847577522,0.8527297243581956,3.3709386991084718,0.6644677758169655,0.7600833333832757,0.013704073292589963,0.33709407964210636,0.7349918653407729,0.9,1.2245033481870204,1.0,synthetic,SPEC_V1,2026-10-07
OOD00057,3,41,ood,0.4941533553787188,0.1505044781634925,0.3553421664577887,6.706691847577522,23.526887957548812,50.229031940016,5.9,2.9392264331642872,32.77531554072332,2.8358016505049215,29.506609168650446,25.946647436912684,199.9785476391649,5.906691847577522,0.8527297243581956,3.3709386991084718,0.6644677758169655,0.7600833333832757,0.013704073292589963,0.33709407964210636,0.7353002887894223,1.0,1.3599885859508798,1.0,synthetic,SPEC_V1,2026-10-07
OOD00057,4,41,ood,0.4941533553787188,0.1505044781634925,0.3553421664577887,6.706691847577522,23.526887957548812,50.229031940016,5.9,2.9392264331642872,32.77531554072332,2.8358016505049215,29.506609168650446,25.946647436912684,199.9785476391649,5.906691847577522,0.8527297243581956,3.3709386991084718,0.6644677758169655,0.7600833333832757,0.013704073292589963,0.33709407964210636,0.7397315327045539,0.9,1.216657611862893,1.0,synthetic,SPEC_V1,2026-10-07
OOD00057,5,41,ood,0.4941533553787188,0.1505044781634925,0.3553421664577887,6.706691847577522,23.526887957548812,50.229031940016,5.9,2.9392264331642872,32.77531554072332,2.8358016505049215,29.506609168650446,25.946647436912684,199.9785476391649,5.906691847577522,0.8527297243581956,3.3709386991084718,0.6644677758169655,0.7600833333832757,0.013704073292589963,0.33709407964210636,0.7190864098605889,0.8,1.1125227636482493,1.0,synthetic,SPEC_V1,2026-10-07
OOD00057,6,41,ood,0.4941533553787188,0.1505044781634925,0.3553421664577887,6.706691847577522,23.526887957548812,50.229031940016,5.9,2.9392264331642872,32.77531554072332,2.8358016505049215,29.506609168650446,25.946647436912684,199.9785476391649,5.906691847577522,0.8527297243581956,3.3709386991084718,0.6644677758169655,0.7600833333832757,0.013704073292589963,0.33709407964210636,0.7125710644197709,1.0,1.4033688005760876,1.0,synthetic,SPEC_V1,2026-10-07
OOD00057,7,41,ood,0.4941533553787188,0.1505044781634925,0.3553421664577887,6.706691847577522,23.526887957548812,50.229031940016,5.9,2.9392264331642872,32.77531554072332,2.8358016505049215,29.506609168650446,25.946647436912684,199.9785476391649,5.906691847577522,0.8527297243581956,3.3709386991084718,0.6644677758169655,0.7600833333832757,0.013704073292589963,0.33709407964210636,0.7366629296849442,0.9,1.2217256546150785,1.0,synthetic,SPEC_V1,2026-10-07
OOD00058,0,41,ood,0.49568350325354127,0.12996378154015142,0.3743527152063073,7.471165902046156,26.97972892889383,50.81726305808412,6.800000000000001,2.533072388908163,22.220896730602796,1.799372521139737,32.76450038617169,36.735754075737795,229.32769589559757,6.844313364191254,1.0301933475662794,3.3380809918939534,0.5757010192622617,0.7636375369559375,0.05530368715868478,0.7073849982412531,0.7279690330595593,30.3,41.62264962378006,0.7835656723186277,synthetic,SPEC_V1,2026-10-07
OOD00058,1,41,ood,0.49568350325354127,0.12996378154015142,0.3743527152063073,7.471165902046156,26.97972892889383,50.81726305808412,6.800000000000001,2.533072388908163,22.220896730602796,1.799372521139737,32.76450038617169,36.735754075737795,229.32769589559757,6.844313364191254,1.0301933475662794,3.3380809918939534,0.5757010192622617,0.7636375369559375,0.05530368715868478,0.7073849982412531,0.75,31.3,41.733333333333334,0.7835656723186277,synthetic,SPEC_V1,2026-10-07
OOD00058,2,41,ood,0.49568350325354127,0.12996378154015142,0.3743527152063073,7.471165902046156,26.97972892889383,50.81726305808412,6.800000000000001,2.533072388908163,22.220896730602796,1.799372521139737,32.76450038617169,36.735754075737795,229.32769589559757,6.844313364191254,1.0301933475662794,3.3380809918939534,0.5757010192622617,0.7636375369559375,0.05530368715868478,0.7073849982412531,0.75,30.3,40.4,0.7835656723186277,synthetic,SPEC_V1,2026-10-07
OOD00058,3,41,ood,0.49568350325354127,0.12996378154015142,0.3743527152063073,7.471165902046156,26.97972892889383,50.81726305808412,6.800000000000001,2.533072388908163,22.220896730602796,1.799372521139737,32.76450038617169,36.735754075737795,229.32769589559757,6.844313364191254,1.0301933475662794,3.3380809918939534,0.5757010192622617,0.7636375369559375,0.05530368715868478,0.7073849982412531,0.7429075189538309,32.300000000000004,43.47782082685764,0.7835656723186277,synthetic,SPEC_V1,2026-10-07
OOD00058,4,41,ood,0.49568350325354127,0.12996378154015142,0.3743527152063073,7.471165902046156,26.97972892889383,50.81726305808412,6.800000000000001,2.533072388908163,22.220896730602796,1.799372521139737,32.76450038617169,36.735754075737795,229.32769589559757,6.844313364191254,1.0301933475662794,3.3380809918939534,0.5757010192622617,0.7636375369559375,0.05530368715868478,0.7073849982412531,0.75,31.3,41.733333333333334,0.7835656723186277,synthetic,SPEC_V1,2026-10-07
OOD00058,5,41,ood,0.49568350325354127,0.12996378154015142,0.3743527152063073,7.471165902046156,26.97972892889383,50.81726305808412,6.800000000000001,2.533072388908163,22.220896730602796,1.799372521139737,32.76450038617169,36.735754075737795,229.32769589559757,6.844313364191254,1.0301933475662794,3.3380809918939534,0.5757010192622617,0.7636375369559375,0.05530368715868478,0.7073849982412531,0.7240517338849691,30.700000000000003,42.400285177519294,0.7835656723186277,synthetic,SPEC_V1,2026-10-07
OOD00058,6,41,ood,0.49568350325354127,0.12996378154015142,0.3743527152063073,7.471165902046156,26.97972892889383,50.81726305808412,6.800000000000001,2.533072388908163,22.220896730602796,1.799372521139737,32.76450038617169,36.735754075737795,229.32769589559757,6.844313364191254,1.0301933475662794,3.3380809918939534,0.5757010192622617,0.7636375369559375,0.05530368715868478,0.7073849982412531,0.75,31.3,41.733333333333334,0.7835656723186277,synthetic,SPEC_V1,2026-10-07
OOD00058,7,41,ood,0.49568350325354127,0.12996378154015142,0.3743527152063073,7.471165902046156,26.97972892889383,50.81726305808412,6.800000000000001,2.533072388908163,22.220896730602796,1.799372521139737,32.76450038617169,36.735754075737795,229.32769589559757,6.844313364191254,1.0301933475662794,3.3380809918939534,0.5757010192622617,0.7636375369559375,0.05530368715868478,0.7073849982412531,0.7493706954371082,32.800000000000004,43.77005959763045,0.7835656723186277,synthetic,SPEC_V1,2026-10-07
OOD00059,0,41,ood,0.5562200161133906,0.07077584745956188,0.37300413642704755,7.39837781119901,24.14947795995719,40.460954816301665,6.6000000000000005,3.732324813431343,33.193988027493994,2.1040182816306165,32.98152649748302,13.890406450309055,205.27056265963608,6.59837781119901,0.9188012275050206,1.6271581794425265,0.6304188396524143,0.9314927513129877,0.08003792836046764,0.9093852115033826,0.7498765424960092,44.800000000000004,59.743167656479166,1.0,synthetic,SPEC_V1,2026-10-07
OOD00059,1,41,ood,0.5562200161133906,0.07077584745956188,0.37300413642704755,7.39837781119901,24.14947795995719,40.460954816301665,6.6000000000000005,3.732324813431343,33.193988027493994,2.1040182816306165,32.98152649748302,13.890406450309055,205.27056265963608,6.59837781119901,0.9188012275050206,1.6271581794425265,0.6304188396524143,0.9314927513129877,0.08003792836046764,0.9093852115033826,0.7367609801816686,38.800000000000004,52.662940958725585,1.0,synthetic,SPEC_V1,2026-10-07
OOD00059,2,41,ood,0.5562200161133906,0.07077584745956188,0.37300413642704755,7.39837781119901,24.14947795995719,40.460954816301665,6.6000000000000005,3.732324813431343,33.193988027493994,2.1040182816306165,32.98152649748302,13.890406450309055,205.27056265963608,6.59837781119901,0.9188012275050206,1.6271581794425265,0.6304188396524143,0.9314927513129877,0.08003792836046764,0.9093852115033826,0.7439811382054858,41.1,55.2433360059839,1.0,synthetic,SPEC_V1,2026-10-07
OOD00059,3,41,ood,0.5562200161133906,0.07077584745956188,0.37300413642704755,7.39837781119901,24.14947795995719,40.460954816301665,6.6000000000000005,3.732324813431343,33.193988027493994,2.1040182816306165,32.98152649748302,13.890406450309055,205.27056265963608,6.59837781119901,0.9188012275050206,1.6271581794425265,0.6304188396524143,0.9314927513129877,0.08003792836046764,0.9093852115033826,0.75,43.900000000000006,58.53333333333334,1.0,synthetic,SPEC_V1,2026-10-07
OOD00059,4,41,ood,0.5562200161133906,0.07077584745956188,0.37300413642704755,7.39837781119901,24.14947795995719,40.460954816301665,6.6000000000000005,3.732324813431343,33.193988027493994,2.1040182816306165,32.98152649748302,13.890406450309055,205.27056265963608,6.59837781119901,0.9188012275050206,1.6271581794425265,0.6304188396524143,0.9314927513129877,0.08003792836046764,0.9093852115033826,0.7421566990603125,42.2,56.86130712480513,1.0,synthetic,SPEC_V1,2026-10-07
OOD00059,5,41,ood,0.5562200161133906,0.07077584745956188,0.37300413642704755,7.39837781119901,24.14947795995719,40.460954816301665,6.6000000000000005,3.732324813431343,33.193988027493994,2.1040182816306165,32.98152649748302,13.890406450309055,205.27056265963608,6.59837781119901,0.9188012275050206,1.6271581794425265,0.6304188396524143,0.9314927513129877,0.08003792836046764,0.9093852115033826,0.75,40.900000000000006,54.53333333333334,1.0,synthetic,SPEC_V1,2026-10-07
OOD00059,6,41,ood,0.5562200161133906,0.07077584745956188,0.37300413642704755,7.39837781119901,24.14947795995719,40.460954816301665,6.6000000000000005,3.732324813431343,33.193988027493994,2.1040182816306165,32.98152649748302,13.890406450309055,205.27056265963608,6.59837781119901,0.9188012275050206,1.6271581794425265,0.6304188396524143,0.9314927513129877,0.08003792836046764,0.9093852115033826,0.75,39.2,52.26666666666667,1.0,synthetic,SPEC_V1,2026-10-07
OOD00059,7,41,ood,0.5562200161133906,0.07077584745956188,0.37300413642704755,7.39837781119901,24.14947795995719,40.460954816301665,6.6000000000000005,3.732324813431343,33.193988027493994,2.1040182816306165,32.98152649748302,13.890406450309055,205.27056265963608,6.59837781119901,0.9188012275050206,1.6271581794425265,0.6304188396524143,0.9314927513129877,0.08003792836046764,0.9093852115033826,0.7283136468364668,41.400000000000006,56.84364171923285,1.0,synthetic,SPEC_V1,2026-10-07
