scenario_id,replicate_id,seed,split,carb_fraction,protein_fraction,lipid_fraction,ph_setpoint,total_solids_pct,temperature_c,ph_measured,olr_kg_vs_m3_d,hrt_days,inoculum_ratio,pretreatment_temp_c,pretreatment_hours,vs_slurry_g_per_l,ph_effective,c_lcfa_g_per_l,tan_g_per_l,f_lcfa,f_tan,rate_constant_per_day,window_completeness,simulated_methane_fraction,simulated_methane_yield_ml_per_g_vs,simulated_biogas_yield_ml_per_g_vs,simulated_stability_indicator,data_provenance,simulator_version,as_of
OOD00000,0,23,ood,0.5254347405178366,0.15056084736032482,0.3240044121218386,7.485917500142429,22.325557059350196,54.728687090212986,7.0,2.2854450904992385,24.986407600857433,1.9065646077759222,32.37744483539508,65.22752613784604,189.76723500447665,7.039582142852908,0.737825057011347,3.2000097587919885,0.7256653364953936,0.7785456612212115,0.12267598596272895,0.9533569893450254,0.7007929116807543,213.10000000000002,304.0841259208934,0.557919196611901,synthetic,SPEC_V1,2026-10-07
OOD00000,1,23,ood,0.5254347405178366,0.15056084736032482,0.3240044121218386,7.485917500142429,22.325557059350196,54.728687090212986,7.0,2.2854450904992385,24.986407600857433,1.9065646077759222,32.37744483539508,65.22752613784604,189.76723500447665,7.039582142852908,0.737825057011347,3.2000097587919885,0.7256653364953936,0.7785456612212115,0.12267598596272895,0.9533569893450254,0.7208497476800603,221.0,306.5826140763081,0.557919196611901,synthetic,SPEC_V1,2026-10-07
OOD00000,2,23,ood,0.5254347405178366,0.15056084736032482,0.3240044121218386,7.485917500142429,22.325557059350196,54.728687090212986,7.0,2.2854450904992385,24.986407600857433,1.9065646077759222,32.37744483539508,65.22752613784604,189.76723500447665,7.039582142852908,0.737825057011347,3.2000097587919885,0.7256653364953936,0.7785456612212115,0.12267598596272895,0.9533569893450254,0.7267430425500708,210.60000000000002,289.7860559641893,0.557919196611901,synthetic,SPEC_V1,2026-10-07
OOD00000,3,23,ood,0.5254347405178366,0.15056084736032482,0.3240044121218386,7.485917500142429,22.325557059350196,54.728687090212986,7.0,2.2854450904992385,24.986407600857433,1.9065646077759222,32.37744483539508,65.22752613784604,189.76723500447665,7.039582142852908,0.737825057011347,3.2000097587919885,0.7256653364953936,0.7785456612212115,0.12267598596272895,0.9533569893450254,0.7107773612627701,206.70000000000002,290.8083617530754,0.557919196611901,synthetic,SPEC_V1,2026-10-07
OOD00000,4,23,ood,0.5254347405178366,0.15056084736032482,0.3240044121218386,7.485917500142429,22.325557059350196,54.728687090212986,7.0,2.2854450904992385,24.986407600857433,1.9065646077759222,32.37744483539508,65.22752613784604,189.76723500447665,7.039582142852908,0.737825057011347,3.2000097587919885,0.7256653364953936,0.7785456612212115,0.12267598596272895,0.9533569893450254,0.728686267873431,192.8,264.5857462947118,0.557919196611901,synthetic,SPEC_V1,2026-10-07
OOD00000,5,23,ood,0.5254347405178366,0.15056084736032482,0.3240044121218386,7.485917500142429,22.325557059350196,54.728687090212986,7.0,2.2854450904992385,24.986407600857433,1.9065646077759222,32.37744483539508,65.22752613784604,189.76723500447665,7.039582142852908,0.737825057011347,3.2000097587919885,0.7256653364953936,0.7785456612212115,0.12267598596272895,0.9533569893450254,0.690026795830121,209.0,302.88678825663186,0.557919196611901,synthetic,SPEC_V1,2026-10-07
OOD00000,6,23,ood,0.5254347405178366,0.15056084736032482,0.3240044121218386,7.485917500142429,22.325557059350196,54.728687090212986,7.0,2.2854450904992385,24.986407600857433,1.9065646077759222,32.37744483539508,65.22752613784604,189.76723500447665,7.039582142852908,0.737825057011347,3.2000097587919885,0.7256653364953936,0.7785456612212115,0.12267598596272895,0.9533569893450254,0.7356215074038769,212.9,289.41513788980603,0.557919196611901,synthetic,SPEC_V1,2026-10-07
OOD00000,7,23,ood,0.5254347405178366,0.15056084736032482,0.3240044121218386,7.485917500142429,22.325557059350196,54.728687090212986,7.0,2.2854450904992385,24.986407600857433,1.9065646077759222,32.37744483539508,65.22752613784604,189.76723500447665,7.039582142852908,0.737825057011347,3.2000097587919885,0.7256653364953936,0.7785456612212115,0.12267598596272895,0.9533569893450254,0.7188482738151459,207.5,288.6561845641425,0.557919196611901,synthetic,SPEC_V1,2026-10-07
OOD00001,0,23,ood,0.533742749852174,0.12350677096149594,0.34275047918633006,6.747985598729244,22.78916680289876,36.53690154061608,6.5,1.883505518869699,23.106353989355174,1.3895782019516918,33.60731406144559,25.136258368781956,193.70791782463945,6.5341200892824585,0.796721779878977,2.6795148173019547,0.6940543084934656,0.8337231827540528,0.08483305292359695,0.8591672905565733,0.729414202247605,123.60000000000001,169.45104663323116,0.2673318868084815,synthetic,SPEC_V1,2026-10-07
OOD00001,1,23,ood,0.533742749852174,0.12350677096149594,0.34275047918633006,6.747985598729244,22.78916680289876,36.53690154061608,6.5,1.883505518869699,23.106353989355174,1.3895782019516918,33.60731406144559,25.136258368781956,193.70791782463945,6.5341200892824585,0.796721779878977,2.6795148173019547,0.6940543084934656,0.8337231827540528,0.08483305292359695,0.8591672905565733,0.7368205079592576,128.20000000000002,173.9908140655184,0.2673318868084815,synthetic,SPEC_V1,2026-10-07
OOD00001,2,23,ood,0.533742749852174,0.12350677096149594,0.34275047918633006,6.747985598729244,22.78916680289876,36.53690154061608,6.5,1.883505518869699,23.106353989355174,1.3895782019516918,33.60731406144559,25.136258368781956,193.70791782463945,6.5341200892824585,0.796721779878977,2.6795148173019547,0.6940543084934656,0.8337231827540528,0.08483305292359695,0.8591672905565733,0.712139380530954,126.9,178.1954536840617,0.2673318868084815,synthetic,SPEC_V1,2026-10-07
OOD00001,3,23,ood,0.533742749852174,0.12350677096149594,0.34275047918633006,6.747985598729244,22.78916680289876,36.53690154061608,6.5,1.883505518869699,23.106353989355174,1.3895782019516918,33.60731406144559,25.136258368781956,193.70791782463945,6.5341200892824585,0.796721779878977,2.6795148173019547,0.6940543084934656,0.8337231827540528,0.08483305292359695,0.8591672905565733,0.7250926613109038,127.2,175.42585491078285,0.2673318868084815,synthetic,SPEC_V1,2026-10-07
OOD00001,4,23,ood,0.533742749852174,0.12350677096149594,0.34275047918633006,6.747985598729244,22.78916680289876,36.53690154061608,6.5,1.883505518869699,23.106353989355174,1.3895782019516918,33.60731406144559,25.136258368781956,193.70791782463945,6.5341200892824585,0.796721779878977,2.6795148173019547,0.6940543084934656,0.8337231827540528,0.08483305292359695,0.8591672905565733,0.7128326778734441,134.5,188.68383026609655,0.2673318868084815,synthetic,SPEC_V1,2026-10-07
OOD00001,5,23,ood,0.533742749852174,0.12350677096149594,0.34275047918633006,6.747985598729244,22.78916680289876,36.53690154061608,6.5,1.883505518869699,23.106353989355174,1.3895782019516918,33.60731406144559,25.136258368781956,193.70791782463945,6.5341200892824585,0.796721779878977,2.6795148173019547,0.6940543084934656,0.8337231827540528,0.08483305292359695,0.8591672905565733,0.7204433087615655,126.30000000000001,175.30872792351752,0.2673318868084815,synthetic,SPEC_V1,2026-10-07
OOD00001,6,23,ood,0.533742749852174,0.12350677096149594,0.34275047918633006,6.747985598729244,22.78916680289876,36.53690154061608,6.5,1.883505518869699,23.106353989355174,1.3895782019516918,33.60731406144559,25.136258368781956,193.70791782463945,6.5341200892824585,0.796721779878977,2.6795148173019547,0.6940543084934656,0.8337231827540528,0.08483305292359695,0.8591672905565733,0.7327001192778962,126.4,172.51259645565773,0.2673318868084815,synthetic,SPEC_V1,2026-10-07
OOD00001,7,23,ood,0.533742749852174,0.12350677096149594,0.34275047918633006,6.747985598729244,22.78916680289876,36.53690154061608,6.5,1.883505518869699,23.106353989355174,1.3895782019516918,33.60731406144559,25.136258368781956,193.70791782463945,6.5341200892824585,0.796721779878977,2.6795148173019547,0.6940543084934656,0.8337231827540528,0.08483305292359695,0.8591672905565733,0.7124806939210679,127.30000000000001,178.67150799471756,0.2673318868084815,synthetic,SPEC_V1,2026-10-07
OOD00002,0,23,ood,0.44219997730017857,0.19070720565434418,0.36709281704547725,7.195444488925272,22.4434602239805,39.165384629207125,6.5,2.5347647327129086,28.426497595178926,2.7990023864033553,27.526402337582777,42.0089681144927,190.76941190383425,6.465568410811408,0.8403609698626503,4.074683364472315,0.6709512621294121,0.6843710345668004,0.04773149655070873,0.7425267047215889,0.7403493746717831,20.700000000000003,27.95977238337896,0.9123450976423297,synthetic,SPEC_V1,2026-10-07
OOD00002,1,23,ood,0.44219997730017857,0.19070720565434418,0.36709281704547725,7.195444488925272,22.4434602239805,39.165384629207125,6.5,2.5347647327129086,28.426497595178926,2.7990023864033553,27.526402337582777,42.0089681144927,190.76941190383425,6.465568410811408,0.8403609698626503,4.074683364472315,0.6709512621294121,0.6843710345668004,0.04773149655070873,0.7425267047215889,0.7325499190893472,19.400000000000002,26.482836861297688,0.9123450976423297,synthetic,SPEC_V1,2026-10-07
OOD00002,2,23,ood,0.44219997730017857,0.19070720565434418,0.36709281704547725,7.195444488925272,22.4434602239805,39.165384629207125,6.5,2.5347647327129086,28.426497595178926,2.7990023864033553,27.526402337582777,42.0089681144927,190.76941190383425,6.465568410811408,0.8403609698626503,4.074683364472315,0.6709512621294121,0.6843710345668004,0.04773149655070873,0.7425267047215889,0.7343057611183132,19.6,26.691878285348217,0.9123450976423297,synthetic,SPEC_V1,2026-10-07
OOD00002,3,23,ood,0.44219997730017857,0.19070720565434418,0.36709281704547725,7.195444488925272,22.4434602239805,39.165384629207125,6.5,2.5347647327129086,28.426497595178926,2.7990023864033553,27.526402337582777,42.0089681144927,190.76941190383425,6.465568410811408,0.8403609698626503,4.074683364472315,0.6709512621294121,0.6843710345668004,0.04773149655070873,0.7425267047215889,0.7442610501934959,19.5,26.20048435280916,0.9123450976423297,synthetic,SPEC_V1,2026-10-07
OOD00002,4,23,ood,0.44219997730017857,0.19070720565434418,0.36709281704547725,7.195444488925272,22.4434602239805,39.165384629207125,6.5,2.5347647327129086,28.426497595178926,2.7990023864033553,27.526402337582777,42.0089681144927,190.76941190383425,6.465568410811408,0.8403609698626503,4.074683364472315,0.6709512621294121,0.6843710345668004,0.04773149655070873,0.7425267047215889,0.7458592521456411,17.8,23.86509244042234,0.9123450976423297,synthetic,SPEC_V1,2026-10-07
OOD00002,5,23,ood,0.44219997730017857,0.19070720565434418,0.36709281704547725,7.195444488925272,22.4434602239805,39.165384629207125,6.5,2.5347647327129086,28.426497595178926,2.7990023864033553,27.526402337582777,42.0089681144927,190.76941190383425,6.465568410811408,0.8403609698626503,4.074683364472315,0.6709512621294121,0.6843710345668004,0.04773149655070873,0.7425267047215889,0.7428667438707085,19.700000000000003,26.518888027418104,0.9123450976423297,synthetic,SPEC_V1,2026-10-07
OOD00002,6,23,ood,0.44219997730017857,0.19070720565434418,0.36709281704547725,7.195444488925272,22.4434602239805,39.165384629207125,6.5,2.5347647327129086,28.426497595178926,2.7990023864033553,27.526402337582777,42.0089681144927,190.76941190383425,6.465568410811408,0.8403609698626503,4.074683364472315,0.6709512621294121,0.6843710345668004,0.04773149655070873,0.7425267047215889,0.75,20.700000000000003,27.600000000000005,0.9123450976423297,synthetic,SPEC_V1,2026-10-07
OOD00002,7,23,ood,0.44219997730017857,0.19070720565434418,0.36709281704547725,7.195444488925272,22.4434602239805,39.165384629207125,6.5,2.5347647327129086,28.426497595178926,2.7990023864033553,27.526402337582777,42.0089681144927,190.76941190383425,6.465568410811408,0.8403609698626503,4.074683364472315,0.6709512621294121,0.6843710345668004,0.04773149655070873,0.7425267047215889,0.742666362641656,20.1,27.06464303634882,0.9123450976423297,synthetic,SPEC_V1,2026-10-07
OOD00003,0,23,ood,0.46515031505893123,0.18866742563974948,0.34618225930131924,7.173519359962809,27.94257073245351,37.33498264682403,6.4,3.7007061672471155,32.55860402983822,1.485715922934168,32.508995592235536,47.564855686503634,237.51185122585483,6.373519359962809,0.9866686712184628,5.0188039473278785,0.5966401535378536,0.5883468775473614,0.04616476004106211,0.7496618815858207,0.7297413495519975,4.2,5.755463908655392,1.0,synthetic,SPEC_V1,2026-10-07
OOD00003,1,23,ood,0.46515031505893123,0.18866742563974948,0.34618225930131924,7.173519359962809,27.94257073245351,37.33498264682403,6.4,3.7007061672471155,32.55860402983822,1.485715922934168,32.508995592235536,47.564855686503634,237.51185122585483,6.373519359962809,0.9866686712184628,5.0188039473278785,0.5966401535378536,0.5883468775473614,0.04616476004106211,0.7496618815858207,0.7203484471257051,4.7,6.524620159526521,1.0,synthetic,SPEC_V1,2026-10-07
OOD00003,2,23,ood,0.46515031505893123,0.18866742563974948,0.34618225930131924,7.173519359962809,27.94257073245351,37.33498264682403,6.4,3.7007061672471155,32.55860402983822,1.485715922934168,32.508995592235536,47.564855686503634,237.51185122585483,6.373519359962809,0.9866686712184628,5.0188039473278785,0.5966401535378536,0.5883468775473614,0.04616476004106211,0.7496618815858207,0.7249222506632442,4.2,5.7937247700113295,1.0,synthetic,SPEC_V1,2026-10-07
OOD00003,3,23,ood,0.46515031505893123,0.18866742563974948,0.34618225930131924,7.173519359962809,27.94257073245351,37.33498264682403,6.4,3.7007061672471155,32.55860402983822,1.485715922934168,32.508995592235536,47.564855686503634,237.51185122585483,6.373519359962809,0.9866686712184628,5.0188039473278785,0.5966401535378536,0.5883468775473614,0.04616476004106211,0.7496618815858207,0.7091182105246482,4.2,5.922848881419345,1.0,synthetic,SPEC_V1,2026-10-07
OOD00003,4,23,ood,0.46515031505893123,0.18866742563974948,0.34618225930131924,7.173519359962809,27.94257073245351,37.33498264682403,6.4,3.7007061672471155,32.55860402983822,1.485715922934168,32.508995592235536,47.564855686503634,237.51185122585483,6.373519359962809,0.9866686712184628,5.0188039473278785,0.5966401535378536,0.5883468775473614,0.04616476004106211,0.7496618815858207,0.7204653789167763,4.6000000000000005,6.384762036610456,1.0,synthetic,SPEC_V1,2026-10-07
OOD00003,5,23,ood,0.46515031505893123,0.18866742563974948,0.34618225930131924,7.173519359962809,27.94257073245351,37.33498264682403,6.4,3.7007061672471155,32.55860402983822,1.485715922934168,32.508995592235536,47.564855686503634,237.51185122585483,6.373519359962809,0.9866686712184628,5.0188039473278785,0.5966401535378536,0.5883468775473614,0.04616476004106211,0.7496618815858207,0.7302371870090066,4.6000000000000005,6.299323126560062,1.0,synthetic,SPEC_V1,2026-10-07
OOD00003,6,23,ood,0.46515031505893123,0.18866742563974948,0.34618225930131924,7.173519359962809,27.94257073245351,37.33498264682403,6.4,3.7007061672471155,32.55860402983822,1.485715922934168,32.508995592235536,47.564855686503634,237.51185122585483,6.373519359962809,0.9866686712184628,5.0188039473278785,0.5966401535378536,0.5883468775473614,0.04616476004106211,0.7496618815858207,0.7256879985387804,4.5,6.20101201764538,1.0,synthetic,SPEC_V1,2026-10-07
OOD00003,7,23,ood,0.46515031505893123,0.18866742563974948,0.34618225930131924,7.173519359962809,27.94257073245351,37.33498264682403,6.4,3.7007061672471155,32.55860402983822,1.485715922934168,32.508995592235536,47.564855686503634,237.51185122585483,6.373519359962809,0.9866686712184628,5.0188039473278785,0.5966401535378536,0.5883468775473614,0.04616476004106211,0.7496618815858207,0.7162800994359221,4.3,6.003238123446811,1.0,synthetic,SPEC_V1,2026-10-07
OOD00004,0,23,ood,0.5134960485929955,0.17384168511421338,0.3126622662927911,6.812749598617735,26.902812357983635,35.60227027567374,6.800000000000001,1.5295503056809063,30.39303465524772,1.833943328951412,31.98633538045457,53.96529379999632,228.6739050428609,6.765418219588191,0.8579724167126808,4.4523423833614375,0.6617292267833548,0.6448913986646567,0.08095462516078468,0.9118432461012849,0.700086026288607,57.6,82.27560305032382,0.059164223786930537,synthetic,SPEC_V1,2026-10-07
OOD00004,1,23,ood,0.5134960485929955,0.17384168511421338,0.3126622662927911,6.812749598617735,26.902812357983635,35.60227027567374,6.800000000000001,1.5295503056809063,30.39303465524772,1.833943328951412,31.98633538045457,53.96529379999632,228.6739050428609,6.765418219588191,0.8579724167126808,4.4523423833614375,0.6617292267833548,0.6448913986646567,0.08095462516078468,0.9118432461012849,0.7049976447992976,61.900000000000006,87.80171175979179,0.059164223786930537,synthetic,SPEC_V1,2026-10-07
OOD00004,2,23,ood,0.5134960485929955,0.17384168511421338,0.3126622662927911,6.812749598617735,26.902812357983635,35.60227027567374,6.800000000000001,1.5295503056809063,30.39303465524772,1.833943328951412,31.98633538045457,53.96529379999632,228.6739050428609,6.765418219588191,0.8579724167126808,4.4523423833614375,0.6617292267833548,0.6448913986646567,0.08095462516078468,0.9118432461012849,0.6956290876208187,66.60000000000001,95.74067730230264,0.059164223786930537,synthetic,SPEC_V1,2026-10-07
OOD00004,3,23,ood,0.5134960485929955,0.17384168511421338,0.3126622662927911,6.812749598617735,26.902812357983635,35.60227027567374,6.800000000000001,1.5295503056809063,30.39303465524772,1.833943328951412,31.98633538045457,53.96529379999632,228.6739050428609,6.765418219588191,0.8579724167126808,4.4523423833614375,0.6617292267833548,0.6448913986646567,0.08095462516078468,0.9118432461012849,0.7098482769460253,62.2,87.62435864126145,0.059164223786930537,synthetic,SPEC_V1,2026-10-07
OOD00004,4,23,ood,0.5134960485929955,0.17384168511421338,0.3126622662927911,6.812749598617735,26.902812357983635,35.60227027567374,6.800000000000001,1.5295503056809063,30.39303465524772,1.833943328951412,31.98633538045457,53.96529379999632,228.6739050428609,6.765418219588191,0.8579724167126808,4.4523423833614375,0.6617292267833548,0.6448913986646567,0.08095462516078468,0.9118432461012849,0.6976454644412001,60.800000000000004,87.15028348775918,0.059164223786930537,synthetic,SPEC_V1,2026-10-07
OOD00004,5,23,ood,0.5134960485929955,0.17384168511421338,0.3126622662927911,6.812749598617735,26.902812357983635,35.60227027567374,6.800000000000001,1.5295503056809063,30.39303465524772,1.833943328951412,31.98633538045457,53.96529379999632,228.6739050428609,6.765418219588191,0.8579724167126808,4.4523423833614375,0.6617292267833548,0.6448913986646567,0.08095462516078468,0.9118432461012849,0.7279760938361234,62.300000000000004,85.57973335594798,0.059164223786930537,synthetic,SPEC_V1,2026-10-07
OOD00004,6,23,ood,0.5134960485929955,0.17384168511421338,0.3126622662927911,6.812749598617735,26.902812357983635,35.60227027567374,6.800000000000001,1.5295503056809063,30.39303465524772,1.833943328951412,31.98633538045457,53.96529379999632,228.6739050428609,6.765418219588191,0.8579724167126808,4.4523423833614375,0.6617292267833548,0.6448913986646567,0.08095462516078468,0.9118432461012849,0.7105689845222555,61.6,86.69109029775089,0.059164223786930537,synthetic,SPEC_V1,2026-10-07
OOD00004,7,23,ood,0.5134960485929955,0.17384168511421338,0.3126622662927911,6.812749598617735,26.902812357983635,35.60227027567374,6.800000000000001,1.5295503056809063,30.39303465524772,1.833943328951412,31.98633538045457,53.96529379999632,228.6739050428609,6.765418219588191,0.8579724167126808,4.4523423833614375,0.6617292267833548,0.6448913986646567,0.08095462516078468,0.9118432461012849,0.7006721027530163,65.60000000000001,93.62439255430684,0.059164223786930537,synthetic,SPEC_V1,2026-10-07
OOD00005,0,23,ood,0.5296213200044892,0.11023973750097306,0.3601389424945377,6.657316647334149,25.235535718511763,38.28838744206533,6.6000000000000005,1.5726288038114216,24.02998799821371,2.9614530266780283,26.172375358373092,91.89510649230078,214.50205360735,6.6086394795554115,0.9270065129886921,2.6484248093065186,0.6262663749973174,0.8369338154284628,0.07148187468429351,0.8205230678037103,0.728493345030714,81.0,111.18838703541618,0.06084645972342173,synthetic,SPEC_V1,2026-10-07
OOD00005,1,23,ood,0.5296213200044892,0.11023973750097306,0.3601389424945377,6.657316647334149,25.235535718511763,38.28838744206533,6.6000000000000005,1.5726288038114216,24.02998799821371,2.9614530266780283,26.172375358373092,91.89510649230078,214.50205360735,6.6086394795554115,0.9270065129886921,2.6484248093065186,0.6262663749973174,0.8369338154284628,0.07148187468429351,0.8205230678037103,0.7247468689719884,79.60000000000001,109.83145068692468,0.06084645972342173,synthetic,SPEC_V1,2026-10-07
OOD00005,2,23,ood,0.5296213200044892,0.11023973750097306,0.3601389424945377,6.657316647334149,25.235535718511763,38.28838744206533,6.6000000000000005,1.5726288038114216,24.02998799821371,2.9614530266780283,26.172375358373092,91.89510649230078,214.50205360735,6.6086394795554115,0.9270065129886921,2.6484248093065186,0.6262663749973174,0.8369338154284628,0.07148187468429351,0.8205230678037103,0.7312432537001647,82.2,112.41129348415825,0.06084645972342173,synthetic,SPEC_V1,2026-10-07
OOD00005,3,23,ood,0.5296213200044892,0.11023973750097306,0.3601389424945377,6.657316647334149,25.235535718511763,38.28838744206533,6.6000000000000005,1.5726288038114216,24.02998799821371,2.9614530266780283,26.172375358373092,91.89510649230078,214.50205360735,6.6086394795554115,0.9270065129886921,2.6484248093065186,0.6262663749973174,0.8369338154284628,0.07148187468429351,0.8205230678037103,0.7316527643795049,81.4,111.25496131902565,0.06084645972342173,synthetic,SPEC_V1,2026-10-07
OOD00005,4,23,ood,0.5296213200044892,0.11023973750097306,0.3601389424945377,6.657316647334149,25.235535718511763,38.28838744206533,6.6000000000000005,1.5726288038114216,24.02998799821371,2.9614530266780283,26.172375358373092,91.89510649230078,214.50205360735,6.6086394795554115,0.9270065129886921,2.6484248093065186,0.6262663749973174,0.8369338154284628,0.07148187468429351,0.8205230678037103,0.75,81.7,108.93333333333334,0.06084645972342173,synthetic,SPEC_V1,2026-10-07
OOD00005,5,23,ood,0.5296213200044892,0.11023973750097306,0.3601389424945377,6.657316647334149,25.235535718511763,38.28838744206533,6.6000000000000005,1.5726288038114216,24.02998799821371,2.9614530266780283,26.172375358373092,91.89510649230078,214.50205360735,6.6086394795554115,0.9270065129886921,2.6484248093065186,0.6262663749973174,0.8369338154284628,0.07148187468429351,0.8205230678037103,0.7376868540416781,82.5,111.83607183453873,0.06084645972342173,synthetic,SPEC_V1,2026-10-07
OOD00005,6,23,ood,0.5296213200044892,0.11023973750097306,0.3601389424945377,6.657316647334149,25.235535718511763,38.28838744206533,6.6000000000000005,1.5726288038114216,24.02998799821371,2.9614530266780283,26.172375358373092,91.89510649230078,214.50205360735,6.6086394795554115,0.9270065129886921,2.6484248093065186,0.6262663749973174,0.8369338154284628,0.07148187468429351,0.8205230678037103,0.7207440271937153,78.0,108.22150036220256,0.06084645972342173,synthetic,SPEC_V1,2026-10-07
OOD00005,7,23,ood,0.5296213200044892,0.11023973750097306,0.3601389424945377,6.657316647334149,25.235535718511763,38.28838744206533,6.6000000000000005,1.5726288038114216,24.02998799821371,2.9614530266780283,26.172375358373092,91.89510649230078,214.50205360735,6.6086394795554115,0.9270065129886921,2.6484248093065186,0.6262663749973174,0.8369338154284628,0.07148187468429351,0.8205230678037103,0.7204904438923373,76.80000000000001,106.59405777139803,0.06084645972342173,synthetic,SPEC_V1,2026-10-07
OOD00006,0,23,ood,0.48983099845867856,0.1303598201166813,0.37980918142464015,7.425026730555048,27.575020288467208,32.69085447089415,6.6000000000000005,3.9616132758403566,34.256519153179326,2.7537990613313705,28.987767090882464,95.9879544862512,234.38767245197124,6.6250267305550485,1.0682710801201185,3.4221302996615375,0.5578793856452265,0.7545433604222989,0.07077021805855876,0.8803406761652206,0.75,16.6,22.133333333333336,1.0,synthetic,SPEC_V1,2026-10-07
OOD00006,1,23,ood,0.48983099845867856,0.1303598201166813,0.37980918142464015,7.425026730555048,27.575020288467208,32.69085447089415,6.6000000000000005,3.9616132758403566,34.256519153179326,2.7537990613313705,28.987767090882464,95.9879544862512,234.38767245197124,6.6250267305550485,1.0682710801201185,3.4221302996615375,0.5578793856452265,0.7545433604222989,0.07077021805855876,0.8803406761652206,0.75,15.700000000000001,20.933333333333334,1.0,synthetic,SPEC_V1,2026-10-07
OOD00006,2,23,ood,0.48983099845867856,0.1303598201166813,0.37980918142464015,7.425026730555048,27.575020288467208,32.69085447089415,6.6000000000000005,3.9616132758403566,34.256519153179326,2.7537990613313705,28.987767090882464,95.9879544862512,234.38767245197124,6.6250267305550485,1.0682710801201185,3.4221302996615375,0.5578793856452265,0.7545433604222989,0.07077021805855876,0.8803406761652206,0.74817176822968,15.9,21.25180429839326,1.0,synthetic,SPEC_V1,2026-10-07
OOD00006,3,23,ood,0.48983099845867856,0.1303598201166813,0.37980918142464015,7.425026730555048,27.575020288467208,32.69085447089415,6.6000000000000005,3.9616132758403566,34.256519153179326,2.7537990613313705,28.987767090882464,95.9879544862512,234.38767245197124,6.6250267305550485,1.0682710801201185,3.4221302996615375,0.5578793856452265,0.7545433604222989,0.07077021805855876,0.8803406761652206,0.75,16.400000000000002,21.86666666666667,1.0,synthetic,SPEC_V1,2026-10-07
OOD00006,4,23,ood,0.48983099845867856,0.1303598201166813,0.37980918142464015,7.425026730555048,27.575020288467208,32.69085447089415,6.6000000000000005,3.9616132758403566,34.256519153179326,2.7537990613313705,28.987767090882464,95.9879544862512,234.38767245197124,6.6250267305550485,1.0682710801201185,3.4221302996615375,0.5578793856452265,0.7545433604222989,0.07077021805855876,0.8803406761652206,0.75,15.700000000000001,20.933333333333334,1.0,synthetic,SPEC_V1,2026-10-07
OOD00006,5,23,ood,0.48983099845867856,0.1303598201166813,0.37980918142464015,7.425026730555048,27.575020288467208,32.69085447089415,6.6000000000000005,3.9616132758403566,34.256519153179326,2.7537990613313705,28.987767090882464,95.9879544862512,234.38767245197124,6.6250267305550485,1.0682710801201185,3.4221302996615375,0.5578793856452265,0.7545433604222989,0.07077021805855876,0.8803406761652206,0.7419677304891057,15.200000000000001,20.486066139264775,1.0,synthetic,SPEC_V1,2026-10-07
OOD00006,6,23,ood,0.48983099845867856,0.1303598201166813,0.37980918142464015,7.425026730555048,27.575020288467208,32.69085447089415,6.6000000000000005,3.9616132758403566,34.256519153179326,2.7537990613313705,28.987767090882464,95.9879544862512,234.38767245197124,6.6250267305550485,1.0682710801201185,3.4221302996615375,0.5578793856452265,0.7545433604222989,0.07077021805855876,0.8803406761652206,0.7341345079379241,15.600000000000001,21.2495119509068,1.0,synthetic,SPEC_V1,2026-10-07
OOD00006,7,23,ood,0.48983099845867856,0.1303598201166813,0.37980918142464015,7.425026730555048,27.575020288467208,32.69085447089415,6.6000000000000005,3.9616132758403566,34.256519153179326,2.7537990613313705,28.987767090882464,95.9879544862512,234.38767245197124,6.6250267305550485,1.0682710801201185,3.4221302996615375,0.5578793856452265,0.7545433604222989,0.07077021805855876,0.8803406761652206,0.75,15.700000000000001,20.933333333333334,1.0,synthetic,SPEC_V1,2026-10-07
OOD00007,0,23,ood,0.4940651048815066,0.1827885179938546,0.32314637712463873,6.829996098141257,23.295880488017396,53.02360220048455,6.0,3.1159723257590737,31.02904332863787,2.6237370289534985,26.704891578231933,4.495360181238664,198.01498414814785,6.0299960981412575,0.7678538969264009,4.053824935217855,0.709499546125119,0.6865840031789247,0.023859843200003384,0.5111967860685052,0.7127316226429001,2.3000000000000003,3.2270211211778506,1.0,synthetic,SPEC_V1,2026-10-07
OOD00007,1,23,ood,0.4940651048815066,0.1827885179938546,0.32314637712463873,6.829996098141257,23.295880488017396,53.02360220048455,6.0,3.1159723257590737,31.02904332863787,2.6237370289534985,26.704891578231933,4.495360181238664,198.01498414814785,6.0299960981412575,0.7678538969264009,4.053824935217855,0.709499546125119,0.6865840031789247,0.023859843200003384,0.5111967860685052,0.7175138357018398,2.0,2.787402695926678,1.0,synthetic,SPEC_V1,2026-10-07
OOD00007,2,23,ood,0.4940651048815066,0.1827885179938546,0.32314637712463873,6.829996098141257,23.295880488017396,53.02360220048455,6.0,3.1159723257590737,31.02904332863787,2.6237370289534985,26.704891578231933,4.495360181238664,198.01498414814785,6.0299960981412575,0.7678538969264009,4.053824935217855,0.709499546125119,0.6865840031789247,0.023859843200003384,0.5111967860685052,0.7227988523283678,2.2,3.043723703922733,1.0,synthetic,SPEC_V1,2026-10-07
OOD00007,3,23,ood,0.4940651048815066,0.1827885179938546,0.32314637712463873,6.829996098141257,23.295880488017396,53.02360220048455,6.0,3.1159723257590737,31.02904332863787,2.6237370289534985,26.704891578231933,4.495360181238664,198.01498414814785,6.0299960981412575,0.7678538969264009,4.053824935217855,0.709499546125119,0.6865840031789247,0.023859843200003384,0.5111967860685052,0.7162117009830773,2.3000000000000003,3.211340999934801,1.0,synthetic,SPEC_V1,2026-10-07
OOD00007,4,23,ood,0.4940651048815066,0.1827885179938546,0.32314637712463873,6.829996098141257,23.295880488017396,53.02360220048455,6.0,3.1159723257590737,31.02904332863787,2.6237370289534985,26.704891578231933,4.495360181238664,198.01498414814785,6.0299960981412575,0.7678538969264009,4.053824935217855,0.709499546125119,0.6865840031789247,0.023859843200003384,0.5111967860685052,0.7019596203698399,2.1,2.991625072242158,1.0,synthetic,SPEC_V1,2026-10-07
OOD00007,5,23,ood,0.4940651048815066,0.1827885179938546,0.32314637712463873,6.829996098141257,23.295880488017396,53.02360220048455,6.0,3.1159723257590737,31.02904332863787,2.6237370289534985,26.704891578231933,4.495360181238664,198.01498414814785,6.0299960981412575,0.7678538969264009,4.053824935217855,0.709499546125119,0.6865840031789247,0.023859843200003384,0.5111967860685052,0.7301321787529408,2.3000000000000003,3.1501145503932997,1.0,synthetic,SPEC_V1,2026-10-07
OOD00007,6,23,ood,0.4940651048815066,0.1827885179938546,0.32314637712463873,6.829996098141257,23.295880488017396,53.02360220048455,6.0,3.1159723257590737,31.02904332863787,2.6237370289534985,26.704891578231933,4.495360181238664,198.01498414814785,6.0299960981412575,0.7678538969264009,4.053824935217855,0.709499546125119,0.6865840031789247,0.023859843200003384,0.5111967860685052,0.7117593034828336,2.2,3.0909325515448782,1.0,synthetic,SPEC_V1,2026-10-07
OOD00007,7,23,ood,0.4940651048815066,0.1827885179938546,0.32314637712463873,6.829996098141257,23.295880488017396,53.02360220048455,6.0,3.1159723257590737,31.02904332863787,2.6237370289534985,26.704891578231933,4.495360181238664,198.01498414814785,6.0299960981412575,0.7678538969264009,4.053824935217855,0.709499546125119,0.6865840031789247,0.023859843200003384,0.5111967860685052,0.7096808530805752,2.3000000000000003,3.2408934100676166,1.0,synthetic,SPEC_V1,2026-10-07
OOD00008,0,23,ood,0.5395521864396025,0.1561478615869587,0.3042999519734389,7.356874782914391,23.799427857069222,49.49009612140106,6.6000000000000005,3.4122292084033545,25.923872238538166,2.678494810447783,30.937968576154674,11.76100430889803,202.29513678508837,6.556874782914391,0.7387008048979518,3.53785073806448,0.7251927867669233,0.7420173182542718,0.05748471246512646,0.7746783498988576,0.6981952217051918,21.700000000000003,31.08013249790283,1.0,synthetic,SPEC_V1,2026-10-07
OOD00008,1,23,ood,0.5395521864396025,0.1561478615869587,0.3042999519734389,7.356874782914391,23.799427857069222,49.49009612140106,6.6000000000000005,3.4122292084033545,25.923872238538166,2.678494810447783,30.937968576154674,11.76100430889803,202.29513678508837,6.556874782914391,0.7387008048979518,3.53785073806448,0.7251927867669233,0.7420173182542718,0.05748471246512646,0.7746783498988576,0.6994230417524685,23.5,33.599121843510616,1.0,synthetic,SPEC_V1,2026-10-07
OOD00008,2,23,ood,0.5395521864396025,0.1561478615869587,0.3042999519734389,7.356874782914391,23.799427857069222,49.49009612140106,6.6000000000000005,3.4122292084033545,25.923872238538166,2.678494810447783,30.937968576154674,11.76100430889803,202.29513678508837,6.556874782914391,0.7387008048979518,3.53785073806448,0.7251927867669233,0.7420173182542718,0.05748471246512646,0.7746783498988576,0.6979340776300891,21.400000000000002,30.661921642608462,1.0,synthetic,SPEC_V1,2026-10-07
OOD00008,3,23,ood,0.5395521864396025,0.1561478615869587,0.3042999519734389,7.356874782914391,23.799427857069222,49.49009612140106,6.6000000000000005,3.4122292084033545,25.923872238538166,2.678494810447783,30.937968576154674,11.76100430889803,202.29513678508837,6.556874782914391,0.7387008048979518,3.53785073806448,0.7251927867669233,0.7420173182542718,0.05748471246512646,0.7746783498988576,0.701666465507035,22.0,31.35392822870972,1.0,synthetic,SPEC_V1,2026-10-07
OOD00008,4,23,ood,0.5395521864396025,0.1561478615869587,0.3042999519734389,7.356874782914391,23.799427857069222,49.49009612140106,6.6000000000000005,3.4122292084033545,25.923872238538166,2.678494810447783,30.937968576154674,11.76100430889803,202.29513678508837,6.556874782914391,0.7387008048979518,3.53785073806448,0.7251927867669233,0.7420173182542718,0.05748471246512646,0.7746783498988576,0.7124840823460171,21.0,29.47434268405364,1.0,synthetic,SPEC_V1,2026-10-07
OOD00008,5,23,ood,0.5395521864396025,0.1561478615869587,0.3042999519734389,7.356874782914391,23.799427857069222,49.49009612140106,6.6000000000000005,3.4122292084033545,25.923872238538166,2.678494810447783,30.937968576154674,11.76100430889803,202.29513678508837,6.556874782914391,0.7387008048979518,3.53785073806448,0.7251927867669233,0.7420173182542718,0.05748471246512646,0.7746783498988576,0.702687535596917,22.5,32.01992188588739,1.0,synthetic,SPEC_V1,2026-10-07
OOD00008,6,23,ood,0.5395521864396025,0.1561478615869587,0.3042999519734389,7.356874782914391,23.799427857069222,49.49009612140106,6.6000000000000005,3.4122292084033545,25.923872238538166,2.678494810447783,30.937968576154674,11.76100430889803,202.29513678508837,6.556874782914391,0.7387008048979518,3.53785073806448,0.7251927867669233,0.7420173182542718,0.05748471246512646,0.7746783498988576,0.696406093808204,21.5,30.872791308344407,1.0,synthetic,SPEC_V1,2026-10-07
OOD00008,7,23,ood,0.5395521864396025,0.1561478615869587,0.3042999519734389,7.356874782914391,23.799427857069222,49.49009612140106,6.6000000000000005,3.4122292084033545,25.923872238538166,2.678494810447783,30.937968576154674,11.76100430889803,202.29513678508837,6.556874782914391,0.7387008048979518,3.53785073806448,0.7251927867669233,0.7420173182542718,0.05748471246512646,0.7746783498988576,0.7043571181738804,23.5,33.36375738052625,1.0,synthetic,SPEC_V1,2026-10-07
OOD00009,0,23,ood,0.469650181991682,0.19619716068289011,0.3341526573254279,6.706530687338287,22.298050462013894,40.746620392149026,6.5,1.7061972797957965,27.340044674150285,2.1442111086969042,33.702276362172064,6.968513622875552,189.53342892711808,6.50919598049402,0.7599971871359597,4.164823108319207,0.7137207828834411,0.6748428688661492,0.0540168485070601,0.7716379683756618,0.7358958858980073,99.5,135.2093440209698,0.24666838355533338,synthetic,SPEC_V1,2026-10-07
OOD00009,1,23,ood,0.469650181991682,0.19619716068289011,0.3341526573254279,6.706530687338287,22.298050462013894,40.746620392149026,6.5,1.7061972797957965,27.340044674150285,2.1442111086969042,33.702276362172064,6.968513622875552,189.53342892711808,6.50919598049402,0.7599971871359597,4.164823108319207,0.7137207828834411,0.6748428688661492,0.0540168485070601,0.7716379683756618,0.7278863162119651,102.0,140.1317729543592,0.24666838355533338,synthetic,SPEC_V1,2026-10-07
OOD00009,2,23,ood,0.469650181991682,0.19619716068289011,0.3341526573254279,6.706530687338287,22.298050462013894,40.746620392149026,6.5,1.7061972797957965,27.340044674150285,2.1442111086969042,33.702276362172064,6.968513622875552,189.53342892711808,6.50919598049402,0.7599971871359597,4.164823108319207,0.7137207828834411,0.6748428688661492,0.0540168485070601,0.7716379683756618,0.7230396955977755,102.5,141.7626177706022,0.24666838355533338,synthetic,SPEC_V1,2026-10-07
OOD00009,3,23,ood,0.469650181991682,0.19619716068289011,0.3341526573254279,6.706530687338287,22.298050462013894,40.746620392149026,6.5,1.7061972797957965,27.340044674150285,2.1442111086969042,33.702276362172064,6.968513622875552,189.53342892711808,6.50919598049402,0.7599971871359597,4.164823108319207,0.7137207828834411,0.6748428688661492,0.0540168485070601,0.7716379683756618,0.7283911468681831,94.0,129.0515410630206,0.24666838355533338,synthetic,SPEC_V1,2026-10-07
OOD00009,4,23,ood,0.469650181991682,0.19619716068289011,0.3341526573254279,6.706530687338287,22.298050462013894,40.746620392149026,6.5,1.7061972797957965,27.340044674150285,2.1442111086969042,33.702276362172064,6.968513622875552,189.53342892711808,6.50919598049402,0.7599971871359597,4.164823108319207,0.7137207828834411,0.6748428688661492,0.0540168485070601,0.7716379683756618,0.7182438696202166,101.4,141.1776755625035,0.24666838355533338,synthetic,SPEC_V1,2026-10-07
OOD00009,5,23,ood,0.469650181991682,0.19619716068289011,0.3341526573254279,6.706530687338287,22.298050462013894,40.746620392149026,6.5,1.7061972797957965,27.340044674150285,2.1442111086969042,33.702276362172064,6.968513622875552,189.53342892711808,6.50919598049402,0.7599971871359597,4.164823108319207,0.7137207828834411,0.6748428688661492,0.0540168485070601,0.7716379683756618,0.7041303443346579,95.2,135.20224027549295,0.24666838355533338,synthetic,SPEC_V1,2026-10-07
OOD00009,6,23,ood,0.469650181991682,0.19619716068289011,0.3341526573254279,6.706530687338287,22.298050462013894,40.746620392149026,6.5,1.7061972797957965,27.340044674150285,2.1442111086969042,33.702276362172064,6.968513622875552,189.53342892711808,6.50919598049402,0.7599971871359597,4.164823108319207,0.7137207828834411,0.6748428688661492,0.0540168485070601,0.7716379683756618,0.7278641678259544,109.2,150.02799262143608,0.24666838355533338,synthetic,SPEC_V1,2026-10-07
OOD00009,7,23,ood,0.469650181991682,0.19619716068289011,0.3341526573254279,6.706530687338287,22.298050462013894,40.746620392149026,6.5,1.7061972797957965,27.340044674150285,2.1442111086969042,33.702276362172064,6.968513622875552,189.53342892711808,6.50919598049402,0.7599971871359597,4.164823108319207,0.7137207828834411,0.6748428688661492,0.0540168485070601,0.7716379683756618,0.7042440221735502,102.9,146.1141262973218,0.24666838355533338,synthetic,SPEC_V1,2026-10-07
OOD00010,0,23,ood,0.4601730474215857,0.18100950184113052,0.35881745073728377,7.320238744635259,23.825540980659678,43.796255098235726,7.0,1.855948247418304,29.94989345315222,2.122155506033878,33.13779917949526,67.52539567343318,202.51709833560727,7.023948386298873,0.872000027465933,4.105642137412425,0.6544312123031072,0.6810919757482964,0.05010013591315794,0.7769799792909426,0.7332623554254036,103.9,141.69553261700202,0.3703629479204831,synthetic,SPEC_V1,2026-10-07
OOD00010,1,23,ood,0.4601730474215857,0.18100950184113052,0.35881745073728377,7.320238744635259,23.825540980659678,43.796255098235726,7.0,1.855948247418304,29.94989345315222,2.122155506033878,33.13779917949526,67.52539567343318,202.51709833560727,7.023948386298873,0.872000027465933,4.105642137412425,0.6544312123031072,0.6810919757482964,0.05010013591315794,0.7769799792909426,0.7342195137939652,103.10000000000001,140.42122017058193,0.3703629479204831,synthetic,SPEC_V1,2026-10-07
OOD00010,2,23,ood,0.4601730474215857,0.18100950184113052,0.35881745073728377,7.320238744635259,23.825540980659678,43.796255098235726,7.0,1.855948247418304,29.94989345315222,2.122155506033878,33.13779917949526,67.52539567343318,202.51709833560727,7.023948386298873,0.872000027465933,4.105642137412425,0.6544312123031072,0.6810919757482964,0.05010013591315794,0.7769799792909426,0.7331959118900168,105.9,144.43615721617056,0.3703629479204831,synthetic,SPEC_V1,2026-10-07
OOD00010,3,23,ood,0.4601730474215857,0.18100950184113052,0.35881745073728377,7.320238744635259,23.825540980659678,43.796255098235726,7.0,1.855948247418304,29.94989345315222,2.122155506033878,33.13779917949526,67.52539567343318,202.51709833560727,7.023948386298873,0.872000027465933,4.105642137412425,0.6544312123031072,0.6810919757482964,0.05010013591315794,0.7769799792909426,0.732193241900361,102.9,140.53666998199765,0.3703629479204831,synthetic,SPEC_V1,2026-10-07
OOD00010,4,23,ood,0.4601730474215857,0.18100950184113052,0.35881745073728377,7.320238744635259,23.825540980659678,43.796255098235726,7.0,1.855948247418304,29.94989345315222,2.122155506033878,33.13779917949526,67.52539567343318,202.51709833560727,7.023948386298873,0.872000027465933,4.105642137412425,0.6544312123031072,0.6810919757482964,0.05010013591315794,0.7769799792909426,0.7448937465651811,105.30000000000001,141.3624432820847,0.3703629479204831,synthetic,SPEC_V1,2026-10-07
OOD00010,5,23,ood,0.4601730474215857,0.18100950184113052,0.35881745073728377,7.320238744635259,23.825540980659678,43.796255098235726,7.0,1.855948247418304,29.94989345315222,2.122155506033878,33.13779917949526,67.52539567343318,202.51709833560727,7.023948386298873,0.872000027465933,4.105642137412425,0.6544312123031072,0.6810919757482964,0.05010013591315794,0.7769799792909426,0.7314103366263367,102.80000000000001,140.5503789762798,0.3703629479204831,synthetic,SPEC_V1,2026-10-07
OOD00010,6,23,ood,0.4601730474215857,0.18100950184113052,0.35881745073728377,7.320238744635259,23.825540980659678,43.796255098235726,7.0,1.855948247418304,29.94989345315222,2.122155506033878,33.13779917949526,67.52539567343318,202.51709833560727,7.023948386298873,0.872000027465933,4.105642137412425,0.6544312123031072,0.6810919757482964,0.05010013591315794,0.7769799792909426,0.7339434391367827,107.7,146.7415529004113,0.3703629479204831,synthetic,SPEC_V1,2026-10-07
OOD00010,7,23,ood,0.4601730474215857,0.18100950184113052,0.35881745073728377,7.320238744635259,23.825540980659678,43.796255098235726,7.0,1.855948247418304,29.94989345315222,2.122155506033878,33.13779917949526,67.52539567343318,202.51709833560727,7.023948386298873,0.872000027465933,4.105642137412425,0.6544312123031072,0.6810919757482964,0.05010013591315794,0.7769799792909426,0.7455629868008287,104.0,139.49190322102564,0.3703629479204831,synthetic,SPEC_V1,2026-10-07
OOD00011,0,23,ood,0.5301445170167087,0.1399011609978654,0.32995432198542585,7.166016831583861,24.61370151955078,50.10260439144802,7.0,1.7595167481722667,29.038410809358517,1.5158944098352085,27.256684174618997,45.737817172986986,209.21646291618163,7.012844062445962,0.8283825140363724,3.2781981189261544,0.6772590007108196,0.7701097654918085,0.07729000936726829,0.8940066628017491,0.7055439945647263,127.10000000000001,180.14468407234088,0.19146596142237504,synthetic,SPEC_V1,2026-10-07
OOD00011,1,23,ood,0.5301445170167087,0.1399011609978654,0.32995432198542585,7.166016831583861,24.61370151955078,50.10260439144802,7.0,1.7595167481722667,29.038410809358517,1.5158944098352085,27.256684174618997,45.737817172986986,209.21646291618163,7.012844062445962,0.8283825140363724,3.2781981189261544,0.6772590007108196,0.7701097654918085,0.07729000936726829,0.8940066628017491,0.6980778170363767,135.4,193.9611841195984,0.19146596142237504,synthetic,SPEC_V1,2026-10-07
OOD00011,2,23,ood,0.5301445170167087,0.1399011609978654,0.32995432198542585,7.166016831583861,24.61370151955078,50.10260439144802,7.0,1.7595167481722667,29.038410809358517,1.5158944098352085,27.256684174618997,45.737817172986986,209.21646291618163,7.012844062445962,0.8283825140363724,3.2781981189261544,0.6772590007108196,0.7701097654918085,0.07729000936726829,0.8940066628017491,0.7052535531949266,120.9,171.42770774043046,0.19146596142237504,synthetic,SPEC_V1,2026-10-07
OOD00011,3,23,ood,0.5301445170167087,0.1399011609978654,0.32995432198542585,7.166016831583861,24.61370151955078,50.10260439144802,7.0,1.7595167481722667,29.038410809358517,1.5158944098352085,27.256684174618997,45.737817172986986,209.21646291618163,7.012844062445962,0.8283825140363724,3.2781981189261544,0.6772590007108196,0.7701097654918085,0.07729000936726829,0.8940066628017491,0.7169337373559175,132.70000000000002,185.09381423366034,0.19146596142237504,synthetic,SPEC_V1,2026-10-07
OOD00011,4,23,ood,0.5301445170167087,0.1399011609978654,0.32995432198542585,7.166016831583861,24.61370151955078,50.10260439144802,7.0,1.7595167481722667,29.038410809358517,1.5158944098352085,27.256684174618997,45.737817172986986,209.21646291618163,7.012844062445962,0.8283825140363724,3.2781981189261544,0.6772590007108196,0.7701097654918085,0.07729000936726829,0.8940066628017491,0.711404713325513,125.7,176.69267246263553,0.19146596142237504,synthetic,SPEC_V1,2026-10-07
OOD00011,5,23,ood,0.5301445170167087,0.1399011609978654,0.32995432198542585,7.166016831583861,24.61370151955078,50.10260439144802,7.0,1.7595167481722667,29.038410809358517,1.5158944098352085,27.256684174618997,45.737817172986986,209.21646291618163,7.012844062445962,0.8283825140363724,3.2781981189261544,0.6772590007108196,0.7701097654918085,0.07729000936726829,0.8940066628017491,0.7190373981963468,126.7,176.20780270653205,0.19146596142237504,synthetic,SPEC_V1,2026-10-07
OOD00011,6,23,ood,0.5301445170167087,0.1399011609978654,0.32995432198542585,7.166016831583861,24.61370151955078,50.10260439144802,7.0,1.7595167481722667,29.038410809358517,1.5158944098352085,27.256684174618997,45.737817172986986,209.21646291618163,7.012844062445962,0.8283825140363724,3.2781981189261544,0.6772590007108196,0.7701097654918085,0.07729000936726829,0.8940066628017491,0.6998548672368953,134.8,192.61136317048903,0.19146596142237504,synthetic,SPEC_V1,2026-10-07
OOD00011,7,23,ood,0.5301445170167087,0.1399011609978654,0.32995432198542585,7.166016831583861,24.61370151955078,50.10260439144802,7.0,1.7595167481722667,29.038410809358517,1.5158944098352085,27.256684174618997,45.737817172986986,209.21646291618163,7.012844062445962,0.8283825140363724,3.2781981189261544,0.6772590007108196,0.7701097654918085,0.07729000936726829,0.8940066628017491,0.7181900750801922,122.0,169.8714647182748,0.19146596142237504,synthetic,SPEC_V1,2026-10-07
OOD00012,0,23,ood,0.48109857865648753,0.1571641053617577,0.3617373159817548,6.887500788299172,26.830089170974055,46.869174950477785,6.4,2.1855182786218528,33.21992582414249,1.993242925709167,25.116721766262536,30.935369203241372,228.05575795327945,6.430469941844867,0.9899553333144485,4.01432406718837,0.5950384794174622,0.6907826870191572,0.023350387661264047,0.5036686990838177,0.7407249200707015,14.8,19.980426740047243,0.571288558067881,synthetic,SPEC_V1,2026-10-07
OOD00012,1,23,ood,0.48109857865648753,0.1571641053617577,0.3617373159817548,6.887500788299172,26.830089170974055,46.869174950477785,6.4,2.1855182786218528,33.21992582414249,1.993242925709167,25.116721766262536,30.935369203241372,228.05575795327945,6.430469941844867,0.9899553333144485,4.01432406718837,0.5950384794174622,0.6907826870191572,0.023350387661264047,0.5036686990838177,0.7205858519213395,14.100000000000001,19.56741165872791,0.571288558067881,synthetic,SPEC_V1,2026-10-07
OOD00012,2,23,ood,0.48109857865648753,0.1571641053617577,0.3617373159817548,6.887500788299172,26.830089170974055,46.869174950477785,6.4,2.1855182786218528,33.21992582414249,1.993242925709167,25.116721766262536,30.935369203241372,228.05575795327945,6.430469941844867,0.9899553333144485,4.01432406718837,0.5950384794174622,0.6907826870191572,0.023350387661264047,0.5036686990838177,0.7450000648285098,13.8,18.523488321006518,0.571288558067881,synthetic,SPEC_V1,2026-10-07
OOD00012,3,23,ood,0.48109857865648753,0.1571641053617577,0.3617373159817548,6.887500788299172,26.830089170974055,46.869174950477785,6.4,2.1855182786218528,33.21992582414249,1.993242925709167,25.116721766262536,30.935369203241372,228.05575795327945,6.430469941844867,0.9899553333144485,4.01432406718837,0.5950384794174622,0.6907826870191572,0.023350387661264047,0.5036686990838177,0.75,14.200000000000001,18.933333333333334,0.571288558067881,synthetic,SPEC_V1,2026-10-07
OOD00012,4,23,ood,0.48109857865648753,0.1571641053617577,0.3617373159817548,6.887500788299172,26.830089170974055,46.869174950477785,6.4,2.1855182786218528,33.21992582414249,1.993242925709167,25.116721766262536,30.935369203241372,228.05575795327945,6.430469941844867,0.9899553333144485,4.01432406718837,0.5950384794174622,0.6907826870191572,0.023350387661264047,0.5036686990838177,0.7285206141141769,14.100000000000001,19.35429104795405,0.571288558067881,synthetic,SPEC_V1,2026-10-07
OOD00012,5,23,ood,0.48109857865648753,0.1571641053617577,0.3617373159817548,6.887500788299172,26.830089170974055,46.869174950477785,6.4,2.1855182786218528,33.21992582414249,1.993242925709167,25.116721766262536,30.935369203241372,228.05575795327945,6.430469941844867,0.9899553333144485,4.01432406718837,0.5950384794174622,0.6907826870191572,0.023350387661264047,0.5036686990838177,0.7266868658536169,15.100000000000001,20.77923891229614,0.571288558067881,synthetic,SPEC_V1,2026-10-07
OOD00012,6,23,ood,0.48109857865648753,0.1571641053617577,0.3617373159817548,6.887500788299172,26.830089170974055,46.869174950477785,6.4,2.1855182786218528,33.21992582414249,1.993242925709167,25.116721766262536,30.935369203241372,228.05575795327945,6.430469941844867,0.9899553333144485,4.01432406718837,0.5950384794174622,0.6907826870191572,0.023350387661264047,0.5036686990838177,0.7227503827794945,15.700000000000001,21.722575835411142,0.571288558067881,synthetic,SPEC_V1,2026-10-07
OOD00012,7,23,ood,0.48109857865648753,0.1571641053617577,0.3617373159817548,6.887500788299172,26.830089170974055,46.869174950477785,6.4,2.1855182786218528,33.21992582414249,1.993242925709167,25.116721766262536,30.935369203241372,228.05575795327945,6.430469941844867,0.9899553333144485,4.01432406718837,0.5950384794174622,0.6907826870191572,0.023350387661264047,0.5036686990838177,0.74468656570887,14.0,18.799855730811185,0.571288558067881,synthetic,SPEC_V1,2026-10-07
OOD00013,0,23,ood,0.5823122408314818,0.09862450752811397,0.3190632516404042,7.10760590384931,25.022841997129493,49.094975914192446,6.5,2.712106371750692,20.633715077439966,2.3326502763032186,31.56306285513441,88.84625244131438,212.6941569756007,6.535915381817028,0.8143546719545967,2.3494079264125105,0.6846795940858835,0.8670579203538117,0.04802020996155867,0.6287335686461439,0.6898298955371781,20.3,29.427544574872574,0.7146131525403518,synthetic,SPEC_V1,2026-10-07
OOD00013,1,23,ood,0.5823122408314818,0.09862450752811397,0.3190632516404042,7.10760590384931,25.022841997129493,49.094975914192446,6.5,2.712106371750692,20.633715077439966,2.3326502763032186,31.56306285513441,88.84625244131438,212.6941569756007,6.535915381817028,0.8143546719545967,2.3494079264125105,0.6846795940858835,0.8670579203538117,0.04802020996155867,0.6287335686461439,0.721202876743652,20.8,28.840705813481186,0.7146131525403518,synthetic,SPEC_V1,2026-10-07
OOD00013,2,23,ood,0.5823122408314818,0.09862450752811397,0.3190632516404042,7.10760590384931,25.022841997129493,49.094975914192446,6.5,2.712106371750692,20.633715077439966,2.3326502763032186,31.56306285513441,88.84625244131438,212.6941569756007,6.535915381817028,0.8143546719545967,2.3494079264125105,0.6846795940858835,0.8670579203538117,0.04802020996155867,0.6287335686461439,0.7024619999925732,19.900000000000002,28.328934519177402,0.7146131525403518,synthetic,SPEC_V1,2026-10-07
OOD00013,3,23,ood,0.5823122408314818,0.09862450752811397,0.3190632516404042,7.10760590384931,25.022841997129493,49.094975914192446,6.5,2.712106371750692,20.633715077439966,2.3326502763032186,31.56306285513441,88.84625244131438,212.6941569756007,6.535915381817028,0.8143546719545967,2.3494079264125105,0.6846795940858835,0.8670579203538117,0.04802020996155867,0.6287335686461439,0.7263961556632624,21.8,30.011172044398716,0.7146131525403518,synthetic,SPEC_V1,2026-10-07
OOD00013,4,23,ood,0.5823122408314818,0.09862450752811397,0.3190632516404042,7.10760590384931,25.022841997129493,49.094975914192446,6.5,2.712106371750692,20.633715077439966,2.3326502763032186,31.56306285513441,88.84625244131438,212.6941569756007,6.535915381817028,0.8143546719545967,2.3494079264125105,0.6846795940858835,0.8670579203538117,0.04802020996155867,0.6287335686461439,0.706866210637503,20.200000000000003,28.576836317840378,0.7146131525403518,synthetic,SPEC_V1,2026-10-07
OOD00013,5,23,ood,0.5823122408314818,0.09862450752811397,0.3190632516404042,7.10760590384931,25.022841997129493,49.094975914192446,6.5,2.712106371750692,20.633715077439966,2.3326502763032186,31.56306285513441,88.84625244131438,212.6941569756007,6.535915381817028,0.8143546719545967,2.3494079264125105,0.6846795940858835,0.8670579203538117,0.04802020996155867,0.6287335686461439,0.7167704878505134,21.200000000000003,29.57711060841191,0.7146131525403518,synthetic,SPEC_V1,2026-10-07
OOD00013,6,23,ood,0.5823122408314818,0.09862450752811397,0.3190632516404042,7.10760590384931,25.022841997129493,49.094975914192446,6.5,2.712106371750692,20.633715077439966,2.3326502763032186,31.56306285513441,88.84625244131438,212.6941569756007,6.535915381817028,0.8143546719545967,2.3494079264125105,0.6846795940858835,0.8670579203538117,0.04802020996155867,0.6287335686461439,0.7184774438753212,20.6,28.671742134154957,0.7146131525403518,synthetic,SPEC_V1,2026-10-07
OOD00013,7,23,ood,0.5823122408314818,0.09862450752811397,0.3190632516404042,7.10760590384931,25.022841997129493,49.094975914192446,6.5,2.712106371750692,20.633715077439966,2.3326502763032186,31.56306285513441,88.84625244131438,212.6941569756007,6.535915381817028,0.8143546719545967,2.3494079264125105,0.6846795940858835,0.8670579203538117,0.04802020996155867,0.6287335686461439,0.7033092524753646,20.400000000000002,29.00573244017513,0.7146131525403518,synthetic,SPEC_V1,2026-10-07
OOD00014,0,23,ood,0.5108097856016425,0.11329337478191955,0.375896839616438,6.632204535739987,26.58439281698386,42.52977683860969,6.0,2.6225744192825835,21.611267431391706,2.707885197392932,27.11668286862883,13.45933283311682,225.9673389443628,5.985004842121028,1.0192849027886692,2.867267470983635,0.5808930449706248,0.8140887510820587,0.013985987498477388,0.26085038028271523,0.7408795983912608,1.3,1.7546710731714144,0.8089996170236988,synthetic,SPEC_V1,2026-10-07
OOD00014,1,23,ood,0.5108097856016425,0.11329337478191955,0.375896839616438,6.632204535739987,26.58439281698386,42.52977683860969,6.0,2.6225744192825835,21.611267431391706,2.707885197392932,27.11668286862883,13.45933283311682,225.9673389443628,5.985004842121028,1.0192849027886692,2.867267470983635,0.5808930449706248,0.8140887510820587,0.013985987498477388,0.26085038028271523,0.7444968703918519,1.3,1.74614568804805,0.8089996170236988,synthetic,SPEC_V1,2026-10-07
OOD00014,2,23,ood,0.5108097856016425,0.11329337478191955,0.375896839616438,6.632204535739987,26.58439281698386,42.52977683860969,6.0,2.6225744192825835,21.611267431391706,2.707885197392932,27.11668286862883,13.45933283311682,225.9673389443628,5.985004842121028,1.0192849027886692,2.867267470983635,0.5808930449706248,0.8140887510820587,0.013985987498477388,0.26085038028271523,0.7477508439214484,1.3,1.7385470181248845,0.8089996170236988,synthetic,SPEC_V1,2026-10-07
OOD00014,3,23,ood,0.5108097856016425,0.11329337478191955,0.375896839616438,6.632204535739987,26.58439281698386,42.52977683860969,6.0,2.6225744192825835,21.611267431391706,2.707885197392932,27.11668286862883,13.45933283311682,225.9673389443628,5.985004842121028,1.0192849027886692,2.867267470983635,0.5808930449706248,0.8140887510820587,0.013985987498477388,0.26085038028271523,0.75,1.4000000000000001,1.866666666666667,0.8089996170236988,synthetic,SPEC_V1,2026-10-07
OOD00014,4,23,ood,0.5108097856016425,0.11329337478191955,0.375896839616438,6.632204535739987,26.58439281698386,42.52977683860969,6.0,2.6225744192825835,21.611267431391706,2.707885197392932,27.11668286862883,13.45933283311682,225.9673389443628,5.985004842121028,1.0192849027886692,2.867267470983635,0.5808930449706248,0.8140887510820587,0.013985987498477388,0.26085038028271523,0.7325255683023134,1.3,1.7746820810812842,0.8089996170236988,synthetic,SPEC_V1,2026-10-07
OOD00014,5,23,ood,0.5108097856016425,0.11329337478191955,0.375896839616438,6.632204535739987,26.58439281698386,42.52977683860969,6.0,2.6225744192825835,21.611267431391706,2.707885197392932,27.11668286862883,13.45933283311682,225.9673389443628,5.985004842121028,1.0192849027886692,2.867267470983635,0.5808930449706248,0.8140887510820587,0.013985987498477388,0.26085038028271523,0.7496682091703968,1.3,1.734100478181695,0.8089996170236988,synthetic,SPEC_V1,2026-10-07
OOD00014,6,23,ood,0.5108097856016425,0.11329337478191955,0.375896839616438,6.632204535739987,26.58439281698386,42.52977683860969,6.0,2.6225744192825835,21.611267431391706,2.707885197392932,27.11668286862883,13.45933283311682,225.9673389443628,5.985004842121028,1.0192849027886692,2.867267470983635,0.5808930449706248,0.8140887510820587,0.013985987498477388,0.26085038028271523,0.7485165114018605,1.3,1.736768635290747,0.8089996170236988,synthetic,SPEC_V1,2026-10-07
OOD00014,7,23,ood,0.5108097856016425,0.11329337478191955,0.375896839616438,6.632204535739987,26.58439281698386,42.52977683860969,6.0,2.6225744192825835,21.611267431391706,2.707885197392932,27.11668286862883,13.45933283311682,225.9673389443628,5.985004842121028,1.0192849027886692,2.867267470983635,0.5808930449706248,0.8140887510820587,0.013985987498477388,0.26085038028271523,0.7432973981897113,1.3,1.7489634743322509,0.8089996170236988,synthetic,SPEC_V1,2026-10-07
OOD00015,0,23,ood,0.5293414120796309,0.10666961238310313,0.36398897553726595,6.511967448740908,26.041305398787465,52.322302845916326,6.2,2.1330631468869585,25.582343940059502,2.3649682821359077,33.973534026892295,40.32647053888605,221.35109588969343,6.161311088684014,0.9668323035232875,2.644480787102413,0.606375864563894,0.8373401876839307,0.03229445525438544,0.5622765066489553,0.7280408839826259,20.200000000000003,27.74569456800184,0.43832045007111686,synthetic,SPEC_V1,2026-10-07
OOD00015,1,23,ood,0.5293414120796309,0.10666961238310313,0.36398897553726595,6.511967448740908,26.041305398787465,52.322302845916326,6.2,2.1330631468869585,25.582343940059502,2.3649682821359077,33.973534026892295,40.32647053888605,221.35109588969343,6.161311088684014,0.9668323035232875,2.644480787102413,0.606375864563894,0.8373401876839307,0.03229445525438544,0.5622765066489553,0.7434648879460376,20.1,27.03557400744244,0.43832045007111686,synthetic,SPEC_V1,2026-10-07
OOD00015,2,23,ood,0.5293414120796309,0.10666961238310313,0.36398897553726595,6.511967448740908,26.041305398787465,52.322302845916326,6.2,2.1330631468869585,25.582343940059502,2.3649682821359077,33.973534026892295,40.32647053888605,221.35109588969343,6.161311088684014,0.9668323035232875,2.644480787102413,0.606375864563894,0.8373401876839307,0.03229445525438544,0.5622765066489553,0.7341703840577455,20.0,27.24163277938343,0.43832045007111686,synthetic,SPEC_V1,2026-10-07
OOD00015,3,23,ood,0.5293414120796309,0.10666961238310313,0.36398897553726595,6.511967448740908,26.041305398787465,52.322302845916326,6.2,2.1330631468869585,25.582343940059502,2.3649682821359077,33.973534026892295,40.32647053888605,221.35109588969343,6.161311088684014,0.9668323035232875,2.644480787102413,0.606375864563894,0.8373401876839307,0.03229445525438544,0.5622765066489553,0.7246436569150739,22.3,30.773746222984595,0.43832045007111686,synthetic,SPEC_V1,2026-10-07
OOD00015,4,23,ood,0.5293414120796309,0.10666961238310313,0.36398897553726595,6.511967448740908,26.041305398787465,52.322302845916326,6.2,2.1330631468869585,25.582343940059502,2.3649682821359077,33.973534026892295,40.32647053888605,221.35109588969343,6.161311088684014,0.9668323035232875,2.644480787102413,0.606375864563894,0.8373401876839307,0.03229445525438544,0.5622765066489553,0.7290225565996691,21.700000000000003,29.765882829762983,0.43832045007111686,synthetic,SPEC_V1,2026-10-07
OOD00015,5,23,ood,0.5293414120796309,0.10666961238310313,0.36398897553726595,6.511967448740908,26.041305398787465,52.322302845916326,6.2,2.1330631468869585,25.582343940059502,2.3649682821359077,33.973534026892295,40.32647053888605,221.35109588969343,6.161311088684014,0.9668323035232875,2.644480787102413,0.606375864563894,0.8373401876839307,0.03229445525438544,0.5622765066489553,0.744855029623082,19.6,26.313845272573595,0.43832045007111686,synthetic,SPEC_V1,2026-10-07
OOD00015,6,23,ood,0.5293414120796309,0.10666961238310313,0.36398897553726595,6.511967448740908,26.041305398787465,52.322302845916326,6.2,2.1330631468869585,25.582343940059502,2.3649682821359077,33.973534026892295,40.32647053888605,221.35109588969343,6.161311088684014,0.9668323035232875,2.644480787102413,0.606375864563894,0.8373401876839307,0.03229445525438544,0.5622765066489553,0.7186784051870431,20.700000000000003,28.80286905881446,0.43832045007111686,synthetic,SPEC_V1,2026-10-07
OOD00015,7,23,ood,0.5293414120796309,0.10666961238310313,0.36398897553726595,6.511967448740908,26.041305398787465,52.322302845916326,6.2,2.1330631468869585,25.582343940059502,2.3649682821359077,33.973534026892295,40.32647053888605,221.35109588969343,6.161311088684014,0.9668323035232875,2.644480787102413,0.606375864563894,0.8373401876839307,0.03229445525438544,0.5622765066489553,0.7289875069978667,20.5,28.12119522380236,0.43832045007111686,synthetic,SPEC_V1,2026-10-07
OOD00016,0,23,ood,0.49074449661591335,0.1528630545261895,0.35639244885789717,6.541332321011967,22.826136566870623,33.94958473442524,6.2,1.9621230052922334,21.923017293605426,1.3646229507185814,27.8227866714853,55.681610171377486,194.0221608184003,6.225957299572585,0.8297763963212451,3.3217878566288905,0.6765235941696193,0.7653992824035628,0.05802689688591145,0.7197644176212332,0.7383212393997933,91.10000000000001,123.3880256161374,0.394218776799228,synthetic,SPEC_V1,2026-10-07
OOD00016,1,23,ood,0.49074449661591335,0.1528630545261895,0.35639244885789717,6.541332321011967,22.826136566870623,33.94958473442524,6.2,1.9621230052922334,21.923017293605426,1.3646229507185814,27.8227866714853,55.681610171377486,194.0221608184003,6.225957299572585,0.8297763963212451,3.3217878566288905,0.6765235941696193,0.7653992824035628,0.05802689688591145,0.7197644176212332,0.727887040988683,91.7,125.9810861249084,0.394218776799228,synthetic,SPEC_V1,2026-10-07
OOD00016,2,23,ood,0.49074449661591335,0.1528630545261895,0.35639244885789717,6.541332321011967,22.826136566870623,33.94958473442524,6.2,1.9621230052922334,21.923017293605426,1.3646229507185814,27.8227866714853,55.681610171377486,194.0221608184003,6.225957299572585,0.8297763963212451,3.3217878566288905,0.6765235941696193,0.7653992824035628,0.05802689688591145,0.7197644176212332,0.7327293444978512,78.60000000000001,107.27016815993031,0.394218776799228,synthetic,SPEC_V1,2026-10-07
OOD00016,3,23,ood,0.49074449661591335,0.1528630545261895,0.35639244885789717,6.541332321011967,22.826136566870623,33.94958473442524,6.2,1.9621230052922334,21.923017293605426,1.3646229507185814,27.8227866714853,55.681610171377486,194.0221608184003,6.225957299572585,0.8297763963212451,3.3217878566288905,0.6765235941696193,0.7653992824035628,0.05802689688591145,0.7197644176212332,0.75,81.4,108.53333333333335,0.394218776799228,synthetic,SPEC_V1,2026-10-07
OOD00016,4,23,ood,0.49074449661591335,0.1528630545261895,0.35639244885789717,6.541332321011967,22.826136566870623,33.94958473442524,6.2,1.9621230052922334,21.923017293605426,1.3646229507185814,27.8227866714853,55.681610171377486,194.0221608184003,6.225957299572585,0.8297763963212451,3.3217878566288905,0.6765235941696193,0.7653992824035628,0.05802689688591145,0.7197644176212332,0.7200508162937252,87.4,121.38032208597281,0.394218776799228,synthetic,SPEC_V1,2026-10-07
OOD00016,5,23,ood,0.49074449661591335,0.1528630545261895,0.35639244885789717,6.541332321011967,22.826136566870623,33.94958473442524,6.2,1.9621230052922334,21.923017293605426,1.3646229507185814,27.8227866714853,55.681610171377486,194.0221608184003,6.225957299572585,0.8297763963212451,3.3217878566288905,0.6765235941696193,0.7653992824035628,0.05802689688591145,0.7197644176212332,0.7217294586289072,90.10000000000001,124.83902232723864,0.394218776799228,synthetic,SPEC_V1,2026-10-07
OOD00016,6,23,ood,0.49074449661591335,0.1528630545261895,0.35639244885789717,6.541332321011967,22.826136566870623,33.94958473442524,6.2,1.9621230052922334,21.923017293605426,1.3646229507185814,27.8227866714853,55.681610171377486,194.0221608184003,6.225957299572585,0.8297763963212451,3.3217878566288905,0.6765235941696193,0.7653992824035628,0.05802689688591145,0.7197644176212332,0.7253520777032038,94.9,130.83301601685181,0.394218776799228,synthetic,SPEC_V1,2026-10-07
OOD00016,7,23,ood,0.49074449661591335,0.1528630545261895,0.35639244885789717,6.541332321011967,22.826136566870623,33.94958473442524,6.2,1.9621230052922334,21.923017293605426,1.3646229507185814,27.8227866714853,55.681610171377486,194.0221608184003,6.225957299572585,0.8297763963212451,3.3217878566288905,0.6765235941696193,0.7653992824035628,0.05802689688591145,0.7197644176212332,0.7341680475423599,87.7,119.45493990589382,0.394218776799228,synthetic,SPEC_V1,2026-10-07
OOD00017,0,23,ood,0.5273721418418136,0.10201336466374937,0.37061449349443715,7.273552870949874,27.03324449412528,46.41015104657685,6.6000000000000005,2.707665409279596,34.74788836533393,2.536833346929453,32.02574853825705,21.71780986445921,229.78257820006488,6.611099611536368,1.0219290460015553,2.625380121649569,0.5796310465097728,0.8393052078118767,0.0390534007958375,0.6901298759217181,0.7336317950308294,25.400000000000002,34.62227260601841,0.828066574266882,synthetic,SPEC_V1,2026-10-07
OOD00017,1,23,ood,0.5273721418418136,0.10201336466374937,0.37061449349443715,7.273552870949874,27.03324449412528,46.41015104657685,6.6000000000000005,2.707665409279596,34.74788836533393,2.536833346929453,32.02574853825705,21.71780986445921,229.78257820006488,6.611099611536368,1.0219290460015553,2.625380121649569,0.5796310465097728,0.8393052078118767,0.0390534007958375,0.6901298759217181,0.7311233320886976,26.400000000000002,36.108818911003155,0.828066574266882,synthetic,SPEC_V1,2026-10-07
OOD00017,2,23,ood,0.5273721418418136,0.10201336466374937,0.37061449349443715,7.273552870949874,27.03324449412528,46.41015104657685,6.6000000000000005,2.707665409279596,34.74788836533393,2.536833346929453,32.02574853825705,21.71780986445921,229.78257820006488,6.611099611536368,1.0219290460015553,2.625380121649569,0.5796310465097728,0.8393052078118767,0.0390534007958375,0.6901298759217181,0.7415422978608347,26.0,35.06205927160668,0.828066574266882,synthetic,SPEC_V1,2026-10-07
OOD00017,3,23,ood,0.5273721418418136,0.10201336466374937,0.37061449349443715,7.273552870949874,27.03324449412528,46.41015104657685,6.6000000000000005,2.707665409279596,34.74788836533393,2.536833346929453,32.02574853825705,21.71780986445921,229.78257820006488,6.611099611536368,1.0219290460015553,2.625380121649569,0.5796310465097728,0.8393052078118767,0.0390534007958375,0.6901298759217181,0.7351498107116724,26.900000000000002,36.591181291278666,0.828066574266882,synthetic,SPEC_V1,2026-10-07
OOD00017,4,23,ood,0.5273721418418136,0.10201336466374937,0.37061449349443715,7.273552870949874,27.03324449412528,46.41015104657685,6.6000000000000005,2.707665409279596,34.74788836533393,2.536833346929453,32.02574853825705,21.71780986445921,229.78257820006488,6.611099611536368,1.0219290460015553,2.625380121649569,0.5796310465097728,0.8393052078118767,0.0390534007958375,0.6901298759217181,0.7303514447540375,27.8,38.06386664896964,0.828066574266882,synthetic,SPEC_V1,2026-10-07
OOD00017,5,23,ood,0.5273721418418136,0.10201336466374937,0.37061449349443715,7.273552870949874,27.03324449412528,46.41015104657685,6.6000000000000005,2.707665409279596,34.74788836533393,2.536833346929453,32.02574853825705,21.71780986445921,229.78257820006488,6.611099611536368,1.0219290460015553,2.625380121649569,0.5796310465097728,0.8393052078118767,0.0390534007958375,0.6901298759217181,0.75,26.700000000000003,35.6,0.828066574266882,synthetic,SPEC_V1,2026-10-07
OOD00017,6,23,ood,0.5273721418418136,0.10201336466374937,0.37061449349443715,7.273552870949874,27.03324449412528,46.41015104657685,6.6000000000000005,2.707665409279596,34.74788836533393,2.536833346929453,32.02574853825705,21.71780986445921,229.78257820006488,6.611099611536368,1.0219290460015553,2.625380121649569,0.5796310465097728,0.8393052078118767,0.0390534007958375,0.6901298759217181,0.7418839553891798,27.5,37.067791802525186,0.828066574266882,synthetic,SPEC_V1,2026-10-07
OOD00017,7,23,ood,0.5273721418418136,0.10201336466374937,0.37061449349443715,7.273552870949874,27.03324449412528,46.41015104657685,6.6000000000000005,2.707665409279596,34.74788836533393,2.536833346929453,32.02574853825705,21.71780986445921,229.78257820006488,6.611099611536368,1.0219290460015553,2.625380121649569,0.5796310465097728,0.8393052078118767,0.0390534007958375,0.6901298759217181,0.7336420616834096,26.200000000000003,35.712238117702356,0.828066574266882,synthetic,SPEC_V1,2026-10-07
OOD00018,0,23,ood,0.46805543953518103,0.18324302856088326,0.3487015319039357,6.976362020016526,27.184820726707294,50.88591695033919,6.2,3.658942049504923,20.92306939572026,1.4351951022513973,28.63510126934735,56.65811946973625,231.07097617701197,6.176362020016526,0.966897640457543,4.742320294565882,0.6063436054234302,0.6154940178549326,0.02082937222224499,0.35326225098420816,0.7171748868473632,0.6000000000000001,0.8366160207275892,1.0,synthetic,SPEC_V1,2026-10-07
OOD00018,1,23,ood,0.46805543953518103,0.18324302856088326,0.3487015319039357,6.976362020016526,27.184820726707294,50.88591695033919,6.2,3.658942049504923,20.92306939572026,1.4351951022513973,28.63510126934735,56.65811946973625,231.07097617701197,6.176362020016526,0.966897640457543,4.742320294565882,0.6063436054234302,0.6154940178549326,0.02082937222224499,0.35326225098420816,0.7191187786682024,0.6000000000000001,0.834354515273807,1.0,synthetic,SPEC_V1,2026-10-07
OOD00018,2,23,ood,0.46805543953518103,0.18324302856088326,0.3487015319039357,6.976362020016526,27.184820726707294,50.88591695033919,6.2,3.658942049504923,20.92306939572026,1.4351951022513973,28.63510126934735,56.65811946973625,231.07097617701197,6.176362020016526,0.966897640457543,4.742320294565882,0.6063436054234302,0.6154940178549326,0.02082937222224499,0.35326225098420816,0.7224301912858858,0.6000000000000001,0.8305300736837053,1.0,synthetic,SPEC_V1,2026-10-07
OOD00018,3,23,ood,0.46805543953518103,0.18324302856088326,0.3487015319039357,6.976362020016526,27.184820726707294,50.88591695033919,6.2,3.658942049504923,20.92306939572026,1.4351951022513973,28.63510126934735,56.65811946973625,231.07097617701197,6.176362020016526,0.966897640457543,4.742320294565882,0.6063436054234302,0.6154940178549326,0.02082937222224499,0.35326225098420816,0.7274948841740485,0.6000000000000001,0.8247480677217435,1.0,synthetic,SPEC_V1,2026-10-07
OOD00018,4,23,ood,0.46805543953518103,0.18324302856088326,0.3487015319039357,6.976362020016526,27.184820726707294,50.88591695033919,6.2,3.658942049504923,20.92306939572026,1.4351951022513973,28.63510126934735,56.65811946973625,231.07097617701197,6.176362020016526,0.966897640457543,4.742320294565882,0.6063436054234302,0.6154940178549326,0.02082937222224499,0.35326225098420816,0.731223168643501,0.6000000000000001,0.8205429282459221,1.0,synthetic,SPEC_V1,2026-10-07
OOD00018,5,23,ood,0.46805543953518103,0.18324302856088326,0.3487015319039357,6.976362020016526,27.184820726707294,50.88591695033919,6.2,3.658942049504923,20.92306939572026,1.4351951022513973,28.63510126934735,56.65811946973625,231.07097617701197,6.176362020016526,0.966897640457543,4.742320294565882,0.6063436054234302,0.6154940178549326,0.02082937222224499,0.35326225098420816,0.7222116850705128,0.6000000000000001,0.8307813517880417,1.0,synthetic,SPEC_V1,2026-10-07
OOD00018,6,23,ood,0.46805543953518103,0.18324302856088326,0.3487015319039357,6.976362020016526,27.184820726707294,50.88591695033919,6.2,3.658942049504923,20.92306939572026,1.4351951022513973,28.63510126934735,56.65811946973625,231.07097617701197,6.176362020016526,0.966897640457543,4.742320294565882,0.6063436054234302,0.6154940178549326,0.02082937222224499,0.35326225098420816,0.7430768641358418,0.6000000000000001,0.8074534801965172,1.0,synthetic,SPEC_V1,2026-10-07
OOD00018,7,23,ood,0.46805543953518103,0.18324302856088326,0.3487015319039357,6.976362020016526,27.184820726707294,50.88591695033919,6.2,3.658942049504923,20.92306939572026,1.4351951022513973,28.63510126934735,56.65811946973625,231.07097617701197,6.176362020016526,0.966897640457543,4.742320294565882,0.6063436054234302,0.6154940178549326,0.02082937222224499,0.35326225098420816,0.7314902309643516,0.6000000000000001,0.8202433533650847,1.0,synthetic,SPEC_V1,2026-10-07
OOD00019,0,23,ood,0.5110012754930421,0.17104612634406172,0.3179525981628962,7.04692885357872,24.42915908131817,31.409535092489005,6.2,3.185064167090626,22.57477301229165,1.1353167017776995,30.550454185719186,85.90127923371288,207.64785219120444,6.24692885357872,0.792266089285662,3.977944405228618,0.6964308454251399,0.6946582864877101,0.04833288971419442,0.6641544892960224,0.6925961281052706,5.800000000000001,8.374288802143628,1.0,synthetic,SPEC_V1,2026-10-07
OOD00019,1,23,ood,0.5110012754930421,0.17104612634406172,0.3179525981628962,7.04692885357872,24.42915908131817,31.409535092489005,6.2,3.185064167090626,22.57477301229165,1.1353167017776995,30.550454185719186,85.90127923371288,207.64785219120444,6.24692885357872,0.792266089285662,3.977944405228618,0.6964308454251399,0.6946582864877101,0.04833288971419442,0.6641544892960224,0.7113446555193986,5.5,7.731835696416521,1.0,synthetic,SPEC_V1,2026-10-07
OOD00019,2,23,ood,0.5110012754930421,0.17104612634406172,0.3179525981628962,7.04692885357872,24.42915908131817,31.409535092489005,6.2,3.185064167090626,22.57477301229165,1.1353167017776995,30.550454185719186,85.90127923371288,207.64785219120444,6.24692885357872,0.792266089285662,3.977944405228618,0.6964308454251399,0.6946582864877101,0.04833288971419442,0.6641544892960224,0.718724507728761,5.4,7.513309956640443,1.0,synthetic,SPEC_V1,2026-10-07
OOD00019,3,23,ood,0.5110012754930421,0.17104612634406172,0.3179525981628962,7.04692885357872,24.42915908131817,31.409535092489005,6.2,3.185064167090626,22.57477301229165,1.1353167017776995,30.550454185719186,85.90127923371288,207.64785219120444,6.24692885357872,0.792266089285662,3.977944405228618,0.6964308454251399,0.6946582864877101,0.04833288971419442,0.6641544892960224,0.701330266823991,5.0,7.129308738724123,1.0,synthetic,SPEC_V1,2026-10-07
OOD00019,4,23,ood,0.5110012754930421,0.17104612634406172,0.3179525981628962,7.04692885357872,24.42915908131817,31.409535092489005,6.2,3.185064167090626,22.57477301229165,1.1353167017776995,30.550454185719186,85.90127923371288,207.64785219120444,6.24692885357872,0.792266089285662,3.977944405228618,0.6964308454251399,0.6946582864877101,0.04833288971419442,0.6641544892960224,0.7158706662888992,6.0,8.381402231640848,1.0,synthetic,SPEC_V1,2026-10-07
OOD00019,5,23,ood,0.5110012754930421,0.17104612634406172,0.3179525981628962,7.04692885357872,24.42915908131817,31.409535092489005,6.2,3.185064167090626,22.57477301229165,1.1353167017776995,30.550454185719186,85.90127923371288,207.64785219120444,6.24692885357872,0.792266089285662,3.977944405228618,0.6964308454251399,0.6946582864877101,0.04833288971419442,0.6641544892960224,0.706388655162256,5.300000000000001,7.502951755054166,1.0,synthetic,SPEC_V1,2026-10-07
OOD00019,6,23,ood,0.5110012754930421,0.17104612634406172,0.3179525981628962,7.04692885357872,24.42915908131817,31.409535092489005,6.2,3.185064167090626,22.57477301229165,1.1353167017776995,30.550454185719186,85.90127923371288,207.64785219120444,6.24692885357872,0.792266089285662,3.977944405228618,0.6964308454251399,0.6946582864877101,0.04833288971419442,0.6641544892960224,0.6941163498879886,5.5,7.923743621494507,1.0,synthetic,SPEC_V1,2026-10-07
OOD00019,7,23,ood,0.5110012754930421,0.17104612634406172,0.3179525981628962,7.04692885357872,24.42915908131817,31.409535092489005,6.2,3.185064167090626,22.57477301229165,1.1353167017776995,30.550454185719186,85.90127923371288,207.64785219120444,6.24692885357872,0.792266089285662,3.977944405228618,0.6964308454251399,0.6946582864877101,0.04833288971419442,0.6641544892960224,0.7260928434072647,5.800000000000001,7.987959188225723,1.0,synthetic,SPEC_V1,2026-10-07
OOD00020,0,23,ood,0.598692417958171,0.09037611197151552,0.3109314700703135,7.003071993034838,23.62000553003613,48.45632024534705,6.4,2.7591084422021677,24.735706463909434,1.8787321298741535,33.243047889969745,65.95166092206756,200.77004700530713,6.43721236253894,0.7491087103373532,2.032219419851944,0.7195812541155869,0.8970863583654165,0.04279840311351353,0.6530757201513282,0.7141099001430181,28.900000000000002,40.46996126816344,0.7073245381198725,synthetic,SPEC_V1,2026-10-07
OOD00020,1,23,ood,0.598692417958171,0.09037611197151552,0.3109314700703135,7.003071993034838,23.62000553003613,48.45632024534705,6.4,2.7591084422021677,24.735706463909434,1.8787321298741535,33.243047889969745,65.95166092206756,200.77004700530713,6.43721236253894,0.7491087103373532,2.032219419851944,0.7195812541155869,0.8970863583654165,0.04279840311351353,0.6530757201513282,0.6961018681919199,29.5,42.37885480270921,0.7073245381198725,synthetic,SPEC_V1,2026-10-07
OOD00020,2,23,ood,0.598692417958171,0.09037611197151552,0.3109314700703135,7.003071993034838,23.62000553003613,48.45632024534705,6.4,2.7591084422021677,24.735706463909434,1.8787321298741535,33.243047889969745,65.95166092206756,200.77004700530713,6.43721236253894,0.7491087103373532,2.032219419851944,0.7195812541155869,0.8970863583654165,0.04279840311351353,0.6530757201513282,0.7057188890665907,30.700000000000003,43.501740530999434,0.7073245381198725,synthetic,SPEC_V1,2026-10-07
OOD00020,3,23,ood,0.598692417958171,0.09037611197151552,0.3109314700703135,7.003071993034838,23.62000553003613,48.45632024534705,6.4,2.7591084422021677,24.735706463909434,1.8787321298741535,33.243047889969745,65.95166092206756,200.77004700530713,6.43721236253894,0.7491087103373532,2.032219419851944,0.7195812541155869,0.8970863583654165,0.04279840311351353,0.6530757201513282,0.6904070328755973,29.400000000000002,42.58357548524207,0.7073245381198725,synthetic,SPEC_V1,2026-10-07
OOD00020,4,23,ood,0.598692417958171,0.09037611197151552,0.3109314700703135,7.003071993034838,23.62000553003613,48.45632024534705,6.4,2.7591084422021677,24.735706463909434,1.8787321298741535,33.243047889969745,65.95166092206756,200.77004700530713,6.43721236253894,0.7491087103373532,2.032219419851944,0.7195812541155869,0.8970863583654165,0.04279840311351353,0.6530757201513282,0.6996288068005283,27.400000000000002,39.163624673064724,0.7073245381198725,synthetic,SPEC_V1,2026-10-07
OOD00020,5,23,ood,0.598692417958171,0.09037611197151552,0.3109314700703135,7.003071993034838,23.62000553003613,48.45632024534705,6.4,2.7591084422021677,24.735706463909434,1.8787321298741535,33.243047889969745,65.95166092206756,200.77004700530713,6.43721236253894,0.7491087103373532,2.032219419851944,0.7195812541155869,0.8970863583654165,0.04279840311351353,0.6530757201513282,0.6951069993131538,29.6,42.583372098465745,0.7073245381198725,synthetic,SPEC_V1,2026-10-07
OOD00020,6,23,ood,0.598692417958171,0.09037611197151552,0.3109314700703135,7.003071993034838,23.62000553003613,48.45632024534705,6.4,2.7591084422021677,24.735706463909434,1.8787321298741535,33.243047889969745,65.95166092206756,200.77004700530713,6.43721236253894,0.7491087103373532,2.032219419851944,0.7195812541155869,0.8970863583654165,0.04279840311351353,0.6530757201513282,0.7143513243820853,32.5,45.4958210207177,0.7073245381198725,synthetic,SPEC_V1,2026-10-07
OOD00020,7,23,ood,0.598692417958171,0.09037611197151552,0.3109314700703135,7.003071993034838,23.62000553003613,48.45632024534705,6.4,2.7591084422021677,24.735706463909434,1.8787321298741535,33.243047889969745,65.95166092206756,200.77004700530713,6.43721236253894,0.7491087103373532,2.032219419851944,0.7195812541155869,0.8970863583654165,0.04279840311351353,0.6530757201513282,0.7087134847788871,29.3,41.34251799814613,0.7073245381198725,synthetic,SPEC_V1,2026-10-07
OOD00021,0,23,ood,0.4853923541385804,0.16740473783397303,0.3472029080274466,6.934316169942166,26.47988223367056,30.737208150211494,6.5,2.084340824645523,22.090286538876963,2.0200759915978055,34.55695378866785,86.82001048926497,225.07899898619976,6.540267726467259,0.9377769958069831,4.220080571528399,0.6208433423019397,0.6690320663315735,0.07875086018081393,0.8244144809234739,0.7397024338180409,48.5,65.56690607284185,0.49256055434363377,synthetic,SPEC_V1,2026-10-07
OOD00021,1,23,ood,0.4853923541385804,0.16740473783397303,0.3472029080274466,6.934316169942166,26.47988223367056,30.737208150211494,6.5,2.084340824645523,22.090286538876963,2.0200759915978055,34.55695378866785,86.82001048926497,225.07899898619976,6.540267726467259,0.9377769958069831,4.220080571528399,0.6208433423019397,0.6690320663315735,0.07875086018081393,0.8244144809234739,0.7340809789530772,53.2,72.47156856709752,0.49256055434363377,synthetic,SPEC_V1,2026-10-07
OOD00021,2,23,ood,0.4853923541385804,0.16740473783397303,0.3472029080274466,6.934316169942166,26.47988223367056,30.737208150211494,6.5,2.084340824645523,22.090286538876963,2.0200759915978055,34.55695378866785,86.82001048926497,225.07899898619976,6.540267726467259,0.9377769958069831,4.220080571528399,0.6208433423019397,0.6690320663315735,0.07875086018081393,0.8244144809234739,0.7208127816265442,53.7,74.4992338771015,0.49256055434363377,synthetic,SPEC_V1,2026-10-07
OOD00021,3,23,ood,0.4853923541385804,0.16740473783397303,0.3472029080274466,6.934316169942166,26.47988223367056,30.737208150211494,6.5,2.084340824645523,22.090286538876963,2.0200759915978055,34.55695378866785,86.82001048926497,225.07899898619976,6.540267726467259,0.9377769958069831,4.220080571528399,0.6208433423019397,0.6690320663315735,0.07875086018081393,0.8244144809234739,0.7356741082499292,53.1,72.17869897082261,0.49256055434363377,synthetic,SPEC_V1,2026-10-07
OOD00021,4,23,ood,0.4853923541385804,0.16740473783397303,0.3472029080274466,6.934316169942166,26.47988223367056,30.737208150211494,6.5,2.084340824645523,22.090286538876963,2.0200759915978055,34.55695378866785,86.82001048926497,225.07899898619976,6.540267726467259,0.9377769958069831,4.220080571528399,0.6208433423019397,0.6690320663315735,0.07875086018081393,0.8244144809234739,0.7214339017016953,54.5,75.54399629882535,0.49256055434363377,synthetic,SPEC_V1,2026-10-07
OOD00021,5,23,ood,0.4853923541385804,0.16740473783397303,0.3472029080274466,6.934316169942166,26.47988223367056,30.737208150211494,6.5,2.084340824645523,22.090286538876963,2.0200759915978055,34.55695378866785,86.82001048926497,225.07899898619976,6.540267726467259,0.9377769958069831,4.220080571528399,0.6208433423019397,0.6690320663315735,0.07875086018081393,0.8244144809234739,0.7245646115207097,50.6,69.83504189336708,0.49256055434363377,synthetic,SPEC_V1,2026-10-07
OOD00021,6,23,ood,0.4853923541385804,0.16740473783397303,0.3472029080274466,6.934316169942166,26.47988223367056,30.737208150211494,6.5,2.084340824645523,22.090286538876963,2.0200759915978055,34.55695378866785,86.82001048926497,225.07899898619976,6.540267726467259,0.9377769958069831,4.220080571528399,0.6208433423019397,0.6690320663315735,0.07875086018081393,0.8244144809234739,0.7110018968673391,58.900000000000006,82.84084790703413,0.49256055434363377,synthetic,SPEC_V1,2026-10-07
OOD00021,7,23,ood,0.4853923541385804,0.16740473783397303,0.3472029080274466,6.934316169942166,26.47988223367056,30.737208150211494,6.5,2.084340824645523,22.090286538876963,2.0200759915978055,34.55695378866785,86.82001048926497,225.07899898619976,6.540267726467259,0.9377769958069831,4.220080571528399,0.6208433423019397,0.6690320663315735,0.07875086018081393,0.8244144809234739,0.7246189770969046,53.6,73.96990928217434,0.49256055434363377,synthetic,SPEC_V1,2026-10-07
OOD00022,0,23,ood,0.5979510590797408,0.05729387984251743,0.3447550610777418,6.862532571528476,25.193633156353727,42.00571899167536,6.5,2.448857083295105,25.3689443232271,1.0813950095200142,28.266384429193625,26.378054172110268,214.14588182900667,6.458094627499149,0.8859345188340729,1.374155823295477,0.6472259260460085,0.9501612894734325,0.06331513480571467,0.7993590185000682,0.7205850518274504,77.10000000000001,106.99639106371887,0.5055474300366596,synthetic,SPEC_V1,2026-10-07
OOD00022,1,23,ood,0.5979510590797408,0.05729387984251743,0.3447550610777418,6.862532571528476,25.193633156353727,42.00571899167536,6.5,2.448857083295105,25.3689443232271,1.0813950095200142,28.266384429193625,26.378054172110268,214.14588182900667,6.458094627499149,0.8859345188340729,1.374155823295477,0.6472259260460085,0.9501612894734325,0.06331513480571467,0.7993590185000682,0.7182416904367956,81.4,113.33232404052868,0.5055474300366596,synthetic,SPEC_V1,2026-10-07
OOD00022,2,23,ood,0.5979510590797408,0.05729387984251743,0.3447550610777418,6.862532571528476,25.193633156353727,42.00571899167536,6.5,2.448857083295105,25.3689443232271,1.0813950095200142,28.266384429193625,26.378054172110268,214.14588182900667,6.458094627499149,0.8859345188340729,1.374155823295477,0.6472259260460085,0.9501612894734325,0.06331513480571467,0.7993590185000682,0.7339849690320321,78.10000000000001,106.40544874235921,0.5055474300366596,synthetic,SPEC_V1,2026-10-07
OOD00022,3,23,ood,0.5979510590797408,0.05729387984251743,0.3447550610777418,6.862532571528476,25.193633156353727,42.00571899167536,6.5,2.448857083295105,25.3689443232271,1.0813950095200142,28.266384429193625,26.378054172110268,214.14588182900667,6.458094627499149,0.8859345188340729,1.374155823295477,0.6472259260460085,0.9501612894734325,0.06331513480571467,0.7993590185000682,0.7394457781989138,79.2,107.10724482450814,0.5055474300366596,synthetic,SPEC_V1,2026-10-07
OOD00022,4,23,ood,0.5979510590797408,0.05729387984251743,0.3447550610777418,6.862532571528476,25.193633156353727,42.00571899167536,6.5,2.448857083295105,25.3689443232271,1.0813950095200142,28.266384429193625,26.378054172110268,214.14588182900667,6.458094627499149,0.8859345188340729,1.374155823295477,0.6472259260460085,0.9501612894734325,0.06331513480571467,0.7993590185000682,0.7256654754073137,73.7,101.56194899396644,0.5055474300366596,synthetic,SPEC_V1,2026-10-07
OOD00022,5,23,ood,0.5979510590797408,0.05729387984251743,0.3447550610777418,6.862532571528476,25.193633156353727,42.00571899167536,6.5,2.448857083295105,25.3689443232271,1.0813950095200142,28.266384429193625,26.378054172110268,214.14588182900667,6.458094627499149,0.8859345188340729,1.374155823295477,0.6472259260460085,0.9501612894734325,0.06331513480571467,0.7993590185000682,0.7124791304070337,80.2,112.5647006027845,0.5055474300366596,synthetic,SPEC_V1,2026-10-07
OOD00022,6,23,ood,0.5979510590797408,0.05729387984251743,0.3447550610777418,6.862532571528476,25.193633156353727,42.00571899167536,6.5,2.448857083295105,25.3689443232271,1.0813950095200142,28.266384429193625,26.378054172110268,214.14588182900667,6.458094627499149,0.8859345188340729,1.374155823295477,0.6472259260460085,0.9501612894734325,0.06331513480571467,0.7993590185000682,0.7124808140434595,77.80000000000001,109.1959228466388,0.5055474300366596,synthetic,SPEC_V1,2026-10-07
OOD00022,7,23,ood,0.5979510590797408,0.05729387984251743,0.3447550610777418,6.862532571528476,25.193633156353727,42.00571899167536,6.5,2.448857083295105,25.3689443232271,1.0813950095200142,28.266384429193625,26.378054172110268,214.14588182900667,6.458094627499149,0.8859345188340729,1.374155823295477,0.6472259260460085,0.9501612894734325,0.06331513480571467,0.7993590185000682,0.7404790835983944,80.30000000000001,108.44330620357056,0.5055474300366596,synthetic,SPEC_V1,2026-10-07
OOD00023,0,23,ood,0.45333364198350684,0.1777789418526196,0.36888741616387355,7.0329342729232724,24.89420628673052,44.3884618097862,6.2,3.424557136636551,30.956927871255644,2.8848836659005936,25.682127171440772,2.9996216817231893,211.60075343720942,6.232934272923273,0.9366822623253728,4.213233700623825,0.6213930987957894,0.6697507670466806,0.021586091493080432,0.47669077894806866,0.7379686251230934,2.5,3.3876778969878285,1.0,synthetic,SPEC_V1,2026-10-07
OOD00023,1,23,ood,0.45333364198350684,0.1777789418526196,0.36888741616387355,7.0329342729232724,24.89420628673052,44.3884618097862,6.2,3.424557136636551,30.956927871255644,2.8848836659005936,25.682127171440772,2.9996216817231893,211.60075343720942,6.232934272923273,0.9366822623253728,4.213233700623825,0.6213930987957894,0.6697507670466806,0.021586091493080432,0.47669077894806866,0.719876387775531,2.6,3.611731186286279,1.0,synthetic,SPEC_V1,2026-10-07
OOD00023,2,23,ood,0.45333364198350684,0.1777789418526196,0.36888741616387355,7.0329342729232724,24.89420628673052,44.3884618097862,6.2,3.424557136636551,30.956927871255644,2.8848836659005936,25.682127171440772,2.9996216817231893,211.60075343720942,6.232934272923273,0.9366822623253728,4.213233700623825,0.6213930987957894,0.6697507670466806,0.021586091493080432,0.47669077894806866,0.7300291258774502,2.5,3.4245209011286413,1.0,synthetic,SPEC_V1,2026-10-07
OOD00023,3,23,ood,0.45333364198350684,0.1777789418526196,0.36888741616387355,7.0329342729232724,24.89420628673052,44.3884618097862,6.2,3.424557136636551,30.956927871255644,2.8848836659005936,25.682127171440772,2.9996216817231893,211.60075343720942,6.232934272923273,0.9366822623253728,4.213233700623825,0.6213930987957894,0.6697507670466806,0.021586091493080432,0.47669077894806866,0.7384147992182921,2.6,3.521056190575321,1.0,synthetic,SPEC_V1,2026-10-07
OOD00023,4,23,ood,0.45333364198350684,0.1777789418526196,0.36888741616387355,7.0329342729232724,24.89420628673052,44.3884618097862,6.2,3.424557136636551,30.956927871255644,2.8848836659005936,25.682127171440772,2.9996216817231893,211.60075343720942,6.232934272923273,0.9366822623253728,4.213233700623825,0.6213930987957894,0.6697507670466806,0.021586091493080432,0.47669077894806866,0.7281871351772686,2.6,3.570510758016977,1.0,synthetic,SPEC_V1,2026-10-07
OOD00023,5,23,ood,0.45333364198350684,0.1777789418526196,0.36888741616387355,7.0329342729232724,24.89420628673052,44.3884618097862,6.2,3.424557136636551,30.956927871255644,2.8848836659005936,25.682127171440772,2.9996216817231893,211.60075343720942,6.232934272923273,0.9366822623253728,4.213233700623825,0.6213930987957894,0.6697507670466806,0.021586091493080432,0.47669077894806866,0.75,2.7,3.6,1.0,synthetic,SPEC_V1,2026-10-07
OOD00023,6,23,ood,0.45333364198350684,0.1777789418526196,0.36888741616387355,7.0329342729232724,24.89420628673052,44.3884618097862,6.2,3.424557136636551,30.956927871255644,2.8848836659005936,25.682127171440772,2.9996216817231893,211.60075343720942,6.232934272923273,0.9366822623253728,4.213233700623825,0.6213930987957894,0.6697507670466806,0.021586091493080432,0.47669077894806866,0.7396797487217133,2.6,3.5150347221121336,1.0,synthetic,SPEC_V1,2026-10-07
OOD00023,7,23,ood,0.45333364198350684,0.1777789418526196,0.36888741616387355,7.0329342729232724,24.89420628673052,44.3884618097862,6.2,3.424557136636551,30.956927871255644,2.8848836659005936,25.682127171440772,2.9996216817231893,211.60075343720942,6.232934272923273,0.9366822623253728,4.213233700623825,0.6213930987957894,0.6697507670466806,0.021586091493080432,0.47669077894806866,0.75,2.6,3.466666666666667,1.0,synthetic,SPEC_V1,2026-10-07
OOD00024,0,23,ood,0.5244989440490341,0.15978297829883667,0.3157180776521292,7.41657732631198,23.511144852278175,45.45970392120174,6.9,2.3206291522202607,33.54419808788918,1.1077117119681759,32.771820828772306,29.841668926195137,199.8447312443645,6.948884256681195,0.757135132528526,3.5763600718221755,0.7152601111095769,0.7378508043920642,0.043003156001948525,0.724755278330314,0.7095787742706493,93.9,132.33203050149925,0.584616337038482,synthetic,SPEC_V1,2026-10-07
OOD00024,1,23,ood,0.5244989440490341,0.15978297829883667,0.3157180776521292,7.41657732631198,23.511144852278175,45.45970392120174,6.9,2.3206291522202607,33.54419808788918,1.1077117119681759,32.771820828772306,29.841668926195137,199.8447312443645,6.948884256681195,0.757135132528526,3.5763600718221755,0.7152601111095769,0.7378508043920642,0.043003156001948525,0.724755278330314,0.7029006332317302,80.60000000000001,114.66770150629247,0.584616337038482,synthetic,SPEC_V1,2026-10-07
OOD00024,2,23,ood,0.5244989440490341,0.15978297829883667,0.3157180776521292,7.41657732631198,23.511144852278175,45.45970392120174,6.9,2.3206291522202607,33.54419808788918,1.1077117119681759,32.771820828772306,29.841668926195137,199.8447312443645,6.948884256681195,0.757135132528526,3.5763600718221755,0.7152601111095769,0.7378508043920642,0.043003156001948525,0.724755278330314,0.6878027364785391,81.10000000000001,117.91171465124071,0.584616337038482,synthetic,SPEC_V1,2026-10-07
OOD00024,3,23,ood,0.5244989440490341,0.15978297829883667,0.3157180776521292,7.41657732631198,23.511144852278175,45.45970392120174,6.9,2.3206291522202607,33.54419808788918,1.1077117119681759,32.771820828772306,29.841668926195137,199.8447312443645,6.948884256681195,0.757135132528526,3.5763600718221755,0.7152601111095769,0.7378508043920642,0.043003156001948525,0.724755278330314,0.7162292693997513,91.10000000000001,127.19390828072132,0.584616337038482,synthetic,SPEC_V1,2026-10-07
OOD00024,4,23,ood,0.5244989440490341,0.15978297829883667,0.3157180776521292,7.41657732631198,23.511144852278175,45.45970392120174,6.9,2.3206291522202607,33.54419808788918,1.1077117119681759,32.771820828772306,29.841668926195137,199.8447312443645,6.948884256681195,0.757135132528526,3.5763600718221755,0.7152601111095769,0.7378508043920642,0.043003156001948525,0.724755278330314,0.7114546389628298,86.2,121.16021918932705,0.584616337038482,synthetic,SPEC_V1,2026-10-07
OOD00024,5,23,ood,0.5244989440490341,0.15978297829883667,0.3157180776521292,7.41657732631198,23.511144852278175,45.45970392120174,6.9,2.3206291522202607,33.54419808788918,1.1077117119681759,32.771820828772306,29.841668926195137,199.8447312443645,6.948884256681195,0.757135132528526,3.5763600718221755,0.7152601111095769,0.7378508043920642,0.043003156001948525,0.724755278330314,0.711452954564576,82.5,115.9598810725183,0.584616337038482,synthetic,SPEC_V1,2026-10-07
OOD00024,6,23,ood,0.5244989440490341,0.15978297829883667,0.3157180776521292,7.41657732631198,23.511144852278175,45.45970392120174,6.9,2.3206291522202607,33.54419808788918,1.1077117119681759,32.771820828772306,29.841668926195137,199.8447312443645,6.948884256681195,0.757135132528526,3.5763600718221755,0.7152601111095769,0.7378508043920642,0.043003156001948525,0.724755278330314,0.697333319243309,88.2,126.48183811969243,0.584616337038482,synthetic,SPEC_V1,2026-10-07
OOD00024,7,23,ood,0.5244989440490341,0.15978297829883667,0.3157180776521292,7.41657732631198,23.511144852278175,45.45970392120174,6.9,2.3206291522202607,33.54419808788918,1.1077117119681759,32.771820828772306,29.841668926195137,199.8447312443645,6.948884256681195,0.757135132528526,3.5763600718221755,0.7152601111095769,0.7378508043920642,0.043003156001948525,0.724755278330314,0.7040317605858919,87.7,124.56824380624033,0.584616337038482,synthetic,SPEC_V1,2026-10-07
OOD00025,0,23,ood,0.4306839565105055,0.19467827114988756,0.37463777233960693,7.095676772189403,26.761470127276297,43.55085434392193,6.300000000000001,3.8103842763777696,21.118600691161575,2.4114256805597103,26.096064158773263,39.92215435155375,227.47249608184853,6.295676772189403,1.0226374704076044,4.9598026543927505,0.5792933065738946,0.5940629117889342,0.019010207904990833,0.33066392437750847,0.7468890093997765,0.8,1.0711096159292868,1.0,synthetic,SPEC_V1,2026-10-07
OOD00025,1,23,ood,0.4306839565105055,0.19467827114988756,0.37463777233960693,7.095676772189403,26.761470127276297,43.55085434392193,6.300000000000001,3.8103842763777696,21.118600691161575,2.4114256805597103,26.096064158773263,39.92215435155375,227.47249608184853,6.295676772189403,1.0226374704076044,4.9598026543927505,0.5792933065738946,0.5940629117889342,0.019010207904990833,0.33066392437750847,0.7418804135080526,0.9,1.2131335234263214,1.0,synthetic,SPEC_V1,2026-10-07
OOD00025,2,23,ood,0.4306839565105055,0.19467827114988756,0.37463777233960693,7.095676772189403,26.761470127276297,43.55085434392193,6.300000000000001,3.8103842763777696,21.118600691161575,2.4114256805597103,26.096064158773263,39.92215435155375,227.47249608184853,6.295676772189403,1.0226374704076044,4.9598026543927505,0.5792933065738946,0.5940629117889342,0.019010207904990833,0.33066392437750847,0.75,0.9,1.2,1.0,synthetic,SPEC_V1,2026-10-07
OOD00025,3,23,ood,0.4306839565105055,0.19467827114988756,0.37463777233960693,7.095676772189403,26.761470127276297,43.55085434392193,6.300000000000001,3.8103842763777696,21.118600691161575,2.4114256805597103,26.096064158773263,39.92215435155375,227.47249608184853,6.295676772189403,1.0226374704076044,4.9598026543927505,0.5792933065738946,0.5940629117889342,0.019010207904990833,0.33066392437750847,0.7359067455268817,0.8,1.0870942614165466,1.0,synthetic,SPEC_V1,2026-10-07
OOD00025,4,23,ood,0.4306839565105055,0.19467827114988756,0.37463777233960693,7.095676772189403,26.761470127276297,43.55085434392193,6.300000000000001,3.8103842763777696,21.118600691161575,2.4114256805597103,26.096064158773263,39.92215435155375,227.47249608184853,6.295676772189403,1.0226374704076044,4.9598026543927505,0.5792933065738946,0.5940629117889342,0.019010207904990833,0.33066392437750847,0.75,0.9,1.2,1.0,synthetic,SPEC_V1,2026-10-07
OOD00025,5,23,ood,0.4306839565105055,0.19467827114988756,0.37463777233960693,7.095676772189403,26.761470127276297,43.55085434392193,6.300000000000001,3.8103842763777696,21.118600691161575,2.4114256805597103,26.096064158773263,39.92215435155375,227.47249608184853,6.295676772189403,1.0226374704076044,4.9598026543927505,0.5792933065738946,0.5940629117889342,0.019010207904990833,0.33066392437750847,0.73802757714474,0.9,1.2194666268188707,1.0,synthetic,SPEC_V1,2026-10-07
OOD00025,6,23,ood,0.4306839565105055,0.19467827114988756,0.37463777233960693,7.095676772189403,26.761470127276297,43.55085434392193,6.300000000000001,3.8103842763777696,21.118600691161575,2.4114256805597103,26.096064158773263,39.92215435155375,227.47249608184853,6.295676772189403,1.0226374704076044,4.9598026543927505,0.5792933065738946,0.5940629117889342,0.019010207904990833,0.33066392437750847,0.7472539270673927,0.9,1.2044098630997648,1.0,synthetic,SPEC_V1,2026-10-07
OOD00025,7,23,ood,0.4306839565105055,0.19467827114988756,0.37463777233960693,7.095676772189403,26.761470127276297,43.55085434392193,6.300000000000001,3.8103842763777696,21.118600691161575,2.4114256805597103,26.096064158773263,39.92215435155375,227.47249608184853,6.295676772189403,1.0226374704076044,4.9598026543927505,0.5792933065738946,0.5940629117889342,0.019010207904990833,0.33066392437750847,0.7436924023650312,1.0,1.344641947154334,1.0,synthetic,SPEC_V1,2026-10-07
OOD00026,0,23,ood,0.5341898600251829,0.10468855991517073,0.3611215800596463,6.599139146337388,25.525870286831235,41.16713295849038,5.800000000000001,3.1554123603363475,22.83138477377382,2.811229335532749,29.975963292645076,9.382495943522928,216.9698974380655,5.799139146337388,0.9402301462585634,2.5439978040661373,0.6196126167640039,0.8476187539547345,0.008859874741439558,0.18313644814973729,0.75,0.2,0.26666666666666666,1.0,synthetic,SPEC_V1,2026-10-07
OOD00026,1,23,ood,0.5341898600251829,0.10468855991517073,0.3611215800596463,6.599139146337388,25.525870286831235,41.16713295849038,5.800000000000001,3.1554123603363475,22.83138477377382,2.811229335532749,29.975963292645076,9.382495943522928,216.9698974380655,5.799139146337388,0.9402301462585634,2.5439978040661373,0.6196126167640039,0.8476187539547345,0.008859874741439558,0.18313644814973729,0.7263616844806344,0.2,0.2753449201316348,1.0,synthetic,SPEC_V1,2026-10-07
OOD00026,2,23,ood,0.5341898600251829,0.10468855991517073,0.3611215800596463,6.599139146337388,25.525870286831235,41.16713295849038,5.800000000000001,3.1554123603363475,22.83138477377382,2.811229335532749,29.975963292645076,9.382495943522928,216.9698974380655,5.799139146337388,0.9402301462585634,2.5439978040661373,0.6196126167640039,0.8476187539547345,0.008859874741439558,0.18313644814973729,0.731630612552604,0.2,0.2733619897371641,1.0,synthetic,SPEC_V1,2026-10-07
OOD00026,3,23,ood,0.5341898600251829,0.10468855991517073,0.3611215800596463,6.599139146337388,25.525870286831235,41.16713295849038,5.800000000000001,3.1554123603363475,22.83138477377382,2.811229335532749,29.975963292645076,9.382495943522928,216.9698974380655,5.799139146337388,0.9402301462585634,2.5439978040661373,0.6196126167640039,0.8476187539547345,0.008859874741439558,0.18313644814973729,0.7492870519571989,0.2,0.26692040050282956,1.0,synthetic,SPEC_V1,2026-10-07
OOD00026,4,23,ood,0.5341898600251829,0.10468855991517073,0.3611215800596463,6.599139146337388,25.525870286831235,41.16713295849038,5.800000000000001,3.1554123603363475,22.83138477377382,2.811229335532749,29.975963292645076,9.382495943522928,216.9698974380655,5.799139146337388,0.9402301462585634,2.5439978040661373,0.6196126167640039,0.8476187539547345,0.008859874741439558,0.18313644814973729,0.7244507117283411,0.2,0.27607123129585276,1.0,synthetic,SPEC_V1,2026-10-07
OOD00026,5,23,ood,0.5341898600251829,0.10468855991517073,0.3611215800596463,6.599139146337388,25.525870286831235,41.16713295849038,5.800000000000001,3.1554123603363475,22.83138477377382,2.811229335532749,29.975963292645076,9.382495943522928,216.9698974380655,5.799139146337388,0.9402301462585634,2.5439978040661373,0.6196126167640039,0.8476187539547345,0.008859874741439558,0.18313644814973729,0.7397709048904654,0.2,0.2703539686108811,1.0,synthetic,SPEC_V1,2026-10-07
OOD00026,6,23,ood,0.5341898600251829,0.10468855991517073,0.3611215800596463,6.599139146337388,25.525870286831235,41.16713295849038,5.800000000000001,3.1554123603363475,22.83138477377382,2.811229335532749,29.975963292645076,9.382495943522928,216.9698974380655,5.799139146337388,0.9402301462585634,2.5439978040661373,0.6196126167640039,0.8476187539547345,0.008859874741439558,0.18313644814973729,0.7242702089235269,0.2,0.27614003383800273,1.0,synthetic,SPEC_V1,2026-10-07
OOD00026,7,23,ood,0.5341898600251829,0.10468855991517073,0.3611215800596463,6.599139146337388,25.525870286831235,41.16713295849038,5.800000000000001,3.1554123603363475,22.83138477377382,2.811229335532749,29.975963292645076,9.382495943522928,216.9698974380655,5.799139146337388,0.9402301462585634,2.5439978040661373,0.6196126167640039,0.8476187539547345,0.008859874741439558,0.18313644814973729,0.7244351080378167,0.2,0.27607717762563166,1.0,synthetic,SPEC_V1,2026-10-07
OOD00027,0,23,ood,0.47195681462207706,0.1765204832316637,0.3515227021462592,6.6755220679156695,23.396876540748966,43.178546361269774,5.9,3.470371639012489,33.96263184661791,1.9643759779153376,34.69933016002013,19.21755686034296,198.8734505963662,5.87552206791567,0.8389023928654227,3.931786611336523,0.671717852829323,0.6995868129522644,0.009203731588409843,0.24127201181023916,0.7283274781018497,0.5,0.6865043747945477,1.0,synthetic,SPEC_V1,2026-10-07
OOD00027,1,23,ood,0.47195681462207706,0.1765204832316637,0.3515227021462592,6.6755220679156695,23.396876540748966,43.178546361269774,5.9,3.470371639012489,33.96263184661791,1.9643759779153376,34.69933016002013,19.21755686034296,198.8734505963662,5.87552206791567,0.8389023928654227,3.931786611336523,0.671717852829323,0.6995868129522644,0.009203731588409843,0.24127201181023916,0.7165173248652178,0.4,0.5582558664233875,1.0,synthetic,SPEC_V1,2026-10-07
OOD00027,2,23,ood,0.47195681462207706,0.1765204832316637,0.3515227021462592,6.6755220679156695,23.396876540748966,43.178546361269774,5.9,3.470371639012489,33.96263184661791,1.9643759779153376,34.69933016002013,19.21755686034296,198.8734505963662,5.87552206791567,0.8389023928654227,3.931786611336523,0.671717852829323,0.6995868129522644,0.009203731588409843,0.24127201181023916,0.7264301704386363,0.4,0.5506379226491518,1.0,synthetic,SPEC_V1,2026-10-07
OOD00027,3,23,ood,0.47195681462207706,0.1765204832316637,0.3515227021462592,6.6755220679156695,23.396876540748966,43.178546361269774,5.9,3.470371639012489,33.96263184661791,1.9643759779153376,34.69933016002013,19.21755686034296,198.8734505963662,5.87552206791567,0.8389023928654227,3.931786611336523,0.671717852829323,0.6995868129522644,0.009203731588409843,0.24127201181023916,0.735322978722029,0.4,0.5439786482603726,1.0,synthetic,SPEC_V1,2026-10-07
OOD00027,4,23,ood,0.47195681462207706,0.1765204832316637,0.3515227021462592,6.6755220679156695,23.396876540748966,43.178546361269774,5.9,3.470371639012489,33.96263184661791,1.9643759779153376,34.69933016002013,19.21755686034296,198.8734505963662,5.87552206791567,0.8389023928654227,3.931786611336523,0.671717852829323,0.6995868129522644,0.009203731588409843,0.24127201181023916,0.7461737595335514,0.4,0.5360681676209684,1.0,synthetic,SPEC_V1,2026-10-07
OOD00027,5,23,ood,0.47195681462207706,0.1765204832316637,0.3515227021462592,6.6755220679156695,23.396876540748966,43.178546361269774,5.9,3.470371639012489,33.96263184661791,1.9643759779153376,34.69933016002013,19.21755686034296,198.8734505963662,5.87552206791567,0.8389023928654227,3.931786611336523,0.671717852829323,0.6995868129522644,0.009203731588409843,0.24127201181023916,0.7317047023295189,0.4,0.5466686201776825,1.0,synthetic,SPEC_V1,2026-10-07
OOD00027,6,23,ood,0.47195681462207706,0.1765204832316637,0.3515227021462592,6.6755220679156695,23.396876540748966,43.178546361269774,5.9,3.470371639012489,33.96263184661791,1.9643759779153376,34.69933016002013,19.21755686034296,198.8734505963662,5.87552206791567,0.8389023928654227,3.931786611336523,0.671717852829323,0.6995868129522644,0.009203731588409843,0.24127201181023916,0.75,0.5,0.6666666666666666,1.0,synthetic,SPEC_V1,2026-10-07
OOD00027,7,23,ood,0.47195681462207706,0.1765204832316637,0.3515227021462592,6.6755220679156695,23.396876540748966,43.178546361269774,5.9,3.470371639012489,33.96263184661791,1.9643759779153376,34.69933016002013,19.21755686034296,198.8734505963662,5.87552206791567,0.8389023928654227,3.931786611336523,0.671717852829323,0.6995868129522644,0.009203731588409843,0.24127201181023916,0.7219332260115136,0.5,0.6925848291570749,1.0,synthetic,SPEC_V1,2026-10-07
OOD00028,0,23,ood,0.5119628756334451,0.15374663783028836,0.3342904865362666,7.213494316486103,22.959491425135983,41.26868211811569,6.4,3.552088366380503,24.466919861381534,1.4246185606108233,31.738619572698504,50.186208249906755,195.15567711365586,6.413494316486103,0.7828642350316627,3.360507271488409,0.70145479418076,0.7612118718718102,0.05547723669711381,0.7426599982433677,0.7256456032008654,14.4,19.844397783822785,1.0,synthetic,SPEC_V1,2026-10-07
OOD00028,1,23,ood,0.5119628756334451,0.15374663783028836,0.3342904865362666,7.213494316486103,22.959491425135983,41.26868211811569,6.4,3.552088366380503,24.466919861381534,1.4246185606108233,31.738619572698504,50.186208249906755,195.15567711365586,6.413494316486103,0.7828642350316627,3.360507271488409,0.70145479418076,0.7612118718718102,0.05547723669711381,0.7426599982433677,0.726808741601241,16.6,22.83957119644481,1.0,synthetic,SPEC_V1,2026-10-07
OOD00028,2,23,ood,0.5119628756334451,0.15374663783028836,0.3342904865362666,7.213494316486103,22.959491425135983,41.26868211811569,6.4,3.552088366380503,24.466919861381534,1.4246185606108233,31.738619572698504,50.186208249906755,195.15567711365586,6.413494316486103,0.7828642350316627,3.360507271488409,0.70145479418076,0.7612118718718102,0.05547723669711381,0.7426599982433677,0.6996320244313314,14.3,20.43931595558851,1.0,synthetic,SPEC_V1,2026-10-07
OOD00028,3,23,ood,0.5119628756334451,0.15374663783028836,0.3342904865362666,7.213494316486103,22.959491425135983,41.26868211811569,6.4,3.552088366380503,24.466919861381534,1.4246185606108233,31.738619572698504,50.186208249906755,195.15567711365586,6.413494316486103,0.7828642350316627,3.360507271488409,0.70145479418076,0.7612118718718102,0.05547723669711381,0.7426599982433677,0.6921127621742791,14.700000000000001,21.239313596558755,1.0,synthetic,SPEC_V1,2026-10-07
OOD00028,4,23,ood,0.5119628756334451,0.15374663783028836,0.3342904865362666,7.213494316486103,22.959491425135983,41.26868211811569,6.4,3.552088366380503,24.466919861381534,1.4246185606108233,31.738619572698504,50.186208249906755,195.15567711365586,6.413494316486103,0.7828642350316627,3.360507271488409,0.70145479418076,0.7612118718718102,0.05547723669711381,0.7426599982433677,0.7128856077102689,14.5,20.339869178412552,1.0,synthetic,SPEC_V1,2026-10-07
OOD00028,5,23,ood,0.5119628756334451,0.15374663783028836,0.3342904865362666,7.213494316486103,22.959491425135983,41.26868211811569,6.4,3.552088366380503,24.466919861381534,1.4246185606108233,31.738619572698504,50.186208249906755,195.15567711365586,6.413494316486103,0.7828642350316627,3.360507271488409,0.70145479418076,0.7612118718718102,0.05547723669711381,0.7426599982433677,0.7320819448618685,14.3,19.533332436846493,1.0,synthetic,SPEC_V1,2026-10-07
OOD00028,6,23,ood,0.5119628756334451,0.15374663783028836,0.3342904865362666,7.213494316486103,22.959491425135983,41.26868211811569,6.4,3.552088366380503,24.466919861381534,1.4246185606108233,31.738619572698504,50.186208249906755,195.15567711365586,6.413494316486103,0.7828642350316627,3.360507271488409,0.70145479418076,0.7612118718718102,0.05547723669711381,0.7426599982433677,0.7212237018602634,14.200000000000001,19.688759483879583,1.0,synthetic,SPEC_V1,2026-10-07
OOD00028,7,23,ood,0.5119628756334451,0.15374663783028836,0.3342904865362666,7.213494316486103,22.959491425135983,41.26868211811569,6.4,3.552088366380503,24.466919861381534,1.4246185606108233,31.738619572698504,50.186208249906755,195.15567711365586,6.413494316486103,0.7828642350316627,3.360507271488409,0.70145479418076,0.7612118718718102,0.05547723669711381,0.7426599982433677,0.7146465048693382,15.0,20.989398111927397,1.0,synthetic,SPEC_V1,2026-10-07
OOD00029,0,23,ood,0.516136764325182,0.16396755984654363,0.3198956758282744,7.482824810527552,22.107357721461543,34.5108100796247,6.7,2.8650341985873555,29.29272646248202,2.088845519944843,34.00204820443113,93.68065459264932,187.91254063242312,6.70133549050992,0.7213489101866047,3.4508948042310448,0.7345648601427827,0.7514296740135279,0.10880691461629828,0.9587147996008486,0.698658043606262,112.9,161.59550588903875,0.9768616500220391,synthetic,SPEC_V1,2026-10-07
OOD00029,1,23,ood,0.516136764325182,0.16396755984654363,0.3198956758282744,7.482824810527552,22.107357721461543,34.5108100796247,6.7,2.8650341985873555,29.29272646248202,2.088845519944843,34.00204820443113,93.68065459264932,187.91254063242312,6.70133549050992,0.7213489101866047,3.4508948042310448,0.7345648601427827,0.7514296740135279,0.10880691461629828,0.9587147996008486,0.7143821254610455,108.4,151.73951886049946,0.9768616500220391,synthetic,SPEC_V1,2026-10-07
OOD00029,2,23,ood,0.516136764325182,0.16396755984654363,0.3198956758282744,7.482824810527552,22.107357721461543,34.5108100796247,6.7,2.8650341985873555,29.29272646248202,2.088845519944843,34.00204820443113,93.68065459264932,187.91254063242312,6.70133549050992,0.7213489101866047,3.4508948042310448,0.7345648601427827,0.7514296740135279,0.10880691461629828,0.9587147996008486,0.7037548734544956,104.0,147.77872796745126,0.9768616500220391,synthetic,SPEC_V1,2026-10-07
OOD00029,3,23,ood,0.516136764325182,0.16396755984654363,0.3198956758282744,7.482824810527552,22.107357721461543,34.5108100796247,6.7,2.8650341985873555,29.29272646248202,2.088845519944843,34.00204820443113,93.68065459264932,187.91254063242312,6.70133549050992,0.7213489101866047,3.4508948042310448,0.7345648601427827,0.7514296740135279,0.10880691461629828,0.9587147996008486,0.7086991347175172,104.4,147.31215954089342,0.9768616500220391,synthetic,SPEC_V1,2026-10-07
OOD00029,4,23,ood,0.516136764325182,0.16396755984654363,0.3198956758282744,7.482824810527552,22.107357721461543,34.5108100796247,6.7,2.8650341985873555,29.29272646248202,2.088845519944843,34.00204820443113,93.68065459264932,187.91254063242312,6.70133549050992,0.7213489101866047,3.4508948042310448,0.7345648601427827,0.7514296740135279,0.10880691461629828,0.9587147996008486,0.7090834599288048,104.30000000000001,147.09128881735896,0.9768616500220391,synthetic,SPEC_V1,2026-10-07
OOD00029,5,23,ood,0.516136764325182,0.16396755984654363,0.3198956758282744,7.482824810527552,22.107357721461543,34.5108100796247,6.7,2.8650341985873555,29.29272646248202,2.088845519944843,34.00204820443113,93.68065459264932,187.91254063242312,6.70133549050992,0.7213489101866047,3.4508948042310448,0.7345648601427827,0.7514296740135279,0.10880691461629828,0.9587147996008486,0.711127293750171,107.4,151.0278130847993,0.9768616500220391,synthetic,SPEC_V1,2026-10-07
OOD00029,6,23,ood,0.516136764325182,0.16396755984654363,0.3198956758282744,7.482824810527552,22.107357721461543,34.5108100796247,6.7,2.8650341985873555,29.29272646248202,2.088845519944843,34.00204820443113,93.68065459264932,187.91254063242312,6.70133549050992,0.7213489101866047,3.4508948042310448,0.7345648601427827,0.7514296740135279,0.10880691461629828,0.9587147996008486,0.7130913803013663,100.60000000000001,141.0758884190754,0.9768616500220391,synthetic,SPEC_V1,2026-10-07
OOD00029,7,23,ood,0.516136764325182,0.16396755984654363,0.3198956758282744,7.482824810527552,22.107357721461543,34.5108100796247,6.7,2.8650341985873555,29.29272646248202,2.088845519944843,34.00204820443113,93.68065459264932,187.91254063242312,6.70133549050992,0.7213489101866047,3.4508948042310448,0.7345648601427827,0.7514296740135279,0.10880691461629828,0.9587147996008486,0.7093525800345086,117.9,166.20789621187308,0.9768616500220391,synthetic,SPEC_V1,2026-10-07
OOD00030,0,23,ood,0.5879037273603404,0.05953374094414242,0.35256253169551727,7.290014167011704,27.475938065230352,40.28936386031181,6.5,3.534510436487473,33.40230734458504,1.231076611376565,32.88435469206716,48.36435853341946,233.545473554458,6.490014167011704,0.9880726010686582,1.5572296007820343,0.5959555809765289,0.9368909225865042,0.0765773982328157,0.8994722979306651,0.7245774197478335,19.0,26.22218065615729,1.0,synthetic,SPEC_V1,2026-10-07
OOD00030,1,23,ood,0.5879037273603404,0.05953374094414242,0.35256253169551727,7.290014167011704,27.475938065230352,40.28936386031181,6.5,3.534510436487473,33.40230734458504,1.231076611376565,32.88435469206716,48.36435853341946,233.545473554458,6.490014167011704,0.9880726010686582,1.5572296007820343,0.5959555809765289,0.9368909225865042,0.0765773982328157,0.8994722979306651,0.735832746453916,20.5,27.859591868930067,1.0,synthetic,SPEC_V1,2026-10-07
OOD00030,2,23,ood,0.5879037273603404,0.05953374094414242,0.35256253169551727,7.290014167011704,27.475938065230352,40.28936386031181,6.5,3.534510436487473,33.40230734458504,1.231076611376565,32.88435469206716,48.36435853341946,233.545473554458,6.490014167011704,0.9880726010686582,1.5572296007820343,0.5959555809765289,0.9368909225865042,0.0765773982328157,0.8994722979306651,0.7434168544540133,20.5,27.57537696001766,1.0,synthetic,SPEC_V1,2026-10-07
OOD00030,3,23,ood,0.5879037273603404,0.05953374094414242,0.35256253169551727,7.290014167011704,27.475938065230352,40.28936386031181,6.5,3.534510436487473,33.40230734458504,1.231076611376565,32.88435469206716,48.36435853341946,233.545473554458,6.490014167011704,0.9880726010686582,1.5572296007820343,0.5959555809765289,0.9368909225865042,0.0765773982328157,0.8994722979306651,0.7292995196248738,20.900000000000002,28.65763576911477,1.0,synthetic,SPEC_V1,2026-10-07
OOD00030,4,23,ood,0.5879037273603404,0.05953374094414242,0.35256253169551727,7.290014167011704,27.475938065230352,40.28936386031181,6.5,3.534510436487473,33.40230734458504,1.231076611376565,32.88435469206716,48.36435853341946,233.545473554458,6.490014167011704,0.9880726010686582,1.5572296007820343,0.5959555809765289,0.9368909225865042,0.0765773982328157,0.8994722979306651,0.7238033682344046,20.1,27.76997300942456,1.0,synthetic,SPEC_V1,2026-10-07
OOD00030,5,23,ood,0.5879037273603404,0.05953374094414242,0.35256253169551727,7.290014167011704,27.475938065230352,40.28936386031181,6.5,3.534510436487473,33.40230734458504,1.231076611376565,32.88435469206716,48.36435853341946,233.545473554458,6.490014167011704,0.9880726010686582,1.5572296007820343,0.5959555809765289,0.9368909225865042,0.0765773982328157,0.8994722979306651,0.7367735373353088,20.1,27.28111011247192,1.0,synthetic,SPEC_V1,2026-10-07
OOD00030,6,23,ood,0.5879037273603404,0.05953374094414242,0.35256253169551727,7.290014167011704,27.475938065230352,40.28936386031181,6.5,3.534510436487473,33.40230734458504,1.231076611376565,32.88435469206716,48.36435853341946,233.545473554458,6.490014167011704,0.9880726010686582,1.5572296007820343,0.5959555809765289,0.9368909225865042,0.0765773982328157,0.8994722979306651,0.7254763309255001,20.6,28.395137266187994,1.0,synthetic,SPEC_V1,2026-10-07
OOD00030,7,23,ood,0.5879037273603404,0.05953374094414242,0.35256253169551727,7.290014167011704,27.475938065230352,40.28936386031181,6.5,3.534510436487473,33.40230734458504,1.231076611376565,32.88435469206716,48.36435853341946,233.545473554458,6.490014167011704,0.9880726010686582,1.5572296007820343,0.5959555809765289,0.9368909225865042,0.0765773982328157,0.8994722979306651,0.7272785288106118,19.6,26.9497850184767,1.0,synthetic,SPEC_V1,2026-10-07
OOD00031,0,23,ood,0.5778147736836738,0.05049830085551349,0.3716869254608127,6.578814336198185,25.80967541350151,52.86987569187615,6.300000000000001,2.2219409154264067,32.024846237402244,1.6082349942457235,29.80665002478764,0.9208163300277235,219.38224101476283,6.262372737977074,0.9784981279617624,1.2407842058214695,0.6006360268969109,0.9589887030556997,0.0534311603877794,0.7986951416256567,0.75,67.3,89.73333333333333,0.3955519977763886,synthetic,SPEC_V1,2026-10-07
OOD00031,1,23,ood,0.5778147736836738,0.05049830085551349,0.3716869254608127,6.578814336198185,25.80967541350151,52.86987569187615,6.300000000000001,2.2219409154264067,32.024846237402244,1.6082349942457235,29.80665002478764,0.9208163300277235,219.38224101476283,6.262372737977074,0.9784981279617624,1.2407842058214695,0.6006360268969109,0.9589887030556997,0.0534311603877794,0.7986951416256567,0.7457267149533031,65.7,88.10197983065967,0.3955519977763886,synthetic,SPEC_V1,2026-10-07
OOD00031,2,23,ood,0.5778147736836738,0.05049830085551349,0.3716869254608127,6.578814336198185,25.80967541350151,52.86987569187615,6.300000000000001,2.2219409154264067,32.024846237402244,1.6082349942457235,29.80665002478764,0.9208163300277235,219.38224101476283,6.262372737977074,0.9784981279617624,1.2407842058214695,0.6006360268969109,0.9589887030556997,0.0534311603877794,0.7986951416256567,0.7407362629490438,64.9,87.61552963752304,0.3955519977763886,synthetic,SPEC_V1,2026-10-07
OOD00031,3,23,ood,0.5778147736836738,0.05049830085551349,0.3716869254608127,6.578814336198185,25.80967541350151,52.86987569187615,6.300000000000001,2.2219409154264067,32.024846237402244,1.6082349942457235,29.80665002478764,0.9208163300277235,219.38224101476283,6.262372737977074,0.9784981279617624,1.2407842058214695,0.6006360268969109,0.9589887030556997,0.0534311603877794,0.7986951416256567,0.7364627422157755,62.0,84.18620039550444,0.3955519977763886,synthetic,SPEC_V1,2026-10-07
OOD00031,4,23,ood,0.5778147736836738,0.05049830085551349,0.3716869254608127,6.578814336198185,25.80967541350151,52.86987569187615,6.300000000000001,2.2219409154264067,32.024846237402244,1.6082349942457235,29.80665002478764,0.9208163300277235,219.38224101476283,6.262372737977074,0.9784981279617624,1.2407842058214695,0.6006360268969109,0.9589887030556997,0.0534311603877794,0.7986951416256567,0.7378883840401154,68.4,92.69694642093923,0.3955519977763886,synthetic,SPEC_V1,2026-10-07
OOD00031,5,23,ood,0.5778147736836738,0.05049830085551349,0.3716869254608127,6.578814336198185,25.80967541350151,52.86987569187615,6.300000000000001,2.2219409154264067,32.024846237402244,1.6082349942457235,29.80665002478764,0.9208163300277235,219.38224101476283,6.262372737977074,0.9784981279617624,1.2407842058214695,0.6006360268969109,0.9589887030556997,0.0534311603877794,0.7986951416256567,0.75,71.0,94.66666666666667,0.3955519977763886,synthetic,SPEC_V1,2026-10-07
OOD00031,6,23,ood,0.5778147736836738,0.05049830085551349,0.3716869254608127,6.578814336198185,25.80967541350151,52.86987569187615,6.300000000000001,2.2219409154264067,32.024846237402244,1.6082349942457235,29.80665002478764,0.9208163300277235,219.38224101476283,6.262372737977074,0.9784981279617624,1.2407842058214695,0.6006360268969109,0.9589887030556997,0.0534311603877794,0.7986951416256567,0.7482385245843719,70.5,94.22129131771318,0.3955519977763886,synthetic,SPEC_V1,2026-10-07
OOD00031,7,23,ood,0.5778147736836738,0.05049830085551349,0.3716869254608127,6.578814336198185,25.80967541350151,52.86987569187615,6.300000000000001,2.2219409154264067,32.024846237402244,1.6082349942457235,29.80665002478764,0.9208163300277235,219.38224101476283,6.262372737977074,0.9784981279617624,1.2407842058214695,0.6006360268969109,0.9589887030556997,0.0534311603877794,0.7986951416256567,0.7370093304313473,65.4,88.73700413225913,0.3955519977763886,synthetic,SPEC_V1,2026-10-07
OOD00032,0,23,ood,0.5906942716440456,0.0519801268788317,0.3573256014771227,7.260788309773724,22.052216695236908,33.021940078518355,7.2,1.7384184719294677,21.416369716906928,1.685881394369373,31.487135766321057,70.28708010281773,187.44384190951368,7.199804962996653,0.8037418026419962,1.0912557247325656,0.6903161020389973,0.9679803121692384,0.12525457327285147,0.9316079199598786,0.7258712504441964,221.9,305.7015963426137,0.07622918347133822,synthetic,SPEC_V1,2026-10-07
OOD00032,1,23,ood,0.5906942716440456,0.0519801268788317,0.3573256014771227,7.260788309773724,22.052216695236908,33.021940078518355,7.2,1.7384184719294677,21.416369716906928,1.685881394369373,31.487135766321057,70.28708010281773,187.44384190951368,7.199804962996653,0.8037418026419962,1.0912557247325656,0.6903161020389973,0.9679803121692384,0.12525457327285147,0.9316079199598786,0.7263648730086566,191.10000000000002,263.09091628901297,0.07622918347133822,synthetic,SPEC_V1,2026-10-07
OOD00032,2,23,ood,0.5906942716440456,0.0519801268788317,0.3573256014771227,7.260788309773724,22.052216695236908,33.021940078518355,7.2,1.7384184719294677,21.416369716906928,1.685881394369373,31.487135766321057,70.28708010281773,187.44384190951368,7.199804962996653,0.8037418026419962,1.0912557247325656,0.6903161020389973,0.9679803121692384,0.12525457327285147,0.9316079199598786,0.7485227384664886,207.20000000000002,276.811898092093,0.07622918347133822,synthetic,SPEC_V1,2026-10-07
OOD00032,3,23,ood,0.5906942716440456,0.0519801268788317,0.3573256014771227,7.260788309773724,22.052216695236908,33.021940078518355,7.2,1.7384184719294677,21.416369716906928,1.685881394369373,31.487135766321057,70.28708010281773,187.44384190951368,7.199804962996653,0.8037418026419962,1.0912557247325656,0.6903161020389973,0.9679803121692384,0.12525457327285147,0.9316079199598786,0.7489649681154009,218.10000000000002,291.2018709617338,0.07622918347133822,synthetic,SPEC_V1,2026-10-07
OOD00032,4,23,ood,0.5906942716440456,0.0519801268788317,0.3573256014771227,7.260788309773724,22.052216695236908,33.021940078518355,7.2,1.7384184719294677,21.416369716906928,1.685881394369373,31.487135766321057,70.28708010281773,187.44384190951368,7.199804962996653,0.8037418026419962,1.0912557247325656,0.6903161020389973,0.9679803121692384,0.12525457327285147,0.9316079199598786,0.7344314346566628,202.60000000000002,275.85965202417145,0.07622918347133822,synthetic,SPEC_V1,2026-10-07
OOD00032,5,23,ood,0.5906942716440456,0.0519801268788317,0.3573256014771227,7.260788309773724,22.052216695236908,33.021940078518355,7.2,1.7384184719294677,21.416369716906928,1.685881394369373,31.487135766321057,70.28708010281773,187.44384190951368,7.199804962996653,0.8037418026419962,1.0912557247325656,0.6903161020389973,0.9679803121692384,0.12525457327285147,0.9316079199598786,0.736183681212794,202.10000000000002,274.5238792403808,0.07622918347133822,synthetic,SPEC_V1,2026-10-07
OOD00032,6,23,ood,0.5906942716440456,0.0519801268788317,0.3573256014771227,7.260788309773724,22.052216695236908,33.021940078518355,7.2,1.7384184719294677,21.416369716906928,1.685881394369373,31.487135766321057,70.28708010281773,187.44384190951368,7.199804962996653,0.8037418026419962,1.0912557247325656,0.6903161020389973,0.9679803121692384,0.12525457327285147,0.9316079199598786,0.7412510571906072,202.70000000000002,273.45660830251904,0.07622918347133822,synthetic,SPEC_V1,2026-10-07
OOD00032,7,23,ood,0.5906942716440456,0.0519801268788317,0.3573256014771227,7.260788309773724,22.052216695236908,33.021940078518355,7.2,1.7384184719294677,21.416369716906928,1.685881394369373,31.487135766321057,70.28708010281773,187.44384190951368,7.199804962996653,0.8037418026419962,1.0912557247325656,0.6903161020389973,0.9679803121692384,0.12525457327285147,0.9316079199598786,0.75,197.20000000000002,262.93333333333334,0.07622918347133822,synthetic,SPEC_V1,2026-10-07
OOD00033,0,23,ood,0.5603120284851717,0.12759700401708546,0.3120909674977428,7.305959081361237,24.581743651907082,54.37554229814927,6.5,3.067744214051778,20.4010151448863,2.183797640666614,29.146827120851608,15.987520662771123,208.9448210412102,6.506014199511175,0.7825174962287281,2.9860021150113836,0.701640307216533,0.8014924032406419,0.07643723873974083,0.7897372342907968,0.699230734099298,19.0,27.172718636966838,0.9999311023125774,synthetic,SPEC_V1,2026-10-07
OOD00033,1,23,ood,0.5603120284851717,0.12759700401708546,0.3120909674977428,7.305959081361237,24.581743651907082,54.37554229814927,6.5,3.067744214051778,20.4010151448863,2.183797640666614,29.146827120851608,15.987520662771123,208.9448210412102,6.506014199511175,0.7825174962287281,2.9860021150113836,0.701640307216533,0.8014924032406419,0.07643723873974083,0.7897372342907968,0.700078552660854,20.0,28.568222700130054,0.9999311023125774,synthetic,SPEC_V1,2026-10-07
OOD00033,2,23,ood,0.5603120284851717,0.12759700401708546,0.3120909674977428,7.305959081361237,24.581743651907082,54.37554229814927,6.5,3.067744214051778,20.4010151448863,2.183797640666614,29.146827120851608,15.987520662771123,208.9448210412102,6.506014199511175,0.7825174962287281,2.9860021150113836,0.701640307216533,0.8014924032406419,0.07643723873974083,0.7897372342907968,0.702989289255266,18.7,26.600689776952983,0.9999311023125774,synthetic,SPEC_V1,2026-10-07
OOD00033,3,23,ood,0.5603120284851717,0.12759700401708546,0.3120909674977428,7.305959081361237,24.581743651907082,54.37554229814927,6.5,3.067744214051778,20.4010151448863,2.183797640666614,29.146827120851608,15.987520662771123,208.9448210412102,6.506014199511175,0.7825174962287281,2.9860021150113836,0.701640307216533,0.8014924032406419,0.07643723873974083,0.7897372342907968,0.6843261706714552,20.400000000000002,29.810346110223566,0.9999311023125774,synthetic,SPEC_V1,2026-10-07
OOD00033,4,23,ood,0.5603120284851717,0.12759700401708546,0.3120909674977428,7.305959081361237,24.581743651907082,54.37554229814927,6.5,3.067744214051778,20.4010151448863,2.183797640666614,29.146827120851608,15.987520662771123,208.9448210412102,6.506014199511175,0.7825174962287281,2.9860021150113836,0.701640307216533,0.8014924032406419,0.07643723873974083,0.7897372342907968,0.7009182090604978,20.5,29.24734974067509,0.9999311023125774,synthetic,SPEC_V1,2026-10-07
OOD00033,5,23,ood,0.5603120284851717,0.12759700401708546,0.3120909674977428,7.305959081361237,24.581743651907082,54.37554229814927,6.5,3.067744214051778,20.4010151448863,2.183797640666614,29.146827120851608,15.987520662771123,208.9448210412102,6.506014199511175,0.7825174962287281,2.9860021150113836,0.701640307216533,0.8014924032406419,0.07643723873974083,0.7897372342907968,0.7082490035152766,18.7,26.403143396158196,0.9999311023125774,synthetic,SPEC_V1,2026-10-07
OOD00033,6,23,ood,0.5603120284851717,0.12759700401708546,0.3120909674977428,7.305959081361237,24.581743651907082,54.37554229814927,6.5,3.067744214051778,20.4010151448863,2.183797640666614,29.146827120851608,15.987520662771123,208.9448210412102,6.506014199511175,0.7825174962287281,2.9860021150113836,0.701640307216533,0.8014924032406419,0.07643723873974083,0.7897372342907968,0.6818092891706674,18.7,27.427024384994997,0.9999311023125774,synthetic,SPEC_V1,2026-10-07
OOD00033,7,23,ood,0.5603120284851717,0.12759700401708546,0.3120909674977428,7.305959081361237,24.581743651907082,54.37554229814927,6.5,3.067744214051778,20.4010151448863,2.183797640666614,29.146827120851608,15.987520662771123,208.9448210412102,6.506014199511175,0.7825174962287281,2.9860021150113836,0.701640307216533,0.8014924032406419,0.07643723873974083,0.7897372342907968,0.7067201707512553,19.700000000000003,27.875247962794916,0.9999311023125774,synthetic,SPEC_V1,2026-10-07
OOD00034,0,23,ood,0.5937874721602857,0.09801101971436281,0.30820150812535146,6.727042914711465,27.24585808465598,37.06959488083452,6.300000000000001,2.4792940021626775,31.991871867898066,1.597655135543677,29.44901084712323,32.478214761833414,231.5897937195758,6.290778656496986,0.8565158842897478,2.542215405844191,0.6624894681303004,0.8477997173039762,0.056524229412000686,0.8165341775218681,0.686901936591407,32.9,47.896210867097984,0.5453303227680988,synthetic,SPEC_V1,2026-10-07
OOD00034,1,23,ood,0.5937874721602857,0.09801101971436281,0.30820150812535146,6.727042914711465,27.24585808465598,37.06959488083452,6.300000000000001,2.4792940021626775,31.991871867898066,1.597655135543677,29.44901084712323,32.478214761833414,231.5897937195758,6.290778656496986,0.8565158842897478,2.542215405844191,0.6624894681303004,0.8477997173039762,0.056524229412000686,0.8165341775218681,0.6952108050981646,36.0,51.78285454714237,0.5453303227680988,synthetic,SPEC_V1,2026-10-07
OOD00034,2,23,ood,0.5937874721602857,0.09801101971436281,0.30820150812535146,6.727042914711465,27.24585808465598,37.06959488083452,6.300000000000001,2.4792940021626775,31.991871867898066,1.597655135543677,29.44901084712323,32.478214761833414,231.5897937195758,6.290778656496986,0.8565158842897478,2.542215405844191,0.6624894681303004,0.8477997173039762,0.056524229412000686,0.8165341775218681,0.7016576959595715,35.800000000000004,51.022029981500765,0.5453303227680988,synthetic,SPEC_V1,2026-10-07
OOD00034,3,23,ood,0.5937874721602857,0.09801101971436281,0.30820150812535146,6.727042914711465,27.24585808465598,37.06959488083452,6.300000000000001,2.4792940021626775,31.991871867898066,1.597655135543677,29.44901084712323,32.478214761833414,231.5897937195758,6.290778656496986,0.8565158842897478,2.542215405844191,0.6624894681303004,0.8477997173039762,0.056524229412000686,0.8165341775218681,0.7101612900972172,36.5,51.396774942497004,0.5453303227680988,synthetic,SPEC_V1,2026-10-07
OOD00034,4,23,ood,0.5937874721602857,0.09801101971436281,0.30820150812535146,6.727042914711465,27.24585808465598,37.06959488083452,6.300000000000001,2.4792940021626775,31.991871867898066,1.597655135543677,29.44901084712323,32.478214761833414,231.5897937195758,6.290778656496986,0.8565158842897478,2.542215405844191,0.6624894681303004,0.8477997173039762,0.056524229412000686,0.8165341775218681,0.6994322806849285,39.0,55.759508214017124,0.5453303227680988,synthetic,SPEC_V1,2026-10-07
OOD00034,5,23,ood,0.5937874721602857,0.09801101971436281,0.30820150812535146,6.727042914711465,27.24585808465598,37.06959488083452,6.300000000000001,2.4792940021626775,31.991871867898066,1.597655135543677,29.44901084712323,32.478214761833414,231.5897937195758,6.290778656496986,0.8565158842897478,2.542215405844191,0.6624894681303004,0.8477997173039762,0.056524229412000686,0.8165341775218681,0.6918442237645335,33.9,48.9994695851327,0.5453303227680988,synthetic,SPEC_V1,2026-10-07
OOD00034,6,23,ood,0.5937874721602857,0.09801101971436281,0.30820150812535146,6.727042914711465,27.24585808465598,37.06959488083452,6.300000000000001,2.4792940021626775,31.991871867898066,1.597655135543677,29.44901084712323,32.478214761833414,231.5897937195758,6.290778656496986,0.8565158842897478,2.542215405844191,0.6624894681303004,0.8477997173039762,0.056524229412000686,0.8165341775218681,0.7184141383786569,34.1,47.46565828584348,0.5453303227680988,synthetic,SPEC_V1,2026-10-07
OOD00034,7,23,ood,0.5937874721602857,0.09801101971436281,0.30820150812535146,6.727042914711465,27.24585808465598,37.06959488083452,6.300000000000001,2.4792940021626775,31.991871867898066,1.597655135543677,29.44901084712323,32.478214761833414,231.5897937195758,6.290778656496986,0.8565158842897478,2.542215405844191,0.6624894681303004,0.8477997173039762,0.056524229412000686,0.8165341775218681,0.7083894151110965,37.7,53.219315811046556,0.5453303227680988,synthetic,SPEC_V1,2026-10-07
OOD00035,0,23,ood,0.5131052612474496,0.18531284976087375,0.3015818889916766,7.128746513564883,26.623959175512635,37.56716341806773,6.300000000000001,3.901786407252338,27.93980623574494,1.0138684465363694,33.35907029714504,83.99836495643876,226.3036529918574,6.328746513564883,0.818988997860015,4.696941182888302,0.6822242284299189,0.6200348078099777,0.05555192313232115,0.7881993905499646,0.7102609550124566,6.300000000000001,8.869979344267222,1.0,synthetic,SPEC_V1,2026-10-07
OOD00035,1,23,ood,0.5131052612474496,0.18531284976087375,0.3015818889916766,7.128746513564883,26.623959175512635,37.56716341806773,6.300000000000001,3.901786407252338,27.93980623574494,1.0138684465363694,33.35907029714504,83.99836495643876,226.3036529918574,6.328746513564883,0.818988997860015,4.696941182888302,0.6822242284299189,0.6200348078099777,0.05555192313232115,0.7881993905499646,0.679687889301849,6.6000000000000005,9.710339265834623,1.0,synthetic,SPEC_V1,2026-10-07
OOD00035,2,23,ood,0.5131052612474496,0.18531284976087375,0.3015818889916766,7.128746513564883,26.623959175512635,37.56716341806773,6.300000000000001,3.901786407252338,27.93980623574494,1.0138684465363694,33.35907029714504,83.99836495643876,226.3036529918574,6.328746513564883,0.818988997860015,4.696941182888302,0.6822242284299189,0.6200348078099777,0.05555192313232115,0.7881993905499646,0.7040823961171793,6.300000000000001,8.947816384478248,1.0,synthetic,SPEC_V1,2026-10-07
OOD00035,3,23,ood,0.5131052612474496,0.18531284976087375,0.3015818889916766,7.128746513564883,26.623959175512635,37.56716341806773,6.300000000000001,3.901786407252338,27.93980623574494,1.0138684465363694,33.35907029714504,83.99836495643876,226.3036529918574,6.328746513564883,0.818988997860015,4.696941182888302,0.6822242284299189,0.6200348078099777,0.05555192313232115,0.7881993905499646,0.690569312214076,6.5,9.412523674357837,1.0,synthetic,SPEC_V1,2026-10-07
OOD00035,4,23,ood,0.5131052612474496,0.18531284976087375,0.3015818889916766,7.128746513564883,26.623959175512635,37.56716341806773,6.300000000000001,3.901786407252338,27.93980623574494,1.0138684465363694,33.35907029714504,83.99836495643876,226.3036529918574,6.328746513564883,0.818988997860015,4.696941182888302,0.6822242284299189,0.6200348078099777,0.05555192313232115,0.7881993905499646,0.7002589215186946,6.1000000000000005,8.711063597405593,1.0,synthetic,SPEC_V1,2026-10-07
OOD00035,5,23,ood,0.5131052612474496,0.18531284976087375,0.3015818889916766,7.128746513564883,26.623959175512635,37.56716341806773,6.300000000000001,3.901786407252338,27.93980623574494,1.0138684465363694,33.35907029714504,83.99836495643876,226.3036529918574,6.328746513564883,0.818988997860015,4.696941182888302,0.6822242284299189,0.6200348078099777,0.05555192313232115,0.7881993905499646,0.6975793723762015,6.6000000000000005,9.461288939089572,1.0,synthetic,SPEC_V1,2026-10-07
OOD00035,6,23,ood,0.5131052612474496,0.18531284976087375,0.3015818889916766,7.128746513564883,26.623959175512635,37.56716341806773,6.300000000000001,3.901786407252338,27.93980623574494,1.0138684465363694,33.35907029714504,83.99836495643876,226.3036529918574,6.328746513564883,0.818988997860015,4.696941182888302,0.6822242284299189,0.6200348078099777,0.05555192313232115,0.7881993905499646,0.7099862878574579,7.0,9.859345341899578,1.0,synthetic,SPEC_V1,2026-10-07
OOD00035,7,23,ood,0.5131052612474496,0.18531284976087375,0.3015818889916766,7.128746513564883,26.623959175512635,37.56716341806773,6.300000000000001,3.901786407252338,27.93980623574494,1.0138684465363694,33.35907029714504,83.99836495643876,226.3036529918574,6.328746513564883,0.818988997860015,4.696941182888302,0.6822242284299189,0.6200348078099777,0.05555192313232115,0.7881993905499646,0.6919393234503008,6.4,9.24936592429363,1.0,synthetic,SPEC_V1,2026-10-07
OOD00036,0,23,ood,0.5912907535051061,0.0551873279595729,0.353521918535321,6.903510770628307,24.343349810909263,30.940050752563597,6.9,1.6129476959261382,32.88164553367584,1.8004622302691944,34.409220997276805,51.27454638999848,206.91847339272874,6.903510770628307,0.877802588330367,1.278959097026092,0.6514253096875999,0.9565376812159686,0.09057765716998951,0.9339491061449743,0.7429117989399999,97.0,130.56731652182853,0.0,synthetic,SPEC_V1,2026-10-07
OOD00036,1,23,ood,0.5912907535051061,0.0551873279595729,0.353521918535321,6.903510770628307,24.343349810909263,30.940050752563597,6.9,1.6129476959261382,32.88164553367584,1.8004622302691944,34.409220997276805,51.27454638999848,206.91847339272874,6.903510770628307,0.877802588330367,1.278959097026092,0.6514253096875999,0.9565376812159686,0.09057765716998951,0.9339491061449743,0.7262698591827614,114.0,156.96644788244282,0.0,synthetic,SPEC_V1,2026-10-07
OOD00036,2,23,ood,0.5912907535051061,0.0551873279595729,0.353521918535321,6.903510770628307,24.343349810909263,30.940050752563597,6.9,1.6129476959261382,32.88164553367584,1.8004622302691944,34.409220997276805,51.27454638999848,206.91847339272874,6.903510770628307,0.877802588330367,1.278959097026092,0.6514253096875999,0.9565376812159686,0.09057765716998951,0.9339491061449743,0.7320262494371653,107.0,146.16962176188264,0.0,synthetic,SPEC_V1,2026-10-07
OOD00036,3,23,ood,0.5912907535051061,0.0551873279595729,0.353521918535321,6.903510770628307,24.343349810909263,30.940050752563597,6.9,1.6129476959261382,32.88164553367584,1.8004622302691944,34.409220997276805,51.27454638999848,206.91847339272874,6.903510770628307,0.877802588330367,1.278959097026092,0.6514253096875999,0.9565376812159686,0.09057765716998951,0.9339491061449743,0.7306295278007932,108.80000000000001,148.91267853283975,0.0,synthetic,SPEC_V1,2026-10-07
OOD00036,4,23,ood,0.5912907535051061,0.0551873279595729,0.353521918535321,6.903510770628307,24.343349810909263,30.940050752563597,6.9,1.6129476959261382,32.88164553367584,1.8004622302691944,34.409220997276805,51.27454638999848,206.91847339272874,6.903510770628307,0.877802588330367,1.278959097026092,0.6514253096875999,0.9565376812159686,0.09057765716998951,0.9339491061449743,0.7190226017108567,98.80000000000001,137.40875427964755,0.0,synthetic,SPEC_V1,2026-10-07
OOD00036,5,23,ood,0.5912907535051061,0.0551873279595729,0.353521918535321,6.903510770628307,24.343349810909263,30.940050752563597,6.9,1.6129476959261382,32.88164553367584,1.8004622302691944,34.409220997276805,51.27454638999848,206.91847339272874,6.903510770628307,0.877802588330367,1.278959097026092,0.6514253096875999,0.9565376812159686,0.09057765716998951,0.9339491061449743,0.7406905624138391,110.30000000000001,148.9150876184286,0.0,synthetic,SPEC_V1,2026-10-07
OOD00036,6,23,ood,0.5912907535051061,0.0551873279595729,0.353521918535321,6.903510770628307,24.343349810909263,30.940050752563597,6.9,1.6129476959261382,32.88164553367584,1.8004622302691944,34.409220997276805,51.27454638999848,206.91847339272874,6.903510770628307,0.877802588330367,1.278959097026092,0.6514253096875999,0.9565376812159686,0.09057765716998951,0.9339491061449743,0.7309608572361249,106.0,145.0146050238617,0.0,synthetic,SPEC_V1,2026-10-07
OOD00036,7,23,ood,0.5912907535051061,0.0551873279595729,0.353521918535321,6.903510770628307,24.343349810909263,30.940050752563597,6.9,1.6129476959261382,32.88164553367584,1.8004622302691944,34.409220997276805,51.27454638999848,206.91847339272874,6.903510770628307,0.877802588330367,1.278959097026092,0.6514253096875999,0.9565376812159686,0.09057765716998951,0.9339491061449743,0.7328797325230327,101.4,138.35830832832212,0.0,synthetic,SPEC_V1,2026-10-07
OOD00037,0,23,ood,0.5320414094887088,0.1255111327149606,0.34244745779633057,6.793328894422408,27.75737065015643,47.32859329529278,6.0,3.7827694494174238,27.139617124167664,1.2949580719551392,25.89513908832764,62.25529775516948,235.93765052632966,5.993328894422408,0.969554983454168,3.316633797978609,0.6050326449169425,0.7659564730677004,0.010480574920802158,0.24756358975807824,0.7252465333476976,0.30000000000000004,0.41365244259109624,1.0,synthetic,SPEC_V1,2026-10-07
OOD00037,1,23,ood,0.5320414094887088,0.1255111327149606,0.34244745779633057,6.793328894422408,27.75737065015643,47.32859329529278,6.0,3.7827694494174238,27.139617124167664,1.2949580719551392,25.89513908832764,62.25529775516948,235.93765052632966,5.993328894422408,0.969554983454168,3.316633797978609,0.6050326449169425,0.7659564730677004,0.010480574920802158,0.24756358975807824,0.7199294991382538,0.30000000000000004,0.41670746977182643,1.0,synthetic,SPEC_V1,2026-10-07
OOD00037,2,23,ood,0.5320414094887088,0.1255111327149606,0.34244745779633057,6.793328894422408,27.75737065015643,47.32859329529278,6.0,3.7827694494174238,27.139617124167664,1.2949580719551392,25.89513908832764,62.25529775516948,235.93765052632966,5.993328894422408,0.969554983454168,3.316633797978609,0.6050326449169425,0.7659564730677004,0.010480574920802158,0.24756358975807824,0.7249178602763874,0.30000000000000004,0.4138399899343353,1.0,synthetic,SPEC_V1,2026-10-07
OOD00037,3,23,ood,0.5320414094887088,0.1255111327149606,0.34244745779633057,6.793328894422408,27.75737065015643,47.32859329529278,6.0,3.7827694494174238,27.139617124167664,1.2949580719551392,25.89513908832764,62.25529775516948,235.93765052632966,5.993328894422408,0.969554983454168,3.316633797978609,0.6050326449169425,0.7659564730677004,0.010480574920802158,0.24756358975807824,0.7398004021089687,0.30000000000000004,0.40551478364269883,1.0,synthetic,SPEC_V1,2026-10-07
OOD00037,4,23,ood,0.5320414094887088,0.1255111327149606,0.34244745779633057,6.793328894422408,27.75737065015643,47.32859329529278,6.0,3.7827694494174238,27.139617124167664,1.2949580719551392,25.89513908832764,62.25529775516948,235.93765052632966,5.993328894422408,0.969554983454168,3.316633797978609,0.6050326449169425,0.7659564730677004,0.010480574920802158,0.24756358975807824,0.7055790426860269,0.30000000000000004,0.42518269655225005,1.0,synthetic,SPEC_V1,2026-10-07
OOD00037,5,23,ood,0.5320414094887088,0.1255111327149606,0.34244745779633057,6.793328894422408,27.75737065015643,47.32859329529278,6.0,3.7827694494174238,27.139617124167664,1.2949580719551392,25.89513908832764,62.25529775516948,235.93765052632966,5.993328894422408,0.969554983454168,3.316633797978609,0.6050326449169425,0.7659564730677004,0.010480574920802158,0.24756358975807824,0.7273879212921925,0.30000000000000004,0.4124346737392271,1.0,synthetic,SPEC_V1,2026-10-07
OOD00037,6,23,ood,0.5320414094887088,0.1255111327149606,0.34244745779633057,6.793328894422408,27.75737065015643,47.32859329529278,6.0,3.7827694494174238,27.139617124167664,1.2949580719551392,25.89513908832764,62.25529775516948,235.93765052632966,5.993328894422408,0.969554983454168,3.316633797978609,0.6050326449169425,0.7659564730677004,0.010480574920802158,0.24756358975807824,0.7323883231699522,0.30000000000000004,0.40961876440291695,1.0,synthetic,SPEC_V1,2026-10-07
OOD00037,7,23,ood,0.5320414094887088,0.1255111327149606,0.34244745779633057,6.793328894422408,27.75737065015643,47.32859329529278,6.0,3.7827694494174238,27.139617124167664,1.2949580719551392,25.89513908832764,62.25529775516948,235.93765052632966,5.993328894422408,0.969554983454168,3.316633797978609,0.6050326449169425,0.7659564730677004,0.010480574920802158,0.24756358975807824,0.7191185131700221,0.30000000000000004,0.4171774116585296,1.0,synthetic,SPEC_V1,2026-10-07
OOD00038,0,23,ood,0.4740968171769458,0.1611193424255702,0.364783840397484,6.529685889797737,27.635984802931805,42.134658629345964,5.7,3.7143016568324176,27.50127231420789,2.4541708405077762,30.21378121024064,78.08269410750867,234.90587082492036,5.729685889797737,1.028278388297157,4.238962497192315,0.576609720071195,0.6670520368019117,0.004061150333281478,0.1056756850784284,0.737687262684402,0.0,0.0,1.0,synthetic,SPEC_V1,2026-10-07
OOD00038,1,23,ood,0.4740968171769458,0.1611193424255702,0.364783840397484,6.529685889797737,27.635984802931805,42.134658629345964,5.7,3.7143016568324176,27.50127231420789,2.4541708405077762,30.21378121024064,78.08269410750867,234.90587082492036,5.729685889797737,1.028278388297157,4.238962497192315,0.576609720071195,0.6670520368019117,0.004061150333281478,0.1056756850784284,0.75,0.0,0.0,1.0,synthetic,SPEC_V1,2026-10-07
OOD00038,2,23,ood,0.4740968171769458,0.1611193424255702,0.364783840397484,6.529685889797737,27.635984802931805,42.134658629345964,5.7,3.7143016568324176,27.50127231420789,2.4541708405077762,30.21378121024064,78.08269410750867,234.90587082492036,5.729685889797737,1.028278388297157,4.238962497192315,0.576609720071195,0.6670520368019117,0.004061150333281478,0.1056756850784284,0.75,0.0,0.0,1.0,synthetic,SPEC_V1,2026-10-07
OOD00038,3,23,ood,0.4740968171769458,0.1611193424255702,0.364783840397484,6.529685889797737,27.635984802931805,42.134658629345964,5.7,3.7143016568324176,27.50127231420789,2.4541708405077762,30.21378121024064,78.08269410750867,234.90587082492036,5.729685889797737,1.028278388297157,4.238962497192315,0.576609720071195,0.6670520368019117,0.004061150333281478,0.1056756850784284,0.7305027354200332,0.0,0.0,1.0,synthetic,SPEC_V1,2026-10-07
OOD00038,4,23,ood,0.4740968171769458,0.1611193424255702,0.364783840397484,6.529685889797737,27.635984802931805,42.134658629345964,5.7,3.7143016568324176,27.50127231420789,2.4541708405077762,30.21378121024064,78.08269410750867,234.90587082492036,5.729685889797737,1.028278388297157,4.238962497192315,0.576609720071195,0.6670520368019117,0.004061150333281478,0.1056756850784284,0.7291311408251909,0.0,0.0,1.0,synthetic,SPEC_V1,2026-10-07
OOD00038,5,23,ood,0.4740968171769458,0.1611193424255702,0.364783840397484,6.529685889797737,27.635984802931805,42.134658629345964,5.7,3.7143016568324176,27.50127231420789,2.4541708405077762,30.21378121024064,78.08269410750867,234.90587082492036,5.729685889797737,1.028278388297157,4.238962497192315,0.576609720071195,0.6670520368019117,0.004061150333281478,0.1056756850784284,0.7322344659401688,0.0,0.0,1.0,synthetic,SPEC_V1,2026-10-07
OOD00038,6,23,ood,0.4740968171769458,0.1611193424255702,0.364783840397484,6.529685889797737,27.635984802931805,42.134658629345964,5.7,3.7143016568324176,27.50127231420789,2.4541708405077762,30.21378121024064,78.08269410750867,234.90587082492036,5.729685889797737,1.028278388297157,4.238962497192315,0.576609720071195,0.6670520368019117,0.004061150333281478,0.1056756850784284,0.7261846071140516,0.0,0.0,1.0,synthetic,SPEC_V1,2026-10-07
OOD00038,7,23,ood,0.4740968171769458,0.1611193424255702,0.364783840397484,6.529685889797737,27.635984802931805,42.134658629345964,5.7,3.7143016568324176,27.50127231420789,2.4541708405077762,30.21378121024064,78.08269410750867,234.90587082492036,5.729685889797737,1.028278388297157,4.238962497192315,0.576609720071195,0.6670520368019117,0.004061150333281478,0.1056756850784284,0.7388222739544298,0.0,0.0,1.0,synthetic,SPEC_V1,2026-10-07
OOD00039,0,23,ood,0.5730442213264031,0.07528501388215587,0.35167076479144094,6.916684348336666,27.346348060084193,39.75717256836384,6.1000000000000005,3.255432624393208,30.55237187846607,2.498227543338139,29.286887966757853,16.01151402384902,232.44395851071562,6.116684348336666,0.98092493592736,1.9599492240498786,0.5994470775277355,0.9035826836353446,0.032450703122649686,0.62224940158694,0.7276562463004317,2.6,3.573115757913144,1.0,synthetic,SPEC_V1,2026-10-07
OOD00039,1,23,ood,0.5730442213264031,0.07528501388215587,0.35167076479144094,6.916684348336666,27.346348060084193,39.75717256836384,6.1000000000000005,3.255432624393208,30.55237187846607,2.498227543338139,29.286887966757853,16.01151402384902,232.44395851071562,6.116684348336666,0.98092493592736,1.9599492240498786,0.5994470775277355,0.9035826836353446,0.032450703122649686,0.62224940158694,0.720106905918302,2.6,3.610575011337243,1.0,synthetic,SPEC_V1,2026-10-07
OOD00039,2,23,ood,0.5730442213264031,0.07528501388215587,0.35167076479144094,6.916684348336666,27.346348060084193,39.75717256836384,6.1000000000000005,3.255432624393208,30.55237187846607,2.498227543338139,29.286887966757853,16.01151402384902,232.44395851071562,6.116684348336666,0.98092493592736,1.9599492240498786,0.5994470775277355,0.9035826836353446,0.032450703122649686,0.62224940158694,0.7263877103204697,2.5,3.4416881845330827,1.0,synthetic,SPEC_V1,2026-10-07
OOD00039,3,23,ood,0.5730442213264031,0.07528501388215587,0.35167076479144094,6.916684348336666,27.346348060084193,39.75717256836384,6.1000000000000005,3.255432624393208,30.55237187846607,2.498227543338139,29.286887966757853,16.01151402384902,232.44395851071562,6.116684348336666,0.98092493592736,1.9599492240498786,0.5994470775277355,0.9035826836353446,0.032450703122649686,0.62224940158694,0.7277651935740694,2.4000000000000004,3.2977669462502766,1.0,synthetic,SPEC_V1,2026-10-07
OOD00039,4,23,ood,0.5730442213264031,0.07528501388215587,0.35167076479144094,6.916684348336666,27.346348060084193,39.75717256836384,6.1000000000000005,3.255432624393208,30.55237187846607,2.498227543338139,29.286887966757853,16.01151402384902,232.44395851071562,6.116684348336666,0.98092493592736,1.9599492240498786,0.5994470775277355,0.9035826836353446,0.032450703122649686,0.62224940158694,0.7378740649027247,2.5,3.388112035526794,1.0,synthetic,SPEC_V1,2026-10-07
OOD00039,5,23,ood,0.5730442213264031,0.07528501388215587,0.35167076479144094,6.916684348336666,27.346348060084193,39.75717256836384,6.1000000000000005,3.255432624393208,30.55237187846607,2.498227543338139,29.286887966757853,16.01151402384902,232.44395851071562,6.116684348336666,0.98092493592736,1.9599492240498786,0.5994470775277355,0.9035826836353446,0.032450703122649686,0.62224940158694,0.7210892522970168,2.7,3.7443353806747206,1.0,synthetic,SPEC_V1,2026-10-07
OOD00039,6,23,ood,0.5730442213264031,0.07528501388215587,0.35167076479144094,6.916684348336666,27.346348060084193,39.75717256836384,6.1000000000000005,3.255432624393208,30.55237187846607,2.498227543338139,29.286887966757853,16.01151402384902,232.44395851071562,6.116684348336666,0.98092493592736,1.9599492240498786,0.5994470775277355,0.9035826836353446,0.032450703122649686,0.62224940158694,0.7364534352905425,2.4000000000000004,3.258861843794866,1.0,synthetic,SPEC_V1,2026-10-07
OOD00039,7,23,ood,0.5730442213264031,0.07528501388215587,0.35167076479144094,6.916684348336666,27.346348060084193,39.75717256836384,6.1000000000000005,3.255432624393208,30.55237187846607,2.498227543338139,29.286887966757853,16.01151402384902,232.44395851071562,6.116684348336666,0.98092493592736,1.9599492240498786,0.5994470775277355,0.9035826836353446,0.032450703122649686,0.62224940158694,0.738528277307123,2.3000000000000003,3.1143018766815973,1.0,synthetic,SPEC_V1,2026-10-07
OOD00040,0,23,ood,0.5186423348482907,0.1482550355633229,0.33310262958838643,7.450370708363722,24.93968040556777,53.9938713188849,6.9,2.3745770042630068,28.645798390320646,2.9001340505381528,26.524762140325848,27.549178348766702,211.98728344732606,6.94502294170922,0.8473622586672354,3.51995641160302,0.6672774734937094,0.7439539307385714,0.08603937514707428,0.9149628104527479,0.7258193452948531,95.60000000000001,131.71321571921447,0.6316847083181281,synthetic,SPEC_V1,2026-10-07
OOD00040,1,23,ood,0.5186423348482907,0.1482550355633229,0.33310262958838643,7.450370708363722,24.93968040556777,53.9938713188849,6.9,2.3745770042630068,28.645798390320646,2.9001340505381528,26.524762140325848,27.549178348766702,211.98728344732606,6.94502294170922,0.8473622586672354,3.51995641160302,0.6672774734937094,0.7439539307385714,0.08603937514707428,0.9149628104527479,0.7165520590154643,93.7,130.76509769400832,0.6316847083181281,synthetic,SPEC_V1,2026-10-07
OOD00040,2,23,ood,0.5186423348482907,0.1482550355633229,0.33310262958838643,7.450370708363722,24.93968040556777,53.9938713188849,6.9,2.3745770042630068,28.645798390320646,2.9001340505381528,26.524762140325848,27.549178348766702,211.98728344732606,6.94502294170922,0.8473622586672354,3.51995641160302,0.6672774734937094,0.7439539307385714,0.08603937514707428,0.9149628104527479,0.7196686785433535,100.10000000000001,139.0917834615334,0.6316847083181281,synthetic,SPEC_V1,2026-10-07
OOD00040,3,23,ood,0.5186423348482907,0.1482550355633229,0.33310262958838643,7.450370708363722,24.93968040556777,53.9938713188849,6.9,2.3745770042630068,28.645798390320646,2.9001340505381528,26.524762140325848,27.549178348766702,211.98728344732606,6.94502294170922,0.8473622586672354,3.51995641160302,0.6672774734937094,0.7439539307385714,0.08603937514707428,0.9149628104527479,0.7113525555108002,87.9,123.56742000720267,0.6316847083181281,synthetic,SPEC_V1,2026-10-07
OOD00040,4,23,ood,0.5186423348482907,0.1482550355633229,0.33310262958838643,7.450370708363722,24.93968040556777,53.9938713188849,6.9,2.3745770042630068,28.645798390320646,2.9001340505381528,26.524762140325848,27.549178348766702,211.98728344732606,6.94502294170922,0.8473622586672354,3.51995641160302,0.6672774734937094,0.7439539307385714,0.08603937514707428,0.9149628104527479,0.7241696174926114,101.5,140.16053359354805,0.6316847083181281,synthetic,SPEC_V1,2026-10-07
OOD00040,5,23,ood,0.5186423348482907,0.1482550355633229,0.33310262958838643,7.450370708363722,24.93968040556777,53.9938713188849,6.9,2.3745770042630068,28.645798390320646,2.9001340505381528,26.524762140325848,27.549178348766702,211.98728344732606,6.94502294170922,0.8473622586672354,3.51995641160302,0.6672774734937094,0.7439539307385714,0.08603937514707428,0.9149628104527479,0.7405816019228286,97.9,132.19340008692458,0.6316847083181281,synthetic,SPEC_V1,2026-10-07
OOD00040,6,23,ood,0.5186423348482907,0.1482550355633229,0.33310262958838643,7.450370708363722,24.93968040556777,53.9938713188849,6.9,2.3745770042630068,28.645798390320646,2.9001340505381528,26.524762140325848,27.549178348766702,211.98728344732606,6.94502294170922,0.8473622586672354,3.51995641160302,0.6672774734937094,0.7439539307385714,0.08603937514707428,0.9149628104527479,0.7339255827595261,97.4,132.71100270654216,0.6316847083181281,synthetic,SPEC_V1,2026-10-07
OOD00040,7,23,ood,0.5186423348482907,0.1482550355633229,0.33310262958838643,7.450370708363722,24.93968040556777,53.9938713188849,6.9,2.3745770042630068,28.645798390320646,2.9001340505381528,26.524762140325848,27.549178348766702,211.98728344732606,6.94502294170922,0.8473622586672354,3.51995641160302,0.6672774734937094,0.7439539307385714,0.08603937514707428,0.9149628104527479,0.7252239861032634,95.30000000000001,131.40767793969573,0.6316847083181281,synthetic,SPEC_V1,2026-10-07
OOD00041,0,23,ood,0.5971609231497337,0.06439520258037959,0.33844387426988676,6.87501570593408,24.755409792643455,51.498532255195386,6.800000000000001,1.8001903022868482,25.150673988744177,2.3691214882633003,32.27619919273036,71.28841134798466,210.42098323746936,6.78708437318026,0.8545883135348163,1.5176114063868238,0.6634962647622179,0.939870618508538,0.07714112643492864,0.8563177941590199,0.7134793849859433,84.10000000000001,117.8730623053067,0.10991416594227532,synthetic,SPEC_V1,2026-10-07
OOD00041,1,23,ood,0.5971609231497337,0.06439520258037959,0.33844387426988676,6.87501570593408,24.755409792643455,51.498532255195386,6.800000000000001,1.8001903022868482,25.150673988744177,2.3691214882633003,32.27619919273036,71.28841134798466,210.42098323746936,6.78708437318026,0.8545883135348163,1.5176114063868238,0.6634962647622179,0.939870618508538,0.07714112643492864,0.8563177941590199,0.71038528592063,81.60000000000001,114.86724403961968,0.10991416594227532,synthetic,SPEC_V1,2026-10-07
OOD00041,2,23,ood,0.5971609231497337,0.06439520258037959,0.33844387426988676,6.87501570593408,24.755409792643455,51.498532255195386,6.800000000000001,1.8001903022868482,25.150673988744177,2.3691214882633003,32.27619919273036,71.28841134798466,210.42098323746936,6.78708437318026,0.8545883135348163,1.5176114063868238,0.6634962647622179,0.939870618508538,0.07714112643492864,0.8563177941590199,0.7001466699952958,83.80000000000001,119.68920740644678,0.10991416594227532,synthetic,SPEC_V1,2026-10-07
OOD00041,3,23,ood,0.5971609231497337,0.06439520258037959,0.33844387426988676,6.87501570593408,24.755409792643455,51.498532255195386,6.800000000000001,1.8001903022868482,25.150673988744177,2.3691214882633003,32.27619919273036,71.28841134798466,210.42098323746936,6.78708437318026,0.8545883135348163,1.5176114063868238,0.6634962647622179,0.939870618508538,0.07714112643492864,0.8563177941590199,0.7317137260399029,80.60000000000001,110.15236851741743,0.10991416594227532,synthetic,SPEC_V1,2026-10-07
OOD00041,4,23,ood,0.5971609231497337,0.06439520258037959,0.33844387426988676,6.87501570593408,24.755409792643455,51.498532255195386,6.800000000000001,1.8001903022868482,25.150673988744177,2.3691214882633003,32.27619919273036,71.28841134798466,210.42098323746936,6.78708437318026,0.8545883135348163,1.5176114063868238,0.6634962647622179,0.939870618508538,0.07714112643492864,0.8563177941590199,0.698908213541619,85.2,121.90441942048584,0.10991416594227532,synthetic,SPEC_V1,2026-10-07
OOD00041,5,23,ood,0.5971609231497337,0.06439520258037959,0.33844387426988676,6.87501570593408,24.755409792643455,51.498532255195386,6.800000000000001,1.8001903022868482,25.150673988744177,2.3691214882633003,32.27619919273036,71.28841134798466,210.42098323746936,6.78708437318026,0.8545883135348163,1.5176114063868238,0.6634962647622179,0.939870618508538,0.07714112643492864,0.8563177941590199,0.7172416890212968,87.5,121.99513962914932,0.10991416594227532,synthetic,SPEC_V1,2026-10-07
OOD00041,6,23,ood,0.5971609231497337,0.06439520258037959,0.33844387426988676,6.87501570593408,24.755409792643455,51.498532255195386,6.800000000000001,1.8001903022868482,25.150673988744177,2.3691214882633003,32.27619919273036,71.28841134798466,210.42098323746936,6.78708437318026,0.8545883135348163,1.5176114063868238,0.6634962647622179,0.939870618508538,0.07714112643492864,0.8563177941590199,0.6979390761054014,84.60000000000001,121.21401838120306,0.10991416594227532,synthetic,SPEC_V1,2026-10-07
OOD00041,7,23,ood,0.5971609231497337,0.06439520258037959,0.33844387426988676,6.87501570593408,24.755409792643455,51.498532255195386,6.800000000000001,1.8001903022868482,25.150673988744177,2.3691214882633003,32.27619919273036,71.28841134798466,210.42098323746936,6.78708437318026,0.8545883135348163,1.5176114063868238,0.6634962647622179,0.939870618508538,0.07714112643492864,0.8563177941590199,0.7175856226372913,82.4,114.8295024322828,0.10991416594227532,synthetic,SPEC_V1,2026-10-07
OOD00042,0,23,ood,0.5369785690777779,0.11760614908352306,0.3454152818386991,6.557937713517954,25.90286218196975,30.25086945196721,5.9,2.6353164886584435,34.923859804216875,2.9966568964102405,28.09932506636488,57.62718156893794,220.17432854674286,5.946115129020525,0.9126189329834341,2.9001117496324764,0.6335592878542655,0.8106164060027342,0.021397469208265723,0.47372115137490056,0.726225393274173,4.1000000000000005,5.64563018309678,0.7647782306217865,synthetic,SPEC_V1,2026-10-07
OOD00042,1,23,ood,0.5369785690777779,0.11760614908352306,0.3454152818386991,6.557937713517954,25.90286218196975,30.25086945196721,5.9,2.6353164886584435,34.923859804216875,2.9966568964102405,28.09932506636488,57.62718156893794,220.17432854674286,5.946115129020525,0.9126189329834341,2.9001117496324764,0.6335592878542655,0.8106164060027342,0.021397469208265723,0.47372115137490056,0.7378894472365565,4.2,5.691909561424507,0.7647782306217865,synthetic,SPEC_V1,2026-10-07
OOD00042,2,23,ood,0.5369785690777779,0.11760614908352306,0.3454152818386991,6.557937713517954,25.90286218196975,30.25086945196721,5.9,2.6353164886584435,34.923859804216875,2.9966568964102405,28.09932506636488,57.62718156893794,220.17432854674286,5.946115129020525,0.9126189329834341,2.9001117496324764,0.6335592878542655,0.8106164060027342,0.021397469208265723,0.47372115137490056,0.7337657253946396,4.1000000000000005,5.587614490708062,0.7647782306217865,synthetic,SPEC_V1,2026-10-07
OOD00042,3,23,ood,0.5369785690777779,0.11760614908352306,0.3454152818386991,6.557937713517954,25.90286218196975,30.25086945196721,5.9,2.6353164886584435,34.923859804216875,2.9966568964102405,28.09932506636488,57.62718156893794,220.17432854674286,5.946115129020525,0.9126189329834341,2.9001117496324764,0.6335592878542655,0.8106164060027342,0.021397469208265723,0.47372115137490056,0.7275043538866265,4.0,5.4982488814401735,0.7647782306217865,synthetic,SPEC_V1,2026-10-07
OOD00042,4,23,ood,0.5369785690777779,0.11760614908352306,0.3454152818386991,6.557937713517954,25.90286218196975,30.25086945196721,5.9,2.6353164886584435,34.923859804216875,2.9966568964102405,28.09932506636488,57.62718156893794,220.17432854674286,5.946115129020525,0.9126189329834341,2.9001117496324764,0.6335592878542655,0.8106164060027342,0.021397469208265723,0.47372115137490056,0.7110690685023056,4.0,5.625332583267936,0.7647782306217865,synthetic,SPEC_V1,2026-10-07
OOD00042,5,23,ood,0.5369785690777779,0.11760614908352306,0.3454152818386991,6.557937713517954,25.90286218196975,30.25086945196721,5.9,2.6353164886584435,34.923859804216875,2.9966568964102405,28.09932506636488,57.62718156893794,220.17432854674286,5.946115129020525,0.9126189329834341,2.9001117496324764,0.6335592878542655,0.8106164060027342,0.021397469208265723,0.47372115137490056,0.7294528588242919,4.3,5.894829183246466,0.7647782306217865,synthetic,SPEC_V1,2026-10-07
OOD00042,6,23,ood,0.5369785690777779,0.11760614908352306,0.3454152818386991,6.557937713517954,25.90286218196975,30.25086945196721,5.9,2.6353164886584435,34.923859804216875,2.9966568964102405,28.09932506636488,57.62718156893794,220.17432854674286,5.946115129020525,0.9126189329834341,2.9001117496324764,0.6335592878542655,0.8106164060027342,0.021397469208265723,0.47372115137490056,0.7124055937390782,4.5,6.316626426782586,0.7647782306217865,synthetic,SPEC_V1,2026-10-07
OOD00042,7,23,ood,0.5369785690777779,0.11760614908352306,0.3454152818386991,6.557937713517954,25.90286218196975,30.25086945196721,5.9,2.6353164886584435,34.923859804216875,2.9966568964102405,28.09932506636488,57.62718156893794,220.17432854674286,5.946115129020525,0.9126189329834341,2.9001117496324764,0.6335592878542655,0.8106164060027342,0.021397469208265723,0.47372115137490056,0.7027164657587813,3.9000000000000004,5.549891300453372,0.7647782306217865,synthetic,SPEC_V1,2026-10-07
OOD00043,0,23,ood,0.4811507399575118,0.14587104746085303,0.37297821258163527,6.610321008548761,26.38823377298075,38.48261628900529,6.0,2.389305425999384,30.12613969784833,2.232219555005064,27.42169173211281,76.592294821008,224.29998707033639,6.038253375432529,1.0039080991149356,3.6645138946534446,0.5882757929965169,0.7283223636266373,0.02305421387602697,0.49923903938622993,0.7317311911860626,5.4,7.379759213553743,0.7150845413952898,synthetic,SPEC_V1,2026-10-07
OOD00043,1,23,ood,0.4811507399575118,0.14587104746085303,0.37297821258163527,6.610321008548761,26.38823377298075,38.48261628900529,6.0,2.389305425999384,30.12613969784833,2.232219555005064,27.42169173211281,76.592294821008,224.29998707033639,6.038253375432529,1.0039080991149356,3.6645138946534446,0.5882757929965169,0.7283223636266373,0.02305421387602697,0.49923903938622993,0.7383290660694818,5.800000000000001,7.855575876047363,0.7150845413952898,synthetic,SPEC_V1,2026-10-07
OOD00043,2,23,ood,0.4811507399575118,0.14587104746085303,0.37297821258163527,6.610321008548761,26.38823377298075,38.48261628900529,6.0,2.389305425999384,30.12613969784833,2.232219555005064,27.42169173211281,76.592294821008,224.29998707033639,6.038253375432529,1.0039080991149356,3.6645138946534446,0.5882757929965169,0.7283223636266373,0.02305421387602697,0.49923903938622993,0.7400613291491249,5.7,7.702064376953049,0.7150845413952898,synthetic,SPEC_V1,2026-10-07
OOD00043,3,23,ood,0.4811507399575118,0.14587104746085303,0.37297821258163527,6.610321008548761,26.38823377298075,38.48261628900529,6.0,2.389305425999384,30.12613969784833,2.232219555005064,27.42169173211281,76.592294821008,224.29998707033639,6.038253375432529,1.0039080991149356,3.6645138946534446,0.5882757929965169,0.7283223636266373,0.02305421387602697,0.49923903938622993,0.7399321869601464,6.300000000000001,8.514293756948467,0.7150845413952898,synthetic,SPEC_V1,2026-10-07
OOD00043,4,23,ood,0.4811507399575118,0.14587104746085303,0.37297821258163527,6.610321008548761,26.38823377298075,38.48261628900529,6.0,2.389305425999384,30.12613969784833,2.232219555005064,27.42169173211281,76.592294821008,224.29998707033639,6.038253375432529,1.0039080991149356,3.6645138946534446,0.5882757929965169,0.7283223636266373,0.02305421387602697,0.49923903938622993,0.75,6.4,8.533333333333333,0.7150845413952898,synthetic,SPEC_V1,2026-10-07
OOD00043,5,23,ood,0.4811507399575118,0.14587104746085303,0.37297821258163527,6.610321008548761,26.38823377298075,38.48261628900529,6.0,2.389305425999384,30.12613969784833,2.232219555005064,27.42169173211281,76.592294821008,224.29998707033639,6.038253375432529,1.0039080991149356,3.6645138946534446,0.5882757929965169,0.7283223636266373,0.02305421387602697,0.49923903938622993,0.7284142193821658,6.5,8.92349411508364,0.7150845413952898,synthetic,SPEC_V1,2026-10-07
OOD00043,6,23,ood,0.4811507399575118,0.14587104746085303,0.37297821258163527,6.610321008548761,26.38823377298075,38.48261628900529,6.0,2.389305425999384,30.12613969784833,2.232219555005064,27.42169173211281,76.592294821008,224.29998707033639,6.038253375432529,1.0039080991149356,3.6645138946534446,0.5882757929965169,0.7283223636266373,0.02305421387602697,0.49923903938622993,0.7291487519168136,6.0,8.228773599662585,0.7150845413952898,synthetic,SPEC_V1,2026-10-07
OOD00043,7,23,ood,0.4811507399575118,0.14587104746085303,0.37297821258163527,6.610321008548761,26.38823377298075,38.48261628900529,6.0,2.389305425999384,30.12613969784833,2.232219555005064,27.42169173211281,76.592294821008,224.29998707033639,6.038253375432529,1.0039080991149356,3.6645138946534446,0.5882757929965169,0.7283223636266373,0.02305421387602697,0.49923903938622993,0.7418106384823733,5.800000000000001,7.818706957163461,0.7150845413952898,synthetic,SPEC_V1,2026-10-07
OOD00044,0,23,ood,0.4753530865022426,0.19742563583232586,0.32722127766543146,7.3451521089075955,22.67769909910647,51.9412325803487,6.5,3.3530612844543235,23.817970073957873,1.7158748655775482,25.538946676186967,62.41682802085249,192.76044234240496,6.545152108907596,0.7569038187196258,4.262255523990206,0.7153845567487287,0.6646134768460595,0.08097876453091002,0.8546702223371796,0.7006785936211842,38.900000000000006,55.51760872122625,1.0,synthetic,SPEC_V1,2026-10-07
OOD00044,1,23,ood,0.4753530865022426,0.19742563583232586,0.32722127766543146,7.3451521089075955,22.67769909910647,51.9412325803487,6.5,3.3530612844543235,23.817970073957873,1.7158748655775482,25.538946676186967,62.41682802085249,192.76044234240496,6.545152108907596,0.7569038187196258,4.262255523990206,0.7153845567487287,0.6646134768460595,0.08097876453091002,0.8546702223371796,0.7291617871729513,32.1,44.02315174037794,1.0,synthetic,SPEC_V1,2026-10-07
OOD00044,2,23,ood,0.4753530865022426,0.19742563583232586,0.32722127766543146,7.3451521089075955,22.67769909910647,51.9412325803487,6.5,3.3530612844543235,23.817970073957873,1.7158748655775482,25.538946676186967,62.41682802085249,192.76044234240496,6.545152108907596,0.7569038187196258,4.262255523990206,0.7153845567487287,0.6646134768460595,0.08097876453091002,0.8546702223371796,0.7201955196466464,36.1,50.1252771160142,1.0,synthetic,SPEC_V1,2026-10-07
OOD00044,3,23,ood,0.4753530865022426,0.19742563583232586,0.32722127766543146,7.3451521089075955,22.67769909910647,51.9412325803487,6.5,3.3530612844543235,23.817970073957873,1.7158748655775482,25.538946676186967,62.41682802085249,192.76044234240496,6.545152108907596,0.7569038187196258,4.262255523990206,0.7153845567487287,0.6646134768460595,0.08097876453091002,0.8546702223371796,0.703260504919298,36.6,52.043303646349365,1.0,synthetic,SPEC_V1,2026-10-07
OOD00044,4,23,ood,0.4753530865022426,0.19742563583232586,0.32722127766543146,7.3451521089075955,22.67769909910647,51.9412325803487,6.5,3.3530612844543235,23.817970073957873,1.7158748655775482,25.538946676186967,62.41682802085249,192.76044234240496,6.545152108907596,0.7569038187196258,4.262255523990206,0.7153845567487287,0.6646134768460595,0.08097876453091002,0.8546702223371796,0.7147303360745529,33.800000000000004,47.290563019385196,1.0,synthetic,SPEC_V1,2026-10-07
OOD00044,5,23,ood,0.4753530865022426,0.19742563583232586,0.32722127766543146,7.3451521089075955,22.67769909910647,51.9412325803487,6.5,3.3530612844543235,23.817970073957873,1.7158748655775482,25.538946676186967,62.41682802085249,192.76044234240496,6.545152108907596,0.7569038187196258,4.262255523990206,0.7153845567487287,0.6646134768460595,0.08097876453091002,0.8546702223371796,0.6971722907449762,36.2,51.92403725816158,1.0,synthetic,SPEC_V1,2026-10-07
OOD00044,6,23,ood,0.4753530865022426,0.19742563583232586,0.32722127766543146,7.3451521089075955,22.67769909910647,51.9412325803487,6.5,3.3530612844543235,23.817970073957873,1.7158748655775482,25.538946676186967,62.41682802085249,192.76044234240496,6.545152108907596,0.7569038187196258,4.262255523990206,0.7153845567487287,0.6646134768460595,0.08097876453091002,0.8546702223371796,0.7024710233144734,35.4,50.39353770490341,1.0,synthetic,SPEC_V1,2026-10-07
OOD00044,7,23,ood,0.4753530865022426,0.19742563583232586,0.32722127766543146,7.3451521089075955,22.67769909910647,51.9412325803487,6.5,3.3530612844543235,23.817970073957873,1.7158748655775482,25.538946676186967,62.41682802085249,192.76044234240496,6.545152108907596,0.7569038187196258,4.262255523990206,0.7153845567487287,0.6646134768460595,0.08097876453091002,0.8546702223371796,0.6871315958570667,32.1,46.715942322462006,1.0,synthetic,SPEC_V1,2026-10-07
OOD00045,0,23,ood,0.5074151485552673,0.1381749003221965,0.3544099511225362,7.228700698412019,22.53293044869814,39.26777283720694,6.6000000000000005,2.5826465123664697,32.44464905722184,1.7422682078052127,30.0180126892584,59.24559947287922,191.52990881393416,6.591643497264547,0.8145612674550027,2.9640381186174904,0.6845700567124298,0.8038312029772975,0.06643366336366423,0.8637153956643384,0.7171826316482196,54.300000000000004,75.71293224880316,0.796321501434339,synthetic,SPEC_V1,2026-10-07
OOD00045,1,23,ood,0.5074151485552673,0.1381749003221965,0.3544099511225362,7.228700698412019,22.53293044869814,39.26777283720694,6.6000000000000005,2.5826465123664697,32.44464905722184,1.7422682078052127,30.0180126892584,59.24559947287922,191.52990881393416,6.591643497264547,0.8145612674550027,2.9640381186174904,0.6845700567124298,0.8038312029772975,0.06643366336366423,0.8637153956643384,0.7186201719329889,56.5,78.6228973339599,0.796321501434339,synthetic,SPEC_V1,2026-10-07
OOD00045,2,23,ood,0.5074151485552673,0.1381749003221965,0.3544099511225362,7.228700698412019,22.53293044869814,39.26777283720694,6.6000000000000005,2.5826465123664697,32.44464905722184,1.7422682078052127,30.0180126892584,59.24559947287922,191.52990881393416,6.591643497264547,0.8145612674550027,2.9640381186174904,0.6845700567124298,0.8038312029772975,0.06643366336366423,0.8637153956643384,0.7494182746000511,47.1,62.84874761712515,0.796321501434339,synthetic,SPEC_V1,2026-10-07
OOD00045,3,23,ood,0.5074151485552673,0.1381749003221965,0.3544099511225362,7.228700698412019,22.53293044869814,39.26777283720694,6.6000000000000005,2.5826465123664697,32.44464905722184,1.7422682078052127,30.0180126892584,59.24559947287922,191.52990881393416,6.591643497264547,0.8145612674550027,2.9640381186174904,0.6845700567124298,0.8038312029772975,0.06643366336366423,0.8637153956643384,0.7234211068854667,53.1,73.4012313085674,0.796321501434339,synthetic,SPEC_V1,2026-10-07
OOD00045,4,23,ood,0.5074151485552673,0.1381749003221965,0.3544099511225362,7.228700698412019,22.53293044869814,39.26777283720694,6.6000000000000005,2.5826465123664697,32.44464905722184,1.7422682078052127,30.0180126892584,59.24559947287922,191.52990881393416,6.591643497264547,0.8145612674550027,2.9640381186174904,0.6845700567124298,0.8038312029772975,0.06643366336366423,0.8637153956643384,0.7394327354791761,50.7,68.56607446131632,0.796321501434339,synthetic,SPEC_V1,2026-10-07
OOD00045,5,23,ood,0.5074151485552673,0.1381749003221965,0.3544099511225362,7.228700698412019,22.53293044869814,39.26777283720694,6.6000000000000005,2.5826465123664697,32.44464905722184,1.7422682078052127,30.0180126892584,59.24559947287922,191.52990881393416,6.591643497264547,0.8145612674550027,2.9640381186174904,0.6845700567124298,0.8038312029772975,0.06643366336366423,0.8637153956643384,0.730807495009528,47.2,64.58609185362094,0.796321501434339,synthetic,SPEC_V1,2026-10-07
OOD00045,6,23,ood,0.5074151485552673,0.1381749003221965,0.3544099511225362,7.228700698412019,22.53293044869814,39.26777283720694,6.6000000000000005,2.5826465123664697,32.44464905722184,1.7422682078052127,30.0180126892584,59.24559947287922,191.52990881393416,6.591643497264547,0.8145612674550027,2.9640381186174904,0.6845700567124298,0.8038312029772975,0.06643366336366423,0.8637153956643384,0.7276153394659886,50.0,68.71762769143378,0.796321501434339,synthetic,SPEC_V1,2026-10-07
OOD00045,7,23,ood,0.5074151485552673,0.1381749003221965,0.3544099511225362,7.228700698412019,22.53293044869814,39.26777283720694,6.6000000000000005,2.5826465123664697,32.44464905722184,1.7422682078052127,30.0180126892584,59.24559947287922,191.52990881393416,6.591643497264547,0.8145612674550027,2.9640381186174904,0.6845700567124298,0.8038312029772975,0.06643366336366423,0.8637153956643384,0.7339025086450404,54.6,74.39680251373532,0.796321501434339,synthetic,SPEC_V1,2026-10-07
OOD00046,0,23,ood,0.5573291556896052,0.11104274031171674,0.3316281039986781,6.774972692743623,23.144000588460774,53.4711613770712,6.0,3.3259276371043818,31.416431768070982,1.2382918193527412,34.17399195211978,23.297357621723233,196.72400500191657,5.9749726927436235,0.7828705054777446,2.446614531256973,0.7014514394981907,0.8574302460283725,0.027878940063127244,0.5667187405379313,0.7065687320012565,2.8000000000000003,3.962813344526858,1.0,synthetic,SPEC_V1,2026-10-07
OOD00046,1,23,ood,0.5573291556896052,0.11104274031171674,0.3316281039986781,6.774972692743623,23.144000588460774,53.4711613770712,6.0,3.3259276371043818,31.416431768070982,1.2382918193527412,34.17399195211978,23.297357621723233,196.72400500191657,5.9749726927436235,0.7828705054777446,2.446614531256973,0.7014514394981907,0.8574302460283725,0.027878940063127244,0.5667187405379313,0.703986011808266,2.8000000000000003,3.9773517556235105,1.0,synthetic,SPEC_V1,2026-10-07
OOD00046,2,23,ood,0.5573291556896052,0.11104274031171674,0.3316281039986781,6.774972692743623,23.144000588460774,53.4711613770712,6.0,3.3259276371043818,31.416431768070982,1.2382918193527412,34.17399195211978,23.297357621723233,196.72400500191657,5.9749726927436235,0.7828705054777446,2.446614531256973,0.7014514394981907,0.8574302460283725,0.027878940063127244,0.5667187405379313,0.7228723340390575,2.9000000000000004,4.011773398210189,1.0,synthetic,SPEC_V1,2026-10-07
OOD00046,3,23,ood,0.5573291556896052,0.11104274031171674,0.3316281039986781,6.774972692743623,23.144000588460774,53.4711613770712,6.0,3.3259276371043818,31.416431768070982,1.2382918193527412,34.17399195211978,23.297357621723233,196.72400500191657,5.9749726927436235,0.7828705054777446,2.446614531256973,0.7014514394981907,0.8574302460283725,0.027878940063127244,0.5667187405379313,0.7145129698829278,2.9000000000000004,4.058708690025826,1.0,synthetic,SPEC_V1,2026-10-07
OOD00046,4,23,ood,0.5573291556896052,0.11104274031171674,0.3316281039986781,6.774972692743623,23.144000588460774,53.4711613770712,6.0,3.3259276371043818,31.416431768070982,1.2382918193527412,34.17399195211978,23.297357621723233,196.72400500191657,5.9749726927436235,0.7828705054777446,2.446614531256973,0.7014514394981907,0.8574302460283725,0.027878940063127244,0.5667187405379313,0.708682607218493,2.9000000000000004,4.092099863128015,1.0,synthetic,SPEC_V1,2026-10-07
OOD00046,5,23,ood,0.5573291556896052,0.11104274031171674,0.3316281039986781,6.774972692743623,23.144000588460774,53.4711613770712,6.0,3.3259276371043818,31.416431768070982,1.2382918193527412,34.17399195211978,23.297357621723233,196.72400500191657,5.9749726927436235,0.7828705054777446,2.446614531256973,0.7014514394981907,0.8574302460283725,0.027878940063127244,0.5667187405379313,0.7045049743668953,2.9000000000000004,4.116365541075265,1.0,synthetic,SPEC_V1,2026-10-07
OOD00046,6,23,ood,0.5573291556896052,0.11104274031171674,0.3316281039986781,6.774972692743623,23.144000588460774,53.4711613770712,6.0,3.3259276371043818,31.416431768070982,1.2382918193527412,34.17399195211978,23.297357621723233,196.72400500191657,5.9749726927436235,0.7828705054777446,2.446614531256973,0.7014514394981907,0.8574302460283725,0.027878940063127244,0.5667187405379313,0.6974097900861721,2.9000000000000004,4.158243892219631,1.0,synthetic,SPEC_V1,2026-10-07
OOD00046,7,23,ood,0.5573291556896052,0.11104274031171674,0.3316281039986781,6.774972692743623,23.144000588460774,53.4711613770712,6.0,3.3259276371043818,31.416431768070982,1.2382918193527412,34.17399195211978,23.297357621723233,196.72400500191657,5.9749726927436235,0.7828705054777446,2.446614531256973,0.7014514394981907,0.8574302460283725,0.027878940063127244,0.5667187405379313,0.7051676029905216,2.7,3.82887697697634,1.0,synthetic,SPEC_V1,2026-10-07
OOD00047,0,23,ood,0.4719143967671455,0.1497557778403975,0.37832982539245696,7.380603844369325,27.898233254635812,44.688002988011235,7.0,2.0174472469685165,26.45861025936204,1.3265948547459256,27.962868421617344,78.51456739387098,237.1349826644044,7.009100987366934,1.076582839030409,3.97738138359263,0.5540527282942356,0.6947183292316744,0.04527866748679471,0.6982060007649362,0.75,56.400000000000006,75.2,0.46437857125298954,synthetic,SPEC_V1,2026-10-07
OOD00047,1,23,ood,0.4719143967671455,0.1497557778403975,0.37832982539245696,7.380603844369325,27.898233254635812,44.688002988011235,7.0,2.0174472469685165,26.45861025936204,1.3265948547459256,27.962868421617344,78.51456739387098,237.1349826644044,7.009100987366934,1.076582839030409,3.97738138359263,0.5540527282942356,0.6947183292316744,0.04527866748679471,0.6982060007649362,0.75,60.5,80.66666666666667,0.46437857125298954,synthetic,SPEC_V1,2026-10-07
OOD00047,2,23,ood,0.4719143967671455,0.1497557778403975,0.37832982539245696,7.380603844369325,27.898233254635812,44.688002988011235,7.0,2.0174472469685165,26.45861025936204,1.3265948547459256,27.962868421617344,78.51456739387098,237.1349826644044,7.009100987366934,1.076582839030409,3.97738138359263,0.5540527282942356,0.6947183292316744,0.04527866748679471,0.6982060007649362,0.75,56.6,75.46666666666667,0.46437857125298954,synthetic,SPEC_V1,2026-10-07
OOD00047,3,23,ood,0.4719143967671455,0.1497557778403975,0.37832982539245696,7.380603844369325,27.898233254635812,44.688002988011235,7.0,2.0174472469685165,26.45861025936204,1.3265948547459256,27.962868421617344,78.51456739387098,237.1349826644044,7.009100987366934,1.076582839030409,3.97738138359263,0.5540527282942356,0.6947183292316744,0.04527866748679471,0.6982060007649362,0.75,59.1,78.8,0.46437857125298954,synthetic,SPEC_V1,2026-10-07
OOD00047,4,23,ood,0.4719143967671455,0.1497557778403975,0.37832982539245696,7.380603844369325,27.898233254635812,44.688002988011235,7.0,2.0174472469685165,26.45861025936204,1.3265948547459256,27.962868421617344,78.51456739387098,237.1349826644044,7.009100987366934,1.076582839030409,3.97738138359263,0.5540527282942356,0.6947183292316744,0.04527866748679471,0.6982060007649362,0.727623935650533,58.7,80.67354181733893,0.46437857125298954,synthetic,SPEC_V1,2026-10-07
OOD00047,5,23,ood,0.4719143967671455,0.1497557778403975,0.37832982539245696,7.380603844369325,27.898233254635812,44.688002988011235,7.0,2.0174472469685165,26.45861025936204,1.3265948547459256,27.962868421617344,78.51456739387098,237.1349826644044,7.009100987366934,1.076582839030409,3.97738138359263,0.5540527282942356,0.6947183292316744,0.04527866748679471,0.6982060007649362,0.7420822174003389,52.6,70.88163382255436,0.46437857125298954,synthetic,SPEC_V1,2026-10-07
OOD00047,6,23,ood,0.4719143967671455,0.1497557778403975,0.37832982539245696,7.380603844369325,27.898233254635812,44.688002988011235,7.0,2.0174472469685165,26.45861025936204,1.3265948547459256,27.962868421617344,78.51456739387098,237.1349826644044,7.009100987366934,1.076582839030409,3.97738138359263,0.5540527282942356,0.6947183292316744,0.04527866748679471,0.6982060007649362,0.7293255133947449,56.7,77.74306391131462,0.46437857125298954,synthetic,SPEC_V1,2026-10-07
OOD00047,7,23,ood,0.4719143967671455,0.1497557778403975,0.37832982539245696,7.380603844369325,27.898233254635812,44.688002988011235,7.0,2.0174472469685165,26.45861025936204,1.3265948547459256,27.962868421617344,78.51456739387098,237.1349826644044,7.009100987366934,1.076582839030409,3.97738138359263,0.5540527282942356,0.6947183292316744,0.04527866748679471,0.6982060007649362,0.75,55.6,74.13333333333334,0.46437857125298954,synthetic,SPEC_V1,2026-10-07
OOD00048,0,23,ood,0.533276381631071,0.11921065368257629,0.3475129646863526,7.135796583483286,23.030637260352005,49.699279332912894,6.9,1.9375472057851417,29.53120619832451,2.5798399951142876,28.39248994965777,10.81707579568301,195.76041671299205,6.892967256263788,0.8163513933620121,2.6137134510512836,0.6836212336492368,0.8405029400667822,0.06867538951759616,0.8684103734221901,0.7144860455929314,123.5,172.85152140026878,0.30353665902437266,synthetic,SPEC_V1,2026-10-07
OOD00048,1,23,ood,0.533276381631071,0.11921065368257629,0.3475129646863526,7.135796583483286,23.030637260352005,49.699279332912894,6.9,1.9375472057851417,29.53120619832451,2.5798399951142876,28.39248994965777,10.81707579568301,195.76041671299205,6.892967256263788,0.8163513933620121,2.6137134510512836,0.6836212336492368,0.8405029400667822,0.06867538951759616,0.8684103734221901,0.735268693121334,141.20000000000002,192.0386401882328,0.30353665902437266,synthetic,SPEC_V1,2026-10-07
OOD00048,2,23,ood,0.533276381631071,0.11921065368257629,0.3475129646863526,7.135796583483286,23.030637260352005,49.699279332912894,6.9,1.9375472057851417,29.53120619832451,2.5798399951142876,28.39248994965777,10.81707579568301,195.76041671299205,6.892967256263788,0.8163513933620121,2.6137134510512836,0.6836212336492368,0.8405029400667822,0.06867538951759616,0.8684103734221901,0.7359032325109518,134.9,183.3121449130099,0.30353665902437266,synthetic,SPEC_V1,2026-10-07
OOD00048,3,23,ood,0.533276381631071,0.11921065368257629,0.3475129646863526,7.135796583483286,23.030637260352005,49.699279332912894,6.9,1.9375472057851417,29.53120619832451,2.5798399951142876,28.39248994965777,10.81707579568301,195.76041671299205,6.892967256263788,0.8163513933620121,2.6137134510512836,0.6836212336492368,0.8405029400667822,0.06867538951759616,0.8684103734221901,0.7240030160550573,140.1,193.50748117511432,0.30353665902437266,synthetic,SPEC_V1,2026-10-07
OOD00048,4,23,ood,0.533276381631071,0.11921065368257629,0.3475129646863526,7.135796583483286,23.030637260352005,49.699279332912894,6.9,1.9375472057851417,29.53120619832451,2.5798399951142876,28.39248994965777,10.81707579568301,195.76041671299205,6.892967256263788,0.8163513933620121,2.6137134510512836,0.6836212336492368,0.8405029400667822,0.06867538951759616,0.8684103734221901,0.7124956851432925,128.0,179.6502107577781,0.30353665902437266,synthetic,SPEC_V1,2026-10-07
OOD00048,5,23,ood,0.533276381631071,0.11921065368257629,0.3475129646863526,7.135796583483286,23.030637260352005,49.699279332912894,6.9,1.9375472057851417,29.53120619832451,2.5798399951142876,28.39248994965777,10.81707579568301,195.76041671299205,6.892967256263788,0.8163513933620121,2.6137134510512836,0.6836212336492368,0.8405029400667822,0.06867538951759616,0.8684103734221901,0.7320317954527793,135.1,184.55482513083655,0.30353665902437266,synthetic,SPEC_V1,2026-10-07
OOD00048,6,23,ood,0.533276381631071,0.11921065368257629,0.3475129646863526,7.135796583483286,23.030637260352005,49.699279332912894,6.9,1.9375472057851417,29.53120619832451,2.5798399951142876,28.39248994965777,10.81707579568301,195.76041671299205,6.892967256263788,0.8163513933620121,2.6137134510512836,0.6836212336492368,0.8405029400667822,0.06867538951759616,0.8684103734221901,0.7232200744236346,147.20000000000002,203.53417335284848,0.30353665902437266,synthetic,SPEC_V1,2026-10-07
OOD00048,7,23,ood,0.533276381631071,0.11921065368257629,0.3475129646863526,7.135796583483286,23.030637260352005,49.699279332912894,6.9,1.9375472057851417,29.53120619832451,2.5798399951142876,28.39248994965777,10.81707579568301,195.76041671299205,6.892967256263788,0.8163513933620121,2.6137134510512836,0.6836212336492368,0.8405029400667822,0.06867538951759616,0.8684103734221901,0.7418272559783833,140.6,189.53199530875293,0.30353665902437266,synthetic,SPEC_V1,2026-10-07
OOD00049,0,23,ood,0.5349427114648624,0.12918087929149952,0.33587640924363804,6.6942985662082135,25.747518781709296,50.57138958420268,6.4,2.047522637024217,28.235821086673297,2.286698308657674,31.195053043670807,33.70757201208191,218.853909644529,6.392848005114154,0.8820943838440322,3.1664349342374156,0.649207053858093,0.7821613301007897,0.049856240603073886,0.7553023445057216,0.7039396658353076,52.6,74.72231293797584,0.3768132013675738,synthetic,SPEC_V1,2026-10-07
OOD00049,1,23,ood,0.5349427114648624,0.12918087929149952,0.33587640924363804,6.6942985662082135,25.747518781709296,50.57138958420268,6.4,2.047522637024217,28.235821086673297,2.286698308657674,31.195053043670807,33.70757201208191,218.853909644529,6.392848005114154,0.8820943838440322,3.1664349342374156,0.649207053858093,0.7821613301007897,0.049856240603073886,0.7553023445057216,0.7365440163103625,50.900000000000006,69.10652842579327,0.3768132013675738,synthetic,SPEC_V1,2026-10-07
OOD00049,2,23,ood,0.5349427114648624,0.12918087929149952,0.33587640924363804,6.6942985662082135,25.747518781709296,50.57138958420268,6.4,2.047522637024217,28.235821086673297,2.286698308657674,31.195053043670807,33.70757201208191,218.853909644529,6.392848005114154,0.8820943838440322,3.1664349342374156,0.649207053858093,0.7821613301007897,0.049856240603073886,0.7553023445057216,0.7025649261319835,53.1,75.58020337329602,0.3768132013675738,synthetic,SPEC_V1,2026-10-07
OOD00049,3,23,ood,0.5349427114648624,0.12918087929149952,0.33587640924363804,6.6942985662082135,25.747518781709296,50.57138958420268,6.4,2.047522637024217,28.235821086673297,2.286698308657674,31.195053043670807,33.70757201208191,218.853909644529,6.392848005114154,0.8820943838440322,3.1664349342374156,0.649207053858093,0.7821613301007897,0.049856240603073886,0.7553023445057216,0.70217727240319,48.400000000000006,68.92846280021541,0.3768132013675738,synthetic,SPEC_V1,2026-10-07
OOD00049,4,23,ood,0.5349427114648624,0.12918087929149952,0.33587640924363804,6.6942985662082135,25.747518781709296,50.57138958420268,6.4,2.047522637024217,28.235821086673297,2.286698308657674,31.195053043670807,33.70757201208191,218.853909644529,6.392848005114154,0.8820943838440322,3.1664349342374156,0.649207053858093,0.7821613301007897,0.049856240603073886,0.7553023445057216,0.7303516365053551,53.2,72.84162496651012,0.3768132013675738,synthetic,SPEC_V1,2026-10-07
OOD00049,5,23,ood,0.5349427114648624,0.12918087929149952,0.33587640924363804,6.6942985662082135,25.747518781709296,50.57138958420268,6.4,2.047522637024217,28.235821086673297,2.286698308657674,31.195053043670807,33.70757201208191,218.853909644529,6.392848005114154,0.8820943838440322,3.1664349342374156,0.649207053858093,0.7821613301007897,0.049856240603073886,0.7553023445057216,0.7259198770413764,49.5,68.18934370794005,0.3768132013675738,synthetic,SPEC_V1,2026-10-07
OOD00049,6,23,ood,0.5349427114648624,0.12918087929149952,0.33587640924363804,6.6942985662082135,25.747518781709296,50.57138958420268,6.4,2.047522637024217,28.235821086673297,2.286698308657674,31.195053043670807,33.70757201208191,218.853909644529,6.392848005114154,0.8820943838440322,3.1664349342374156,0.649207053858093,0.7821613301007897,0.049856240603073886,0.7553023445057216,0.7260773909640085,49.1,67.62364537313334,0.3768132013675738,synthetic,SPEC_V1,2026-10-07
OOD00049,7,23,ood,0.5349427114648624,0.12918087929149952,0.33587640924363804,6.6942985662082135,25.747518781709296,50.57138958420268,6.4,2.047522637024217,28.235821086673297,2.286698308657674,31.195053043670807,33.70757201208191,218.853909644529,6.392848005114154,0.8820943838440322,3.1664349342374156,0.649207053858093,0.7821613301007897,0.049856240603073886,0.7553023445057216,0.7072259824237077,49.5,69.99177240400643,0.3768132013675738,synthetic,SPEC_V1,2026-10-07
OOD00050,0,23,ood,0.5836882066626401,0.07903082550016131,0.3372809678371986,6.957298035540769,26.23607406485238,46.143247708919354,6.2,3.2452289996859576,26.105266969667127,2.8503930567785996,25.20179335840305,89.8446353911978,223.00662955124525,6.157298035540769,0.9025907021898674,1.9739325788496809,0.6386744026987623,0.9023368307360797,0.016025986987698946,0.34187649570082057,0.727045445671681,1.1,1.5129728224674663,1.0,synthetic,SPEC_V1,2026-10-07
OOD00050,1,23,ood,0.5836882066626401,0.07903082550016131,0.3372809678371986,6.957298035540769,26.23607406485238,46.143247708919354,6.2,3.2452289996859576,26.105266969667127,2.8503930567785996,25.20179335840305,89.8446353911978,223.00662955124525,6.157298035540769,0.9025907021898674,1.9739325788496809,0.6386744026987623,0.9023368307360797,0.016025986987698946,0.34187649570082057,0.7203167808933151,1.1,1.5271058917103297,1.0,synthetic,SPEC_V1,2026-10-07
OOD00050,2,23,ood,0.5836882066626401,0.07903082550016131,0.3372809678371986,6.957298035540769,26.23607406485238,46.143247708919354,6.2,3.2452289996859576,26.105266969667127,2.8503930567785996,25.20179335840305,89.8446353911978,223.00662955124525,6.157298035540769,0.9025907021898674,1.9739325788496809,0.6386744026987623,0.9023368307360797,0.016025986987698946,0.34187649570082057,0.7134226110518944,1.1,1.5418631018410291,1.0,synthetic,SPEC_V1,2026-10-07
OOD00050,3,23,ood,0.5836882066626401,0.07903082550016131,0.3372809678371986,6.957298035540769,26.23607406485238,46.143247708919354,6.2,3.2452289996859576,26.105266969667127,2.8503930567785996,25.20179335840305,89.8446353911978,223.00662955124525,6.157298035540769,0.9025907021898674,1.9739325788496809,0.6386744026987623,0.9023368307360797,0.016025986987698946,0.34187649570082057,0.7221103839774579,1.1,1.5233128125662556,1.0,synthetic,SPEC_V1,2026-10-07
OOD00050,4,23,ood,0.5836882066626401,0.07903082550016131,0.3372809678371986,6.957298035540769,26.23607406485238,46.143247708919354,6.2,3.2452289996859576,26.105266969667127,2.8503930567785996,25.20179335840305,89.8446353911978,223.00662955124525,6.157298035540769,0.9025907021898674,1.9739325788496809,0.6386744026987623,0.9023368307360797,0.016025986987698946,0.34187649570082057,0.7172817906492209,1.2000000000000002,1.672982662662975,1.0,synthetic,SPEC_V1,2026-10-07
OOD00050,5,23,ood,0.5836882066626401,0.07903082550016131,0.3372809678371986,6.957298035540769,26.23607406485238,46.143247708919354,6.2,3.2452289996859576,26.105266969667127,2.8503930567785996,25.20179335840305,89.8446353911978,223.00662955124525,6.157298035540769,0.9025907021898674,1.9739325788496809,0.6386744026987623,0.9023368307360797,0.016025986987698946,0.34187649570082057,0.7014414932120653,1.1,1.568199216392007,1.0,synthetic,SPEC_V1,2026-10-07
OOD00050,6,23,ood,0.5836882066626401,0.07903082550016131,0.3372809678371986,6.957298035540769,26.23607406485238,46.143247708919354,6.2,3.2452289996859576,26.105266969667127,2.8503930567785996,25.20179335840305,89.8446353911978,223.00662955124525,6.157298035540769,0.9025907021898674,1.9739325788496809,0.6386744026987623,0.9023368307360797,0.016025986987698946,0.34187649570082057,0.6984687689106908,1.1,1.574873564805946,1.0,synthetic,SPEC_V1,2026-10-07
OOD00050,7,23,ood,0.5836882066626401,0.07903082550016131,0.3372809678371986,6.957298035540769,26.23607406485238,46.143247708919354,6.2,3.2452289996859576,26.105266969667127,2.8503930567785996,25.20179335840305,89.8446353911978,223.00662955124525,6.157298035540769,0.9025907021898674,1.9739325788496809,0.6386744026987623,0.9023368307360797,0.016025986987698946,0.34187649570082057,0.7182780435111661,1.1,1.5314403801386696,1.0,synthetic,SPEC_V1,2026-10-07
OOD00051,0,23,ood,0.48622239398633094,0.144444288653332,0.36933331736033703,7.074626477663111,24.054995764526428,45.27709162131574,6.300000000000001,2.8976015768031886,22.46622828930313,1.1719479279363152,34.95951123694214,36.06764728115584,204.4674639984746,6.274626477663111,0.906199761249743,3.3078256276811686,0.6368305629839066,0.7669085703559444,0.021588224883397695,0.3843064903835056,0.7247275100563867,2.6,3.587555272736521,1.0,synthetic,SPEC_V1,2026-10-07
OOD00051,1,23,ood,0.48622239398633094,0.144444288653332,0.36933331736033703,7.074626477663111,24.054995764526428,45.27709162131574,6.300000000000001,2.8976015768031886,22.46622828930313,1.1719479279363152,34.95951123694214,36.06764728115584,204.4674639984746,6.274626477663111,0.906199761249743,3.3078256276811686,0.6368305629839066,0.7669085703559444,0.021588224883397695,0.3843064903835056,0.7448409351958795,2.5,3.356421326846847,1.0,synthetic,SPEC_V1,2026-10-07
OOD00051,2,23,ood,0.48622239398633094,0.144444288653332,0.36933331736033703,7.074626477663111,24.054995764526428,45.27709162131574,6.300000000000001,2.8976015768031886,22.46622828930313,1.1719479279363152,34.95951123694214,36.06764728115584,204.4674639984746,6.274626477663111,0.906199761249743,3.3078256276811686,0.6368305629839066,0.7669085703559444,0.021588224883397695,0.3843064903835056,0.75,2.6,3.466666666666667,1.0,synthetic,SPEC_V1,2026-10-07
OOD00051,3,23,ood,0.48622239398633094,0.144444288653332,0.36933331736033703,7.074626477663111,24.054995764526428,45.27709162131574,6.300000000000001,2.8976015768031886,22.46622828930313,1.1719479279363152,34.95951123694214,36.06764728115584,204.4674639984746,6.274626477663111,0.906199761249743,3.3078256276811686,0.6368305629839066,0.7669085703559444,0.021588224883397695,0.3843064903835056,0.7439445287352997,2.3000000000000003,3.091628355557616,1.0,synthetic,SPEC_V1,2026-10-07
OOD00051,4,23,ood,0.48622239398633094,0.144444288653332,0.36933331736033703,7.074626477663111,24.054995764526428,45.27709162131574,6.300000000000001,2.8976015768031886,22.46622828930313,1.1719479279363152,34.95951123694214,36.06764728115584,204.4674639984746,6.274626477663111,0.906199761249743,3.3078256276811686,0.6368305629839066,0.7669085703559444,0.021588224883397695,0.3843064903835056,0.7393013088203898,2.9000000000000004,3.922622569987284,1.0,synthetic,SPEC_V1,2026-10-07
OOD00051,5,23,ood,0.48622239398633094,0.144444288653332,0.36933331736033703,7.074626477663111,24.054995764526428,45.27709162131574,6.300000000000001,2.8976015768031886,22.46622828930313,1.1719479279363152,34.95951123694214,36.06764728115584,204.4674639984746,6.274626477663111,0.906199761249743,3.3078256276811686,0.6368305629839066,0.7669085703559444,0.021588224883397695,0.3843064903835056,0.7432722640244322,2.5,3.3635050317413997,1.0,synthetic,SPEC_V1,2026-10-07
OOD00051,6,23,ood,0.48622239398633094,0.144444288653332,0.36933331736033703,7.074626477663111,24.054995764526428,45.27709162131574,6.300000000000001,2.8976015768031886,22.46622828930313,1.1719479279363152,34.95951123694214,36.06764728115584,204.4674639984746,6.274626477663111,0.906199761249743,3.3078256276811686,0.6368305629839066,0.7669085703559444,0.021588224883397695,0.3843064903835056,0.7470264573514299,2.6,3.480465751130499,1.0,synthetic,SPEC_V1,2026-10-07
OOD00051,7,23,ood,0.48622239398633094,0.144444288653332,0.36933331736033703,7.074626477663111,24.054995764526428,45.27709162131574,6.300000000000001,2.8976015768031886,22.46622828930313,1.1719479279363152,34.95951123694214,36.06764728115584,204.4674639984746,6.274626477663111,0.906199761249743,3.3078256276811686,0.6368305629839066,0.7669085703559444,0.021588224883397695,0.3843064903835056,0.7490827890427497,2.5,3.3374148179198473,1.0,synthetic,SPEC_V1,2026-10-07
OOD00052,0,23,ood,0.49456171849277974,0.17900565787049239,0.32643262363672787,6.99231528630177,25.4677915041835,35.166449283744114,6.2,3.033835229858444,28.8491760604464,2.5006810309001244,31.072378977495436,73.01097804449238,216.47622778555976,6.1923152863017705,0.8479788358922664,4.340052591624589,0.6669544123770049,0.6565023508076079,0.029615732787293493,0.5744570897233499,0.6955885360679631,2.2,3.1627893300775263,1.0,synthetic,SPEC_V1,2026-10-07
OOD00052,1,23,ood,0.49456171849277974,0.17900565787049239,0.32643262363672787,6.99231528630177,25.4677915041835,35.166449283744114,6.2,3.033835229858444,28.8491760604464,2.5006810309001244,31.072378977495436,73.01097804449238,216.47622778555976,6.1923152863017705,0.8479788358922664,4.340052591624589,0.6669544123770049,0.6565023508076079,0.029615732787293493,0.5744570897233499,0.7055384234398184,2.3000000000000003,3.2599216762518215,1.0,synthetic,SPEC_V1,2026-10-07
OOD00052,2,23,ood,0.49456171849277974,0.17900565787049239,0.32643262363672787,6.99231528630177,25.4677915041835,35.166449283744114,6.2,3.033835229858444,28.8491760604464,2.5006810309001244,31.072378977495436,73.01097804449238,216.47622778555976,6.1923152863017705,0.8479788358922664,4.340052591624589,0.6669544123770049,0.6565023508076079,0.029615732787293493,0.5744570897233499,0.7030144778155293,2.4000000000000004,3.413869949673724,1.0,synthetic,SPEC_V1,2026-10-07
OOD00052,3,23,ood,0.49456171849277974,0.17900565787049239,0.32643262363672787,6.99231528630177,25.4677915041835,35.166449283744114,6.2,3.033835229858444,28.8491760604464,2.5006810309001244,31.072378977495436,73.01097804449238,216.47622778555976,6.1923152863017705,0.8479788358922664,4.340052591624589,0.6669544123770049,0.6565023508076079,0.029615732787293493,0.5744570897233499,0.7152322410853862,2.5,3.495368156511199,1.0,synthetic,SPEC_V1,2026-10-07
OOD00052,4,23,ood,0.49456171849277974,0.17900565787049239,0.32643262363672787,6.99231528630177,25.4677915041835,35.166449283744114,6.2,3.033835229858444,28.8491760604464,2.5006810309001244,31.072378977495436,73.01097804449238,216.47622778555976,6.1923152863017705,0.8479788358922664,4.340052591624589,0.6669544123770049,0.6565023508076079,0.029615732787293493,0.5744570897233499,0.6988790388509707,2.2,3.1478981021050902,1.0,synthetic,SPEC_V1,2026-10-07
OOD00052,5,23,ood,0.49456171849277974,0.17900565787049239,0.32643262363672787,6.99231528630177,25.4677915041835,35.166449283744114,6.2,3.033835229858444,28.8491760604464,2.5006810309001244,31.072378977495436,73.01097804449238,216.47622778555976,6.1923152863017705,0.8479788358922664,4.340052591624589,0.6669544123770049,0.6565023508076079,0.029615732787293493,0.5744570897233499,0.696593922686889,2.3000000000000003,3.3017801693251694,1.0,synthetic,SPEC_V1,2026-10-07
OOD00052,6,23,ood,0.49456171849277974,0.17900565787049239,0.32643262363672787,6.99231528630177,25.4677915041835,35.166449283744114,6.2,3.033835229858444,28.8491760604464,2.5006810309001244,31.072378977495436,73.01097804449238,216.47622778555976,6.1923152863017705,0.8479788358922664,4.340052591624589,0.6669544123770049,0.6565023508076079,0.029615732787293493,0.5744570897233499,0.7148470158971115,2.5,3.4972517817152458,1.0,synthetic,SPEC_V1,2026-10-07
OOD00052,7,23,ood,0.49456171849277974,0.17900565787049239,0.32643262363672787,6.99231528630177,25.4677915041835,35.166449283744114,6.2,3.033835229858444,28.8491760604464,2.5006810309001244,31.072378977495436,73.01097804449238,216.47622778555976,6.1923152863017705,0.8479788358922664,4.340052591624589,0.6669544123770049,0.6565023508076079,0.029615732787293493,0.5744570897233499,0.7040512236541195,2.4000000000000004,3.4088428787094225,1.0,synthetic,SPEC_V1,2026-10-07
OOD00053,0,23,ood,0.59205226576252,0.08717414229889672,0.32077359193858324,7.240760701228374,24.141048074801006,36.086805658192326,6.4,3.591150793604916,23.375201918030804,1.6511272938146158,28.831502517100034,43.36574672253664,205.19890863580852,6.440760701228374,0.7898686918198256,2.0034603524315835,0.6977107406966085,0.8996884067807922,0.09922502819225501,0.9016679310291117,0.7021309578544904,31.0,44.15130774852465,1.0,synthetic,SPEC_V1,2026-10-07
OOD00053,1,23,ood,0.59205226576252,0.08717414229889672,0.32077359193858324,7.240760701228374,24.141048074801006,36.086805658192326,6.4,3.591150793604916,23.375201918030804,1.6511272938146158,28.831502517100034,43.36574672253664,205.19890863580852,6.440760701228374,0.7898686918198256,2.0034603524315835,0.6977107406966085,0.8996884067807922,0.09922502819225501,0.9016679310291117,0.7140014224333008,32.4,45.378060858172425,1.0,synthetic,SPEC_V1,2026-10-07
OOD00053,2,23,ood,0.59205226576252,0.08717414229889672,0.32077359193858324,7.240760701228374,24.141048074801006,36.086805658192326,6.4,3.591150793604916,23.375201918030804,1.6511272938146158,28.831502517100034,43.36574672253664,205.19890863580852,6.440760701228374,0.7898686918198256,2.0034603524315835,0.6977107406966085,0.8996884067807922,0.09922502819225501,0.9016679310291117,0.7156952034451679,29.700000000000003,41.498112404599105,1.0,synthetic,SPEC_V1,2026-10-07
OOD00053,3,23,ood,0.59205226576252,0.08717414229889672,0.32077359193858324,7.240760701228374,24.141048074801006,36.086805658192326,6.4,3.591150793604916,23.375201918030804,1.6511272938146158,28.831502517100034,43.36574672253664,205.19890863580852,6.440760701228374,0.7898686918198256,2.0034603524315835,0.6977107406966085,0.8996884067807922,0.09922502819225501,0.9016679310291117,0.7084985308428983,31.5,44.46021922236671,1.0,synthetic,SPEC_V1,2026-10-07
OOD00053,4,23,ood,0.59205226576252,0.08717414229889672,0.32077359193858324,7.240760701228374,24.141048074801006,36.086805658192326,6.4,3.591150793604916,23.375201918030804,1.6511272938146158,28.831502517100034,43.36574672253664,205.19890863580852,6.440760701228374,0.7898686918198256,2.0034603524315835,0.6977107406966085,0.8996884067807922,0.09922502819225501,0.9016679310291117,0.7000302435063239,28.900000000000002,41.28393061311918,1.0,synthetic,SPEC_V1,2026-10-07
OOD00053,5,23,ood,0.59205226576252,0.08717414229889672,0.32077359193858324,7.240760701228374,24.141048074801006,36.086805658192326,6.4,3.591150793604916,23.375201918030804,1.6511272938146158,28.831502517100034,43.36574672253664,205.19890863580852,6.440760701228374,0.7898686918198256,2.0034603524315835,0.6977107406966085,0.8996884067807922,0.09922502819225501,0.9016679310291117,0.7134585504647781,31.700000000000003,44.43145292652143,1.0,synthetic,SPEC_V1,2026-10-07
OOD00053,6,23,ood,0.59205226576252,0.08717414229889672,0.32077359193858324,7.240760701228374,24.141048074801006,36.086805658192326,6.4,3.591150793604916,23.375201918030804,1.6511272938146158,28.831502517100034,43.36574672253664,205.19890863580852,6.440760701228374,0.7898686918198256,2.0034603524315835,0.6977107406966085,0.8996884067807922,0.09922502819225501,0.9016679310291117,0.7056598739699527,29.200000000000003,41.3797086629349,1.0,synthetic,SPEC_V1,2026-10-07
OOD00053,7,23,ood,0.59205226576252,0.08717414229889672,0.32077359193858324,7.240760701228374,24.141048074801006,36.086805658192326,6.4,3.591150793604916,23.375201918030804,1.6511272938146158,28.831502517100034,43.36574672253664,205.19890863580852,6.440760701228374,0.7898686918198256,2.0034603524315835,0.6977107406966085,0.8996884067807922,0.09922502819225501,0.9016679310291117,0.6987608145151752,29.700000000000003,42.50381444272445,1.0,synthetic,SPEC_V1,2026-10-07
OOD00054,0,23,ood,0.5259355810520029,0.17014579210753566,0.30391862684046145,6.844588457274153,25.32960718112154,32.4471330236818,6.0,2.963107796607265,34.21047801410111,1.0342230567647492,26.94238744060449,82.60470132584221,215.3016610395331,6.044588457274153,0.7852102221552646,4.102859225879624,0.7002000602451259,0.6813864586180027,0.02138625169897961,0.4735440154350654,0.7023943998122003,1.2000000000000002,1.7084418673053843,1.0,synthetic,SPEC_V1,2026-10-07
OOD00054,1,23,ood,0.5259355810520029,0.17014579210753566,0.30391862684046145,6.844588457274153,25.32960718112154,32.4471330236818,6.0,2.963107796607265,34.21047801410111,1.0342230567647492,26.94238744060449,82.60470132584221,215.3016610395331,6.044588457274153,0.7852102221552646,4.102859225879624,0.7002000602451259,0.6813864586180027,0.02138625169897961,0.4735440154350654,0.6670672602897404,1.3,1.9488289673148484,1.0,synthetic,SPEC_V1,2026-10-07
OOD00054,2,23,ood,0.5259355810520029,0.17014579210753566,0.30391862684046145,6.844588457274153,25.32960718112154,32.4471330236818,6.0,2.963107796607265,34.21047801410111,1.0342230567647492,26.94238744060449,82.60470132584221,215.3016610395331,6.044588457274153,0.7852102221552646,4.102859225879624,0.7002000602451259,0.6813864586180027,0.02138625169897961,0.4735440154350654,0.7089086033266183,1.3,1.8338048006465593,1.0,synthetic,SPEC_V1,2026-10-07
OOD00054,3,23,ood,0.5259355810520029,0.17014579210753566,0.30391862684046145,6.844588457274153,25.32960718112154,32.4471330236818,6.0,2.963107796607265,34.21047801410111,1.0342230567647492,26.94238744060449,82.60470132584221,215.3016610395331,6.044588457274153,0.7852102221552646,4.102859225879624,0.7002000602451259,0.6813864586180027,0.02138625169897961,0.4735440154350654,0.7112124776489924,1.2000000000000002,1.6872594867384216,1.0,synthetic,SPEC_V1,2026-10-07
OOD00054,4,23,ood,0.5259355810520029,0.17014579210753566,0.30391862684046145,6.844588457274153,25.32960718112154,32.4471330236818,6.0,2.963107796607265,34.21047801410111,1.0342230567647492,26.94238744060449,82.60470132584221,215.3016610395331,6.044588457274153,0.7852102221552646,4.102859225879624,0.7002000602451259,0.6813864586180027,0.02138625169897961,0.4735440154350654,0.7093759845010245,1.1,1.5506586408810283,1.0,synthetic,SPEC_V1,2026-10-07
OOD00054,5,23,ood,0.5259355810520029,0.17014579210753566,0.30391862684046145,6.844588457274153,25.32960718112154,32.4471330236818,6.0,2.963107796607265,34.21047801410111,1.0342230567647492,26.94238744060449,82.60470132584221,215.3016610395331,6.044588457274153,0.7852102221552646,4.102859225879624,0.7002000602451259,0.6813864586180027,0.02138625169897961,0.4735440154350654,0.7059411394032591,1.2000000000000002,1.699858434393518,1.0,synthetic,SPEC_V1,2026-10-07
OOD00054,6,23,ood,0.5259355810520029,0.17014579210753566,0.30391862684046145,6.844588457274153,25.32960718112154,32.4471330236818,6.0,2.963107796607265,34.21047801410111,1.0342230567647492,26.94238744060449,82.60470132584221,215.3016610395331,6.044588457274153,0.7852102221552646,4.102859225879624,0.7002000602451259,0.6813864586180027,0.02138625169897961,0.4735440154350654,0.6856296231869027,1.1,1.6043647514631088,1.0,synthetic,SPEC_V1,2026-10-07
OOD00054,7,23,ood,0.5259355810520029,0.17014579210753566,0.30391862684046145,6.844588457274153,25.32960718112154,32.4471330236818,6.0,2.963107796607265,34.21047801410111,1.0342230567647492,26.94238744060449,82.60470132584221,215.3016610395331,6.044588457274153,0.7852102221552646,4.102859225879624,0.7002000602451259,0.6813864586180027,0.02138625169897961,0.4735440154350654,0.711647009023135,1.2000000000000002,1.6862292467823596,1.0,synthetic,SPEC_V1,2026-10-07
OOD00055,0,23,ood,0.5621554184334326,0.06267438659585685,0.3751701949707105,7.439260929114469,25.61550201959924,34.66615867776841,6.6000000000000005,3.8356530394603965,26.915303947313923,1.5632456879150594,30.775860274872926,18.244522729028485,217.73176716659353,6.639260929114469,0.9802376344704989,1.5283749543549956,0.5997836230517102,0.9390668231856478,0.08926268875578333,0.9095114901225119,0.7469915615345685,29.5,39.491744644875524,1.0,synthetic,SPEC_V1,2026-10-07
OOD00055,1,23,ood,0.5621554184334326,0.06267438659585685,0.3751701949707105,7.439260929114469,25.61550201959924,34.66615867776841,6.6000000000000005,3.8356530394603965,26.915303947313923,1.5632456879150594,30.775860274872926,18.244522729028485,217.73176716659353,6.639260929114469,0.9802376344704989,1.5283749543549956,0.5997836230517102,0.9390668231856478,0.08926268875578333,0.9095114901225119,0.75,32.1,42.800000000000004,1.0,synthetic,SPEC_V1,2026-10-07
OOD00055,2,23,ood,0.5621554184334326,0.06267438659585685,0.3751701949707105,7.439260929114469,25.61550201959924,34.66615867776841,6.6000000000000005,3.8356530394603965,26.915303947313923,1.5632456879150594,30.775860274872926,18.244522729028485,217.73176716659353,6.639260929114469,0.9802376344704989,1.5283749543549956,0.5997836230517102,0.9390668231856478,0.08926268875578333,0.9095114901225119,0.7437627741571023,30.5,41.007699040282425,1.0,synthetic,SPEC_V1,2026-10-07
OOD00055,3,23,ood,0.5621554184334326,0.06267438659585685,0.3751701949707105,7.439260929114469,25.61550201959924,34.66615867776841,6.6000000000000005,3.8356530394603965,26.915303947313923,1.5632456879150594,30.775860274872926,18.244522729028485,217.73176716659353,6.639260929114469,0.9802376344704989,1.5283749543549956,0.5997836230517102,0.9390668231856478,0.08926268875578333,0.9095114901225119,0.7421993865866349,29.5,39.74673185283824,1.0,synthetic,SPEC_V1,2026-10-07
OOD00055,4,23,ood,0.5621554184334326,0.06267438659585685,0.3751701949707105,7.439260929114469,25.61550201959924,34.66615867776841,6.6000000000000005,3.8356530394603965,26.915303947313923,1.5632456879150594,30.775860274872926,18.244522729028485,217.73176716659353,6.639260929114469,0.9802376344704989,1.5283749543549956,0.5997836230517102,0.9390668231856478,0.08926268875578333,0.9095114901225119,0.7497794090595524,29.3,39.07816038420015,1.0,synthetic,SPEC_V1,2026-10-07
OOD00055,5,23,ood,0.5621554184334326,0.06267438659585685,0.3751701949707105,7.439260929114469,25.61550201959924,34.66615867776841,6.6000000000000005,3.8356530394603965,26.915303947313923,1.5632456879150594,30.775860274872926,18.244522729028485,217.73176716659353,6.639260929114469,0.9802376344704989,1.5283749543549956,0.5997836230517102,0.9390668231856478,0.08926268875578333,0.9095114901225119,0.7352426407746455,30.5,41.482904157823945,1.0,synthetic,SPEC_V1,2026-10-07
OOD00055,6,23,ood,0.5621554184334326,0.06267438659585685,0.3751701949707105,7.439260929114469,25.61550201959924,34.66615867776841,6.6000000000000005,3.8356530394603965,26.915303947313923,1.5632456879150594,30.775860274872926,18.244522729028485,217.73176716659353,6.639260929114469,0.9802376344704989,1.5283749543549956,0.5997836230517102,0.9390668231856478,0.08926268875578333,0.9095114901225119,0.7450160519310419,28.0,37.58308284422261,1.0,synthetic,SPEC_V1,2026-10-07
OOD00055,7,23,ood,0.5621554184334326,0.06267438659585685,0.3751701949707105,7.439260929114469,25.61550201959924,34.66615867776841,6.6000000000000005,3.8356530394603965,26.915303947313923,1.5632456879150594,30.775860274872926,18.244522729028485,217.73176716659353,6.639260929114469,0.9802376344704989,1.5283749543549956,0.5997836230517102,0.9390668231856478,0.08926268875578333,0.9095114901225119,0.7406410919712887,30.0,40.50544902950506,1.0,synthetic,SPEC_V1,2026-10-07
OOD00056,0,23,ood,0.5556433451233792,0.13469040707981897,0.30966624779680185,7.3859450879615,23.956086066945602,47.607601526543505,6.6000000000000005,2.9304921799986468,20.137949759413683,2.0418251687795363,30.41419445374703,38.27662081834608,203.62673156903762,6.647783522728748,0.7566759109933255,3.07177554514507,0.7155071750832901,0.7923266683664361,0.05615631865494861,0.6772486684894158,0.7332149809819882,34.5,47.05304841670646,0.9227019565409396,synthetic,SPEC_V1,2026-10-07
OOD00056,1,23,ood,0.5556433451233792,0.13469040707981897,0.30966624779680185,7.3859450879615,23.956086066945602,47.607601526543505,6.6000000000000005,2.9304921799986468,20.137949759413683,2.0418251687795363,30.41419445374703,38.27662081834608,203.62673156903762,6.647783522728748,0.7566759109933255,3.07177554514507,0.7155071750832901,0.7923266683664361,0.05615631865494861,0.6772486684894158,0.7077323804357474,35.2,49.736314139431535,0.9227019565409396,synthetic,SPEC_V1,2026-10-07
OOD00056,2,23,ood,0.5556433451233792,0.13469040707981897,0.30966624779680185,7.3859450879615,23.956086066945602,47.607601526543505,6.6000000000000005,2.9304921799986468,20.137949759413683,2.0418251687795363,30.41419445374703,38.27662081834608,203.62673156903762,6.647783522728748,0.7566759109933255,3.07177554514507,0.7155071750832901,0.7923266683664361,0.05615631865494861,0.6772486684894158,0.693848390287127,37.9,54.622883803645195,0.9227019565409396,synthetic,SPEC_V1,2026-10-07
OOD00056,3,23,ood,0.5556433451233792,0.13469040707981897,0.30966624779680185,7.3859450879615,23.956086066945602,47.607601526543505,6.6000000000000005,2.9304921799986468,20.137949759413683,2.0418251687795363,30.41419445374703,38.27662081834608,203.62673156903762,6.647783522728748,0.7566759109933255,3.07177554514507,0.7155071750832901,0.7923266683664361,0.05615631865494861,0.6772486684894158,0.7109659752592974,34.800000000000004,48.9474900501505,0.9227019565409396,synthetic,SPEC_V1,2026-10-07
OOD00056,4,23,ood,0.5556433451233792,0.13469040707981897,0.30966624779680185,7.3859450879615,23.956086066945602,47.607601526543505,6.6000000000000005,2.9304921799986468,20.137949759413683,2.0418251687795363,30.41419445374703,38.27662081834608,203.62673156903762,6.647783522728748,0.7566759109933255,3.07177554514507,0.7155071750832901,0.7923266683664361,0.05615631865494861,0.6772486684894158,0.7152629670784124,33.7,47.115538691527924,0.9227019565409396,synthetic,SPEC_V1,2026-10-07
OOD00056,5,23,ood,0.5556433451233792,0.13469040707981897,0.30966624779680185,7.3859450879615,23.956086066945602,47.607601526543505,6.6000000000000005,2.9304921799986468,20.137949759413683,2.0418251687795363,30.41419445374703,38.27662081834608,203.62673156903762,6.647783522728748,0.7566759109933255,3.07177554514507,0.7155071750832901,0.7923266683664361,0.05615631865494861,0.6772486684894158,0.7066202670566777,36.2,51.22977883267593,0.9227019565409396,synthetic,SPEC_V1,2026-10-07
OOD00056,6,23,ood,0.5556433451233792,0.13469040707981897,0.30966624779680185,7.3859450879615,23.956086066945602,47.607601526543505,6.6000000000000005,2.9304921799986468,20.137949759413683,2.0418251687795363,30.41419445374703,38.27662081834608,203.62673156903762,6.647783522728748,0.7566759109933255,3.07177554514507,0.7155071750832901,0.7923266683664361,0.05615631865494861,0.6772486684894158,0.7016238050432599,32.9,46.89122541669105,0.9227019565409396,synthetic,SPEC_V1,2026-10-07
OOD00056,7,23,ood,0.5556433451233792,0.13469040707981897,0.30966624779680185,7.3859450879615,23.956086066945602,47.607601526543505,6.6000000000000005,2.9304921799986468,20.137949759413683,2.0418251687795363,30.41419445374703,38.27662081834608,203.62673156903762,6.647783522728748,0.7566759109933255,3.07177554514507,0.7155071750832901,0.7923266683664361,0.05615631865494861,0.6772486684894158,0.6966996950090318,33.9,48.65798025009976,0.9227019565409396,synthetic,SPEC_V1,2026-10-07
OOD00057,0,23,ood,0.5903221236434197,0.09265068105603572,0.3170271953005445,6.635974398887257,23.403921852299963,47.93275183970512,5.800000000000001,3.9438273348095265,26.62054333778519,2.6579098482404495,26.478378999593062,6.087017928695554,198.93333574454968,5.835974398887257,0.7568073297945137,2.064306612645933,0.7154364688514706,0.8941575346325008,0.009410924258333645,0.22160713708359814,0.7216902061877684,0.4,0.5542544384978512,1.0,synthetic,SPEC_V1,2026-10-07
OOD00057,1,23,ood,0.5903221236434197,0.09265068105603572,0.3170271953005445,6.635974398887257,23.403921852299963,47.93275183970512,5.800000000000001,3.9438273348095265,26.62054333778519,2.6579098482404495,26.478378999593062,6.087017928695554,198.93333574454968,5.835974398887257,0.7568073297945137,2.064306612645933,0.7154364688514706,0.8941575346325008,0.009410924258333645,0.22160713708359814,0.7015752837691017,0.4,0.5701455128964401,1.0,synthetic,SPEC_V1,2026-10-07
OOD00057,2,23,ood,0.5903221236434197,0.09265068105603572,0.3170271953005445,6.635974398887257,23.403921852299963,47.93275183970512,5.800000000000001,3.9438273348095265,26.62054333778519,2.6579098482404495,26.478378999593062,6.087017928695554,198.93333574454968,5.835974398887257,0.7568073297945137,2.064306612645933,0.7154364688514706,0.8941575346325008,0.009410924258333645,0.22160713708359814,0.6953234679059693,0.4,0.5752718245000947,1.0,synthetic,SPEC_V1,2026-10-07
OOD00057,3,23,ood,0.5903221236434197,0.09265068105603572,0.3170271953005445,6.635974398887257,23.403921852299963,47.93275183970512,5.800000000000001,3.9438273348095265,26.62054333778519,2.6579098482404495,26.478378999593062,6.087017928695554,198.93333574454968,5.835974398887257,0.7568073297945137,2.064306612645933,0.7154364688514706,0.8941575346325008,0.009410924258333645,0.22160713708359814,0.6932427135029007,0.4,0.5769984915944253,1.0,synthetic,SPEC_V1,2026-10-07
OOD00057,4,23,ood,0.5903221236434197,0.09265068105603572,0.3170271953005445,6.635974398887257,23.403921852299963,47.93275183970512,5.800000000000001,3.9438273348095265,26.62054333778519,2.6579098482404495,26.478378999593062,6.087017928695554,198.93333574454968,5.835974398887257,0.7568073297945137,2.064306612645933,0.7154364688514706,0.8941575346325008,0.009410924258333645,0.22160713708359814,0.7127599386101222,0.4,0.5611987688028564,1.0,synthetic,SPEC_V1,2026-10-07
OOD00057,5,23,ood,0.5903221236434197,0.09265068105603572,0.3170271953005445,6.635974398887257,23.403921852299963,47.93275183970512,5.800000000000001,3.9438273348095265,26.62054333778519,2.6579098482404495,26.478378999593062,6.087017928695554,198.93333574454968,5.835974398887257,0.7568073297945137,2.064306612645933,0.7154364688514706,0.8941575346325008,0.009410924258333645,0.22160713708359814,0.7034171552747707,0.4,0.5686526082005364,1.0,synthetic,SPEC_V1,2026-10-07
OOD00057,6,23,ood,0.5903221236434197,0.09265068105603572,0.3170271953005445,6.635974398887257,23.403921852299963,47.93275183970512,5.800000000000001,3.9438273348095265,26.62054333778519,2.6579098482404495,26.478378999593062,6.087017928695554,198.93333574454968,5.835974398887257,0.7568073297945137,2.064306612645933,0.7154364688514706,0.8941575346325008,0.009410924258333645,0.22160713708359814,0.7047769566094175,0.4,0.5675554460865797,1.0,synthetic,SPEC_V1,2026-10-07
OOD00057,7,23,ood,0.5903221236434197,0.09265068105603572,0.3170271953005445,6.635974398887257,23.403921852299963,47.93275183970512,5.800000000000001,3.9438273348095265,26.62054333778519,2.6579098482404495,26.478378999593062,6.087017928695554,198.93333574454968,5.835974398887257,0.7568073297945137,2.064306612645933,0.7154364688514706,0.8941575346325008,0.009410924258333645,0.22160713708359814,0.6963538788906103,0.4,0.5744205814395065,1.0,synthetic,SPEC_V1,2026-10-07
OOD00058,0,23,ood,0.5868390837682104,0.0723621523646015,0.34079876386718816,7.062824012961219,24.276609083211063,33.53293217477452,7.0,1.6311421862711861,31.55176642331525,2.259035254633038,29.58114899778055,81.52218295745443,206.35117720729403,7.0466909569088525,0.8438907133774187,1.6723857164771787,0.6690978659397698,0.9279098108321424,0.13686110095410187,0.9835237120993989,0.7337497688239513,168.9,230.18746604951124,0.02016632006545782,synthetic,SPEC_V1,2026-10-07
OOD00058,1,23,ood,0.5868390837682104,0.0723621523646015,0.34079876386718816,7.062824012961219,24.276609083211063,33.53293217477452,7.0,1.6311421862711861,31.55176642331525,2.259035254633038,29.58114899778055,81.52218295745443,206.35117720729403,7.0466909569088525,0.8438907133774187,1.6723857164771787,0.6690978659397698,0.9279098108321424,0.13686110095410187,0.9835237120993989,0.7202758795191273,176.3,244.76732459471214,0.02016632006545782,synthetic,SPEC_V1,2026-10-07
OOD00058,2,23,ood,0.5868390837682104,0.0723621523646015,0.34079876386718816,7.062824012961219,24.276609083211063,33.53293217477452,7.0,1.6311421862711861,31.55176642331525,2.259035254633038,29.58114899778055,81.52218295745443,206.35117720729403,7.0466909569088525,0.8438907133774187,1.6723857164771787,0.6690978659397698,0.9279098108321424,0.13686110095410187,0.9835237120993989,0.7122243457090255,181.60000000000002,254.97583885484238,0.02016632006545782,synthetic,SPEC_V1,2026-10-07
OOD00058,3,23,ood,0.5868390837682104,0.0723621523646015,0.34079876386718816,7.062824012961219,24.276609083211063,33.53293217477452,7.0,1.6311421862711861,31.55176642331525,2.259035254633038,29.58114899778055,81.52218295745443,206.35117720729403,7.0466909569088525,0.8438907133774187,1.6723857164771787,0.6690978659397698,0.9279098108321424,0.13686110095410187,0.9835237120993989,0.7212124862232511,189.70000000000002,263.0292786435182,0.02016632006545782,synthetic,SPEC_V1,2026-10-07
OOD00058,4,23,ood,0.5868390837682104,0.0723621523646015,0.34079876386718816,7.062824012961219,24.276609083211063,33.53293217477452,7.0,1.6311421862711861,31.55176642331525,2.259035254633038,29.58114899778055,81.52218295745443,206.35117720729403,7.0466909569088525,0.8438907133774187,1.6723857164771787,0.6690978659397698,0.9279098108321424,0.13686110095410187,0.9835237120993989,0.7197172883132443,161.3,224.11577798558733,0.02016632006545782,synthetic,SPEC_V1,2026-10-07
OOD00058,5,23,ood,0.5868390837682104,0.0723621523646015,0.34079876386718816,7.062824012961219,24.276609083211063,33.53293217477452,7.0,1.6311421862711861,31.55176642331525,2.259035254633038,29.58114899778055,81.52218295745443,206.35117720729403,7.0466909569088525,0.8438907133774187,1.6723857164771787,0.6690978659397698,0.9279098108321424,0.13686110095410187,0.9835237120993989,0.7226947520224848,172.60000000000002,238.82835667060442,0.02016632006545782,synthetic,SPEC_V1,2026-10-07
OOD00058,6,23,ood,0.5868390837682104,0.0723621523646015,0.34079876386718816,7.062824012961219,24.276609083211063,33.53293217477452,7.0,1.6311421862711861,31.55176642331525,2.259035254633038,29.58114899778055,81.52218295745443,206.35117720729403,7.0466909569088525,0.8438907133774187,1.6723857164771787,0.6690978659397698,0.9279098108321424,0.13686110095410187,0.9835237120993989,0.7287094847454125,182.70000000000002,250.7171977647985,0.02016632006545782,synthetic,SPEC_V1,2026-10-07
OOD00058,7,23,ood,0.5868390837682104,0.0723621523646015,0.34079876386718816,7.062824012961219,24.276609083211063,33.53293217477452,7.0,1.6311421862711861,31.55176642331525,2.259035254633038,29.58114899778055,81.52218295745443,206.35117720729403,7.0466909569088525,0.8438907133774187,1.6723857164771787,0.6690978659397698,0.9279098108321424,0.13686110095410187,0.9835237120993989,0.7178335925639063,179.10000000000002,249.5007225286066,0.02016632006545782,synthetic,SPEC_V1,2026-10-07
OOD00059,0,23,ood,0.5434037343652772,0.11700291997170749,0.33959334566301524,6.7591183099263406,26.125285765544945,31.79473353945841,6.1000000000000005,2.8065571689461946,23.635040375936164,1.781680547678525,25.336962544106274,75.09501169479644,222.064929007132,6.0671238658170745,0.9049412663514231,2.9100114531201693,0.6374731427206679,0.8095678933077354,0.029240920427329252,0.4989805392951745,0.7198579539429617,3.7,5.139902920754796,0.8649930551365825,synthetic,SPEC_V1,2026-10-07
OOD00059,1,23,ood,0.5434037343652772,0.11700291997170749,0.33959334566301524,6.7591183099263406,26.125285765544945,31.79473353945841,6.1000000000000005,2.8065571689461946,23.635040375936164,1.781680547678525,25.336962544106274,75.09501169479644,222.064929007132,6.0671238658170745,0.9049412663514231,2.9100114531201693,0.6374731427206679,0.8095678933077354,0.029240920427329252,0.4989805392951745,0.71643035802365,3.6,5.024912693441672,0.8649930551365825,synthetic,SPEC_V1,2026-10-07
OOD00059,2,23,ood,0.5434037343652772,0.11700291997170749,0.33959334566301524,6.7591183099263406,26.125285765544945,31.79473353945841,6.1000000000000005,2.8065571689461946,23.635040375936164,1.781680547678525,25.336962544106274,75.09501169479644,222.064929007132,6.0671238658170745,0.9049412663514231,2.9100114531201693,0.6374731427206679,0.8095678933077354,0.029240920427329252,0.4989805392951745,0.7257948280185632,3.9000000000000004,5.373419387193887,0.8649930551365825,synthetic,SPEC_V1,2026-10-07
OOD00059,3,23,ood,0.5434037343652772,0.11700291997170749,0.33959334566301524,6.7591183099263406,26.125285765544945,31.79473353945841,6.1000000000000005,2.8065571689461946,23.635040375936164,1.781680547678525,25.336962544106274,75.09501169479644,222.064929007132,6.0671238658170745,0.9049412663514231,2.9100114531201693,0.6374731427206679,0.8095678933077354,0.029240920427329252,0.4989805392951745,0.7257598285258973,3.6,4.9603186322836565,0.8649930551365825,synthetic,SPEC_V1,2026-10-07
OOD00059,4,23,ood,0.5434037343652772,0.11700291997170749,0.33959334566301524,6.7591183099263406,26.125285765544945,31.79473353945841,6.1000000000000005,2.8065571689461946,23.635040375936164,1.781680547678525,25.336962544106274,75.09501169479644,222.064929007132,6.0671238658170745,0.9049412663514231,2.9100114531201693,0.6374731427206679,0.8095678933077354,0.029240920427329252,0.4989805392951745,0.7178101006612397,3.3000000000000003,4.597316194018546,0.8649930551365825,synthetic,SPEC_V1,2026-10-07
OOD00059,5,23,ood,0.5434037343652772,0.11700291997170749,0.33959334566301524,6.7591183099263406,26.125285765544945,31.79473353945841,6.1000000000000005,2.8065571689461946,23.635040375936164,1.781680547678525,25.336962544106274,75.09501169479644,222.064929007132,6.0671238658170745,0.9049412663514231,2.9100114531201693,0.6374731427206679,0.8095678933077354,0.029240920427329252,0.4989805392951745,0.7229738548402405,3.3000000000000003,4.564480413650947,0.8649930551365825,synthetic,SPEC_V1,2026-10-07
OOD00059,6,23,ood,0.5434037343652772,0.11700291997170749,0.33959334566301524,6.7591183099263406,26.125285765544945,31.79473353945841,6.1000000000000005,2.8065571689461946,23.635040375936164,1.781680547678525,25.336962544106274,75.09501169479644,222.064929007132,6.0671238658170745,0.9049412663514231,2.9100114531201693,0.6374731427206679,0.8095678933077354,0.029240920427329252,0.4989805392951745,0.7137708027261291,3.2,4.483231855069066,0.8649930551365825,synthetic,SPEC_V1,2026-10-07
OOD00059,7,23,ood,0.5434037343652772,0.11700291997170749,0.33959334566301524,6.7591183099263406,26.125285765544945,31.79473353945841,6.1000000000000005,2.8065571689461946,23.635040375936164,1.781680547678525,25.336962544106274,75.09501169479644,222.064929007132,6.0671238658170745,0.9049412663514231,2.9100114531201693,0.6374731427206679,0.8095678933077354,0.029240920427329252,0.4989805392951745,0.7233855372017703,3.5,4.8383604869110926,0.8649930551365825,synthetic,SPEC_V1,2026-10-07
