scenario_id,replicate_id,seed,split,carb_fraction,protein_fraction,lipid_fraction,ph_setpoint,total_solids_pct,temperature_c,ph_measured,olr_kg_vs_m3_d,hrt_days,inoculum_ratio,pretreatment_temp_c,pretreatment_hours,vs_slurry_g_per_l,ph_effective,c_lcfa_g_per_l,tan_g_per_l,f_lcfa,f_tan,rate_constant_per_day,window_completeness,simulated_methane_fraction,simulated_methane_yield_ml_per_g_vs,simulated_biogas_yield_ml_per_g_vs,simulated_stability_indicator,data_provenance,simulator_version,as_of
OOD00000,0,37,ood,0.5821463450925894,0.10842287779376877,0.3094307771136417,7.2831092412012115,27.655228806513442,50.826697385596354,7.1000000000000005,1.924464176922876,26.590350745149713,2.856279127104229,33.81964256978519,29.55254913336089,235.06944485536428,7.108203319468048,0.8728526519672126,2.8545334375714497,0.6539890430320523,0.8154323074592239,0.0814910278779849,0.8854650215345014,0.7047574598127001,74.60000000000001,105.85201896241875,0.21863240216645474,synthetic,SPEC_V1,2026-10-07
OOD00000,1,37,ood,0.5821463450925894,0.10842287779376877,0.3094307771136417,7.2831092412012115,27.655228806513442,50.826697385596354,7.1000000000000005,1.924464176922876,26.590350745149713,2.856279127104229,33.81964256978519,29.55254913336089,235.06944485536428,7.108203319468048,0.8728526519672126,2.8545334375714497,0.6539890430320523,0.8154323074592239,0.0814910278779849,0.8854650215345014,0.7016605391292243,79.10000000000001,112.73257592362938,0.21863240216645474,synthetic,SPEC_V1,2026-10-07
OOD00000,2,37,ood,0.5821463450925894,0.10842287779376877,0.3094307771136417,7.2831092412012115,27.655228806513442,50.826697385596354,7.1000000000000005,1.924464176922876,26.590350745149713,2.856279127104229,33.81964256978519,29.55254913336089,235.06944485536428,7.108203319468048,0.8728526519672126,2.8545334375714497,0.6539890430320523,0.8154323074592239,0.0814910278779849,0.8854650215345014,0.7154062312134446,72.8,101.76036610209479,0.21863240216645474,synthetic,SPEC_V1,2026-10-07
OOD00000,3,37,ood,0.5821463450925894,0.10842287779376877,0.3094307771136417,7.2831092412012115,27.655228806513442,50.826697385596354,7.1000000000000005,1.924464176922876,26.590350745149713,2.856279127104229,33.81964256978519,29.55254913336089,235.06944485536428,7.108203319468048,0.8728526519672126,2.8545334375714497,0.6539890430320523,0.8154323074592239,0.0814910278779849,0.8854650215345014,0.7017160545883908,73.4,104.60071352230158,0.21863240216645474,synthetic,SPEC_V1,2026-10-07
OOD00000,4,37,ood,0.5821463450925894,0.10842287779376877,0.3094307771136417,7.2831092412012115,27.655228806513442,50.826697385596354,7.1000000000000005,1.924464176922876,26.590350745149713,2.856279127104229,33.81964256978519,29.55254913336089,235.06944485536428,7.108203319468048,0.8728526519672126,2.8545334375714497,0.6539890430320523,0.8154323074592239,0.0814910278779849,0.8854650215345014,0.7040829215397495,74.2,105.38531432879101,0.21863240216645474,synthetic,SPEC_V1,2026-10-07
OOD00000,5,37,ood,0.5821463450925894,0.10842287779376877,0.3094307771136417,7.2831092412012115,27.655228806513442,50.826697385596354,7.1000000000000005,1.924464176922876,26.590350745149713,2.856279127104229,33.81964256978519,29.55254913336089,235.06944485536428,7.108203319468048,0.8728526519672126,2.8545334375714497,0.6539890430320523,0.8154323074592239,0.0814910278779849,0.8854650215345014,0.7012952701653565,73.5,104.8060683236458,0.21863240216645474,synthetic,SPEC_V1,2026-10-07
OOD00000,6,37,ood,0.5821463450925894,0.10842287779376877,0.3094307771136417,7.2831092412012115,27.655228806513442,50.826697385596354,7.1000000000000005,1.924464176922876,26.590350745149713,2.856279127104229,33.81964256978519,29.55254913336089,235.06944485536428,7.108203319468048,0.8728526519672126,2.8545334375714497,0.6539890430320523,0.8154323074592239,0.0814910278779849,0.8854650215345014,0.6977458646192733,66.4,95.16358801528881,0.21863240216645474,synthetic,SPEC_V1,2026-10-07
OOD00000,7,37,ood,0.5821463450925894,0.10842287779376877,0.3094307771136417,7.2831092412012115,27.655228806513442,50.826697385596354,7.1000000000000005,1.924464176922876,26.590350745149713,2.856279127104229,33.81964256978519,29.55254913336089,235.06944485536428,7.108203319468048,0.8728526519672126,2.8545334375714497,0.6539890430320523,0.8154323074592239,0.0814910278779849,0.8854650215345014,0.6918245735494057,76.9,111.15534622522091,0.21863240216645474,synthetic,SPEC_V1,2026-10-07
OOD00001,0,37,ood,0.5298794710388899,0.10105853807891663,0.36906199088219344,7.468186800971518,24.830807869027694,37.21540795995699,6.800000000000001,2.701885150050048,24.423540607434013,2.712438556906256,26.498684357053,0.022299474537639342,211.0618668867354,6.813371071631022,0.9347389535103727,2.3889156157194025,0.6223698092135893,0.863166157619436,0.09023673731036957,0.8896282005994729,0.7427733937964732,77.9,104.87720837957926,0.8185196616756198,synthetic,SPEC_V1,2026-10-07
OOD00001,1,37,ood,0.5298794710388899,0.10105853807891663,0.36906199088219344,7.468186800971518,24.830807869027694,37.21540795995699,6.800000000000001,2.701885150050048,24.423540607434013,2.712438556906256,26.498684357053,0.022299474537639342,211.0618668867354,6.813371071631022,0.9347389535103727,2.3889156157194025,0.6223698092135893,0.863166157619436,0.09023673731036957,0.8896282005994729,0.75,75.9,101.2,0.8185196616756198,synthetic,SPEC_V1,2026-10-07
OOD00001,2,37,ood,0.5298794710388899,0.10105853807891663,0.36906199088219344,7.468186800971518,24.830807869027694,37.21540795995699,6.800000000000001,2.701885150050048,24.423540607434013,2.712438556906256,26.498684357053,0.022299474537639342,211.0618668867354,6.813371071631022,0.9347389535103727,2.3889156157194025,0.6223698092135893,0.863166157619436,0.09023673731036957,0.8896282005994729,0.748309798836982,81.60000000000001,109.04574566151904,0.8185196616756198,synthetic,SPEC_V1,2026-10-07
OOD00001,3,37,ood,0.5298794710388899,0.10105853807891663,0.36906199088219344,7.468186800971518,24.830807869027694,37.21540795995699,6.800000000000001,2.701885150050048,24.423540607434013,2.712438556906256,26.498684357053,0.022299474537639342,211.0618668867354,6.813371071631022,0.9347389535103727,2.3889156157194025,0.6223698092135893,0.863166157619436,0.09023673731036957,0.8896282005994729,0.7417957193381642,85.10000000000001,114.72161106015396,0.8185196616756198,synthetic,SPEC_V1,2026-10-07
OOD00001,4,37,ood,0.5298794710388899,0.10105853807891663,0.36906199088219344,7.468186800971518,24.830807869027694,37.21540795995699,6.800000000000001,2.701885150050048,24.423540607434013,2.712438556906256,26.498684357053,0.022299474537639342,211.0618668867354,6.813371071631022,0.9347389535103727,2.3889156157194025,0.6223698092135893,0.863166157619436,0.09023673731036957,0.8896282005994729,0.7379143717566592,86.2,116.81572184967015,0.8185196616756198,synthetic,SPEC_V1,2026-10-07
OOD00001,5,37,ood,0.5298794710388899,0.10105853807891663,0.36906199088219344,7.468186800971518,24.830807869027694,37.21540795995699,6.800000000000001,2.701885150050048,24.423540607434013,2.712438556906256,26.498684357053,0.022299474537639342,211.0618668867354,6.813371071631022,0.9347389535103727,2.3889156157194025,0.6223698092135893,0.863166157619436,0.09023673731036957,0.8896282005994729,0.7305245357831971,86.5,118.40806949387832,0.8185196616756198,synthetic,SPEC_V1,2026-10-07
OOD00001,6,37,ood,0.5298794710388899,0.10105853807891663,0.36906199088219344,7.468186800971518,24.830807869027694,37.21540795995699,6.800000000000001,2.701885150050048,24.423540607434013,2.712438556906256,26.498684357053,0.022299474537639342,211.0618668867354,6.813371071631022,0.9347389535103727,2.3889156157194025,0.6223698092135893,0.863166157619436,0.09023673731036957,0.8896282005994729,0.7331186246887123,86.9,118.53470512619757,0.8185196616756198,synthetic,SPEC_V1,2026-10-07
OOD00001,7,37,ood,0.5298794710388899,0.10105853807891663,0.36906199088219344,7.468186800971518,24.830807869027694,37.21540795995699,6.800000000000001,2.701885150050048,24.423540607434013,2.712438556906256,26.498684357053,0.022299474537639342,211.0618668867354,6.813371071631022,0.9347389535103727,2.3889156157194025,0.6223698092135893,0.863166157619436,0.09023673731036957,0.8896282005994729,0.7440613347859613,89.2,119.88259009004885,0.8185196616756198,synthetic,SPEC_V1,2026-10-07
OOD00002,0,37,ood,0.4927552120932805,0.1282925384240194,0.3789522494827001,6.527439881351811,23.46952312344761,47.14907505985204,6.4,1.5537483923473223,28.515974592849425,1.231671204889863,28.992016913451028,2.3072441203007332,199.49094654930465,6.449573635796864,0.9071705153555052,2.866438391647115,0.636335177738608,0.8141762734776564,0.03385018984153779,0.619120091178299,0.75,71.0,94.66666666666667,0.09733280694368363,synthetic,SPEC_V1,2026-10-07
OOD00002,1,37,ood,0.4927552120932805,0.1282925384240194,0.3789522494827001,6.527439881351811,23.46952312344761,47.14907505985204,6.4,1.5537483923473223,28.515974592849425,1.231671204889863,28.992016913451028,2.3072441203007332,199.49094654930465,6.449573635796864,0.9071705153555052,2.866438391647115,0.636335177738608,0.8141762734776564,0.03385018984153779,0.619120091178299,0.75,81.0,108.0,0.09733280694368363,synthetic,SPEC_V1,2026-10-07
OOD00002,2,37,ood,0.4927552120932805,0.1282925384240194,0.3789522494827001,6.527439881351811,23.46952312344761,47.14907505985204,6.4,1.5537483923473223,28.515974592849425,1.231671204889863,28.992016913451028,2.3072441203007332,199.49094654930465,6.449573635796864,0.9071705153555052,2.866438391647115,0.636335177738608,0.8141762734776564,0.03385018984153779,0.619120091178299,0.75,83.10000000000001,110.80000000000001,0.09733280694368363,synthetic,SPEC_V1,2026-10-07
OOD00002,3,37,ood,0.4927552120932805,0.1282925384240194,0.3789522494827001,6.527439881351811,23.46952312344761,47.14907505985204,6.4,1.5537483923473223,28.515974592849425,1.231671204889863,28.992016913451028,2.3072441203007332,199.49094654930465,6.449573635796864,0.9071705153555052,2.866438391647115,0.636335177738608,0.8141762734776564,0.03385018984153779,0.619120091178299,0.7489897190962246,79.60000000000001,106.27649214738233,0.09733280694368363,synthetic,SPEC_V1,2026-10-07
OOD00002,4,37,ood,0.4927552120932805,0.1282925384240194,0.3789522494827001,6.527439881351811,23.46952312344761,47.14907505985204,6.4,1.5537483923473223,28.515974592849425,1.231671204889863,28.992016913451028,2.3072441203007332,199.49094654930465,6.449573635796864,0.9071705153555052,2.866438391647115,0.636335177738608,0.8141762734776564,0.03385018984153779,0.619120091178299,0.7465740528849643,81.30000000000001,108.8974358080552,0.09733280694368363,synthetic,SPEC_V1,2026-10-07
OOD00002,5,37,ood,0.4927552120932805,0.1282925384240194,0.3789522494827001,6.527439881351811,23.46952312344761,47.14907505985204,6.4,1.5537483923473223,28.515974592849425,1.231671204889863,28.992016913451028,2.3072441203007332,199.49094654930465,6.449573635796864,0.9071705153555052,2.866438391647115,0.636335177738608,0.8141762734776564,0.03385018984153779,0.619120091178299,0.7470749363868623,80.5,107.75358144034189,0.09733280694368363,synthetic,SPEC_V1,2026-10-07
OOD00002,6,37,ood,0.4927552120932805,0.1282925384240194,0.3789522494827001,6.527439881351811,23.46952312344761,47.14907505985204,6.4,1.5537483923473223,28.515974592849425,1.231671204889863,28.992016913451028,2.3072441203007332,199.49094654930465,6.449573635796864,0.9071705153555052,2.866438391647115,0.636335177738608,0.8141762734776564,0.03385018984153779,0.619120091178299,0.7397430411241857,72.9,98.5477333983623,0.09733280694368363,synthetic,SPEC_V1,2026-10-07
OOD00002,7,37,ood,0.4927552120932805,0.1282925384240194,0.3789522494827001,6.527439881351811,23.46952312344761,47.14907505985204,6.4,1.5537483923473223,28.515974592849425,1.231671204889863,28.992016913451028,2.3072441203007332,199.49094654930465,6.449573635796864,0.9071705153555052,2.866438391647115,0.636335177738608,0.8141762734776564,0.03385018984153779,0.619120091178299,0.7325156396267852,78.60000000000001,107.30146326984432,0.09733280694368363,synthetic,SPEC_V1,2026-10-07
OOD00003,0,37,ood,0.460566240347558,0.1953453463489282,0.34408841330351375,6.848551437423508,23.709615203731264,40.08749846854676,6.6000000000000005,1.7127076676446142,32.203956723128705,2.0972356294845986,31.55746619653758,11.881775279789728,201.53172923171573,6.63653722837401,0.8321367952998532,4.409247970071608,0.6752790866977226,0.6493334595640045,0.06286814089519964,0.848329401802809,0.7245308277648309,98.2,135.53598582264036,0.26501776131187227,synthetic,SPEC_V1,2026-10-07
OOD00003,1,37,ood,0.460566240347558,0.1953453463489282,0.34408841330351375,6.848551437423508,23.709615203731264,40.08749846854676,6.6000000000000005,1.7127076676446142,32.203956723128705,2.0972356294845986,31.55746619653758,11.881775279789728,201.53172923171573,6.63653722837401,0.8321367952998532,4.409247970071608,0.6752790866977226,0.6493334595640045,0.06286814089519964,0.848329401802809,0.7252082163032859,94.30000000000001,130.03162109868217,0.26501776131187227,synthetic,SPEC_V1,2026-10-07
OOD00003,2,37,ood,0.460566240347558,0.1953453463489282,0.34408841330351375,6.848551437423508,23.709615203731264,40.08749846854676,6.6000000000000005,1.7127076676446142,32.203956723128705,2.0972356294845986,31.55746619653758,11.881775279789728,201.53172923171573,6.63653722837401,0.8321367952998532,4.409247970071608,0.6752790866977226,0.6493334595640045,0.06286814089519964,0.848329401802809,0.7189334322853542,91.7,127.55005662833476,0.26501776131187227,synthetic,SPEC_V1,2026-10-07
OOD00003,3,37,ood,0.460566240347558,0.1953453463489282,0.34408841330351375,6.848551437423508,23.709615203731264,40.08749846854676,6.6000000000000005,1.7127076676446142,32.203956723128705,2.0972356294845986,31.55746619653758,11.881775279789728,201.53172923171573,6.63653722837401,0.8321367952998532,4.409247970071608,0.6752790866977226,0.6493334595640045,0.06286814089519964,0.848329401802809,0.7362126274461005,97.80000000000001,132.8420572454255,0.26501776131187227,synthetic,SPEC_V1,2026-10-07
OOD00003,4,37,ood,0.460566240347558,0.1953453463489282,0.34408841330351375,6.848551437423508,23.709615203731264,40.08749846854676,6.6000000000000005,1.7127076676446142,32.203956723128705,2.0972356294845986,31.55746619653758,11.881775279789728,201.53172923171573,6.63653722837401,0.8321367952998532,4.409247970071608,0.6752790866977226,0.6493334595640045,0.06286814089519964,0.848329401802809,0.7326767967948992,97.5,133.07368327551052,0.26501776131187227,synthetic,SPEC_V1,2026-10-07
OOD00003,5,37,ood,0.460566240347558,0.1953453463489282,0.34408841330351375,6.848551437423508,23.709615203731264,40.08749846854676,6.6000000000000005,1.7127076676446142,32.203956723128705,2.0972356294845986,31.55746619653758,11.881775279789728,201.53172923171573,6.63653722837401,0.8321367952998532,4.409247970071608,0.6752790866977226,0.6493334595640045,0.06286814089519964,0.848329401802809,0.7075642689496052,89.7,126.77293630607102,0.26501776131187227,synthetic,SPEC_V1,2026-10-07
OOD00003,6,37,ood,0.460566240347558,0.1953453463489282,0.34408841330351375,6.848551437423508,23.709615203731264,40.08749846854676,6.6000000000000005,1.7127076676446142,32.203956723128705,2.0972356294845986,31.55746619653758,11.881775279789728,201.53172923171573,6.63653722837401,0.8321367952998532,4.409247970071608,0.6752790866977226,0.6493334595640045,0.06286814089519964,0.848329401802809,0.7198147259466522,100.10000000000001,139.0635623192554,0.26501776131187227,synthetic,SPEC_V1,2026-10-07
OOD00003,7,37,ood,0.460566240347558,0.1953453463489282,0.34408841330351375,6.848551437423508,23.709615203731264,40.08749846854676,6.6000000000000005,1.7127076676446142,32.203956723128705,2.0972356294845986,31.55746619653758,11.881775279789728,201.53172923171573,6.63653722837401,0.8321367952998532,4.409247970071608,0.6752790866977226,0.6493334595640045,0.06286814089519964,0.848329401802809,0.7186474875582206,98.9,137.61962813790217,0.26501776131187227,synthetic,SPEC_V1,2026-10-07
OOD00004,0,37,ood,0.4989265023766947,0.17328267084543242,0.3277908267778728,7.3517850360514,23.93968455104562,44.88511410039294,6.6000000000000005,2.744500622992766,30.349440927567073,1.9381022522606828,29.57795388082353,58.06187371616686,203.4873186838878,6.6041827755173586,0.8004153171624487,3.949212519248611,0.692086530750263,0.69772472615041,0.05044498941091577,0.77982876232637,0.713139783880886,38.1,53.42571100529676,0.9345028256675507,synthetic,SPEC_V1,2026-10-07
OOD00004,1,37,ood,0.4989265023766947,0.17328267084543242,0.3277908267778728,7.3517850360514,23.93968455104562,44.88511410039294,6.6000000000000005,2.744500622992766,30.349440927567073,1.9381022522606828,29.57795388082353,58.06187371616686,203.4873186838878,6.6041827755173586,0.8004153171624487,3.949212519248611,0.692086530750263,0.69772472615041,0.05044498941091577,0.77982876232637,0.7113810892334287,36.0,50.60578717209498,0.9345028256675507,synthetic,SPEC_V1,2026-10-07
OOD00004,2,37,ood,0.4989265023766947,0.17328267084543242,0.3277908267778728,7.3517850360514,23.93968455104562,44.88511410039294,6.6000000000000005,2.744500622992766,30.349440927567073,1.9381022522606828,29.57795388082353,58.06187371616686,203.4873186838878,6.6041827755173586,0.8004153171624487,3.949212519248611,0.692086530750263,0.69772472615041,0.05044498941091577,0.77982876232637,0.7141567364759644,34.800000000000004,48.728798907256724,0.9345028256675507,synthetic,SPEC_V1,2026-10-07
OOD00004,3,37,ood,0.4989265023766947,0.17328267084543242,0.3277908267778728,7.3517850360514,23.93968455104562,44.88511410039294,6.6000000000000005,2.744500622992766,30.349440927567073,1.9381022522606828,29.57795388082353,58.06187371616686,203.4873186838878,6.6041827755173586,0.8004153171624487,3.949212519248611,0.692086530750263,0.69772472615041,0.05044498941091577,0.77982876232637,0.7138165342816373,39.2,54.91607173186267,0.9345028256675507,synthetic,SPEC_V1,2026-10-07
OOD00004,4,37,ood,0.4989265023766947,0.17328267084543242,0.3277908267778728,7.3517850360514,23.93968455104562,44.88511410039294,6.6000000000000005,2.744500622992766,30.349440927567073,1.9381022522606828,29.57795388082353,58.06187371616686,203.4873186838878,6.6041827755173586,0.8004153171624487,3.949212519248611,0.692086530750263,0.69772472615041,0.05044498941091577,0.77982876232637,0.7101117658567555,33.9,47.738963963087386,0.9345028256675507,synthetic,SPEC_V1,2026-10-07
OOD00004,5,37,ood,0.4989265023766947,0.17328267084543242,0.3277908267778728,7.3517850360514,23.93968455104562,44.88511410039294,6.6000000000000005,2.744500622992766,30.349440927567073,1.9381022522606828,29.57795388082353,58.06187371616686,203.4873186838878,6.6041827755173586,0.8004153171624487,3.949212519248611,0.692086530750263,0.69772472615041,0.05044498941091577,0.77982876232637,0.6898110610639899,36.800000000000004,53.3479413090859,0.9345028256675507,synthetic,SPEC_V1,2026-10-07
OOD00004,6,37,ood,0.4989265023766947,0.17328267084543242,0.3277908267778728,7.3517850360514,23.93968455104562,44.88511410039294,6.6000000000000005,2.744500622992766,30.349440927567073,1.9381022522606828,29.57795388082353,58.06187371616686,203.4873186838878,6.6041827755173586,0.8004153171624487,3.949212519248611,0.692086530750263,0.69772472615041,0.05044498941091577,0.77982876232637,0.7120151752553273,35.1,49.29670212072826,0.9345028256675507,synthetic,SPEC_V1,2026-10-07
OOD00004,7,37,ood,0.4989265023766947,0.17328267084543242,0.3277908267778728,7.3517850360514,23.93968455104562,44.88511410039294,6.6000000000000005,2.744500622992766,30.349440927567073,1.9381022522606828,29.57795388082353,58.06187371616686,203.4873186838878,6.6041827755173586,0.8004153171624487,3.949212519248611,0.692086530750263,0.69772472615041,0.05044498941091577,0.77982876232637,0.716260785276134,35.5,49.562953507658506,0.9345028256675507,synthetic,SPEC_V1,2026-10-07
OOD00005,0,37,ood,0.5769792925812789,0.10182691230506627,0.32119379511365487,6.55979343879897,25.919397428022243,50.96232811131629,6.1000000000000005,2.504522580971653,30.559575176094288,1.9319353906640546,25.575730542692458,80.18829728262843,220.31487813818907,6.084176372173079,0.8491652619504881,2.512606182876019,0.6663329936014855,0.8507985369205865,0.030651297959101476,0.6012971748728457,0.7203737405182907,16.2,22.488326668243776,0.5945213332823627,synthetic,SPEC_V1,2026-10-07
OOD00005,1,37,ood,0.5769792925812789,0.10182691230506627,0.32119379511365487,6.55979343879897,25.919397428022243,50.96232811131629,6.1000000000000005,2.504522580971653,30.559575176094288,1.9319353906640546,25.575730542692458,80.18829728262843,220.31487813818907,6.084176372173079,0.8491652619504881,2.512606182876019,0.6663329936014855,0.8507985369205865,0.030651297959101476,0.6012971748728457,0.6992230051578343,15.200000000000001,21.73841519497622,0.5945213332823627,synthetic,SPEC_V1,2026-10-07
OOD00005,2,37,ood,0.5769792925812789,0.10182691230506627,0.32119379511365487,6.55979343879897,25.919397428022243,50.96232811131629,6.1000000000000005,2.504522580971653,30.559575176094288,1.9319353906640546,25.575730542692458,80.18829728262843,220.31487813818907,6.084176372173079,0.8491652619504881,2.512606182876019,0.6663329936014855,0.8507985369205865,0.030651297959101476,0.6012971748728457,0.7170061012811156,16.3,22.733418824297118,0.5945213332823627,synthetic,SPEC_V1,2026-10-07
OOD00005,3,37,ood,0.5769792925812789,0.10182691230506627,0.32119379511365487,6.55979343879897,25.919397428022243,50.96232811131629,6.1000000000000005,2.504522580971653,30.559575176094288,1.9319353906640546,25.575730542692458,80.18829728262843,220.31487813818907,6.084176372173079,0.8491652619504881,2.512606182876019,0.6663329936014855,0.8507985369205865,0.030651297959101476,0.6012971748728457,0.7147184624182943,15.200000000000001,21.267115373751306,0.5945213332823627,synthetic,SPEC_V1,2026-10-07
OOD00005,4,37,ood,0.5769792925812789,0.10182691230506627,0.32119379511365487,6.55979343879897,25.919397428022243,50.96232811131629,6.1000000000000005,2.504522580971653,30.559575176094288,1.9319353906640546,25.575730542692458,80.18829728262843,220.31487813818907,6.084176372173079,0.8491652619504881,2.512606182876019,0.6663329936014855,0.8507985369205865,0.030651297959101476,0.6012971748728457,0.71513116226,15.100000000000001,21.11500770331429,0.5945213332823627,synthetic,SPEC_V1,2026-10-07
OOD00005,5,37,ood,0.5769792925812789,0.10182691230506627,0.32119379511365487,6.55979343879897,25.919397428022243,50.96232811131629,6.1000000000000005,2.504522580971653,30.559575176094288,1.9319353906640546,25.575730542692458,80.18829728262843,220.31487813818907,6.084176372173079,0.8491652619504881,2.512606182876019,0.6663329936014855,0.8507985369205865,0.030651297959101476,0.6012971748728457,0.7165865573788884,16.3,22.74672868497801,0.5945213332823627,synthetic,SPEC_V1,2026-10-07
OOD00005,6,37,ood,0.5769792925812789,0.10182691230506627,0.32119379511365487,6.55979343879897,25.919397428022243,50.96232811131629,6.1000000000000005,2.504522580971653,30.559575176094288,1.9319353906640546,25.575730542692458,80.18829728262843,220.31487813818907,6.084176372173079,0.8491652619504881,2.512606182876019,0.6663329936014855,0.8507985369205865,0.030651297959101476,0.6012971748728457,0.7073547572790564,15.600000000000001,22.05399743122911,0.5945213332823627,synthetic,SPEC_V1,2026-10-07
OOD00005,7,37,ood,0.5769792925812789,0.10182691230506627,0.32119379511365487,6.55979343879897,25.919397428022243,50.96232811131629,6.1000000000000005,2.504522580971653,30.559575176094288,1.9319353906640546,25.575730542692458,80.18829728262843,220.31487813818907,6.084176372173079,0.8491652619504881,2.512606182876019,0.6663329936014855,0.8507985369205865,0.030651297959101476,0.6012971748728457,0.7036636014751743,15.700000000000001,22.311797806631198,0.5945213332823627,synthetic,SPEC_V1,2026-10-07
OOD00006,0,37,ood,0.495248220124733,0.14177931702880398,0.362972462846463,7.03695865322493,26.384356461653713,41.399581707889205,6.2,3.9097685035993575,21.84230904080481,1.1844475940328079,34.92588190634819,28.426166127291555,224.26702992405657,6.236958653224931,0.9768330742415547,3.5611997494876415,0.6014527954611324,0.7394908542764489,0.03518480105259765,0.5362999121498706,0.7399933982300579,2.5,3.3784085182105508,1.0,synthetic,SPEC_V1,2026-10-07
OOD00006,1,37,ood,0.495248220124733,0.14177931702880398,0.362972462846463,7.03695865322493,26.384356461653713,41.399581707889205,6.2,3.9097685035993575,21.84230904080481,1.1844475940328079,34.92588190634819,28.426166127291555,224.26702992405657,6.236958653224931,0.9768330742415547,3.5611997494876415,0.6014527954611324,0.7394908542764489,0.03518480105259765,0.5362999121498706,0.7359538952802868,2.9000000000000004,3.9404642309767794,1.0,synthetic,SPEC_V1,2026-10-07
OOD00006,2,37,ood,0.495248220124733,0.14177931702880398,0.362972462846463,7.03695865322493,26.384356461653713,41.399581707889205,6.2,3.9097685035993575,21.84230904080481,1.1844475940328079,34.92588190634819,28.426166127291555,224.26702992405657,6.236958653224931,0.9768330742415547,3.5611997494876415,0.6014527954611324,0.7394908542764489,0.03518480105259765,0.5362999121498706,0.7352120907209357,2.4000000000000004,3.264364161430756,1.0,synthetic,SPEC_V1,2026-10-07
OOD00006,3,37,ood,0.495248220124733,0.14177931702880398,0.362972462846463,7.03695865322493,26.384356461653713,41.399581707889205,6.2,3.9097685035993575,21.84230904080481,1.1844475940328079,34.92588190634819,28.426166127291555,224.26702992405657,6.236958653224931,0.9768330742415547,3.5611997494876415,0.6014527954611324,0.7394908542764489,0.03518480105259765,0.5362999121498706,0.7233657335460708,2.6,3.594309046482373,1.0,synthetic,SPEC_V1,2026-10-07
OOD00006,4,37,ood,0.495248220124733,0.14177931702880398,0.362972462846463,7.03695865322493,26.384356461653713,41.399581707889205,6.2,3.9097685035993575,21.84230904080481,1.1844475940328079,34.92588190634819,28.426166127291555,224.26702992405657,6.236958653224931,0.9768330742415547,3.5611997494876415,0.6014527954611324,0.7394908542764489,0.03518480105259765,0.5362999121498706,0.7347554210051299,2.6,3.538592469917752,1.0,synthetic,SPEC_V1,2026-10-07
OOD00006,5,37,ood,0.495248220124733,0.14177931702880398,0.362972462846463,7.03695865322493,26.384356461653713,41.399581707889205,6.2,3.9097685035993575,21.84230904080481,1.1844475940328079,34.92588190634819,28.426166127291555,224.26702992405657,6.236958653224931,0.9768330742415547,3.5611997494876415,0.6014527954611324,0.7394908542764489,0.03518480105259765,0.5362999121498706,0.7499950073722437,2.7,3.60002396477276,1.0,synthetic,SPEC_V1,2026-10-07
OOD00006,6,37,ood,0.495248220124733,0.14177931702880398,0.362972462846463,7.03695865322493,26.384356461653713,41.399581707889205,6.2,3.9097685035993575,21.84230904080481,1.1844475940328079,34.92588190634819,28.426166127291555,224.26702992405657,6.236958653224931,0.9768330742415547,3.5611997494876415,0.6014527954611324,0.7394908542764489,0.03518480105259765,0.5362999121498706,0.7436108049014735,2.7,3.6309316408571326,1.0,synthetic,SPEC_V1,2026-10-07
OOD00006,7,37,ood,0.495248220124733,0.14177931702880398,0.362972462846463,7.03695865322493,26.384356461653713,41.399581707889205,6.2,3.9097685035993575,21.84230904080481,1.1844475940328079,34.92588190634819,28.426166127291555,224.26702992405657,6.236958653224931,0.9768330742415547,3.5611997494876415,0.6014527954611324,0.7394908542764489,0.03518480105259765,0.5362999121498706,0.7384548563768094,2.6,3.520865192432704,1.0,synthetic,SPEC_V1,2026-10-07
OOD00007,0,37,ood,0.5956091919191069,0.08734249556344942,0.31704831251744364,7.4016480206729005,23.33159037506306,54.56293712870688,7.1000000000000005,2.2338960990995242,33.05321625568516,1.0686028934437888,34.012366260715886,52.86411113519533,198.318518188036,7.092171103432364,0.7545186183897212,1.9400230410387003,0.7166680862637185,0.9053485866987065,0.0993731626813527,0.9492678212537842,0.700536661001554,133.20000000000002,190.13994186908735,0.3868461465506716,synthetic,SPEC_V1,2026-10-07
OOD00007,1,37,ood,0.5956091919191069,0.08734249556344942,0.31704831251744364,7.4016480206729005,23.33159037506306,54.56293712870688,7.1000000000000005,2.2338960990995242,33.05321625568516,1.0686028934437888,34.012366260715886,52.86411113519533,198.318518188036,7.092171103432364,0.7545186183897212,1.9400230410387003,0.7166680862637185,0.9053485866987065,0.0993731626813527,0.9492678212537842,0.6895835216732373,141.5,205.19631857886895,0.3868461465506716,synthetic,SPEC_V1,2026-10-07
OOD00007,2,37,ood,0.5956091919191069,0.08734249556344942,0.31704831251744364,7.4016480206729005,23.33159037506306,54.56293712870688,7.1000000000000005,2.2338960990995242,33.05321625568516,1.0686028934437888,34.012366260715886,52.86411113519533,198.318518188036,7.092171103432364,0.7545186183897212,1.9400230410387003,0.7166680862637185,0.9053485866987065,0.0993731626813527,0.9492678212537842,0.7103045734178217,137.70000000000002,193.8605003448301,0.3868461465506716,synthetic,SPEC_V1,2026-10-07
OOD00007,3,37,ood,0.5956091919191069,0.08734249556344942,0.31704831251744364,7.4016480206729005,23.33159037506306,54.56293712870688,7.1000000000000005,2.2338960990995242,33.05321625568516,1.0686028934437888,34.012366260715886,52.86411113519533,198.318518188036,7.092171103432364,0.7545186183897212,1.9400230410387003,0.7166680862637185,0.9053485866987065,0.0993731626813527,0.9492678212537842,0.7019047892434968,138.4,197.17773994556384,0.3868461465506716,synthetic,SPEC_V1,2026-10-07
OOD00007,4,37,ood,0.5956091919191069,0.08734249556344942,0.31704831251744364,7.4016480206729005,23.33159037506306,54.56293712870688,7.1000000000000005,2.2338960990995242,33.05321625568516,1.0686028934437888,34.012366260715886,52.86411113519533,198.318518188036,7.092171103432364,0.7545186183897212,1.9400230410387003,0.7166680862637185,0.9053485866987065,0.0993731626813527,0.9492678212537842,0.7127453161255005,148.5,208.34931726699983,0.3868461465506716,synthetic,SPEC_V1,2026-10-07
OOD00007,5,37,ood,0.5956091919191069,0.08734249556344942,0.31704831251744364,7.4016480206729005,23.33159037506306,54.56293712870688,7.1000000000000005,2.2338960990995242,33.05321625568516,1.0686028934437888,34.012366260715886,52.86411113519533,198.318518188036,7.092171103432364,0.7545186183897212,1.9400230410387003,0.7166680862637185,0.9053485866987065,0.0993731626813527,0.9492678212537842,0.6977813728933141,135.6,194.33020895605404,0.3868461465506716,synthetic,SPEC_V1,2026-10-07
OOD00007,6,37,ood,0.5956091919191069,0.08734249556344942,0.31704831251744364,7.4016480206729005,23.33159037506306,54.56293712870688,7.1000000000000005,2.2338960990995242,33.05321625568516,1.0686028934437888,34.012366260715886,52.86411113519533,198.318518188036,7.092171103432364,0.7545186183897212,1.9400230410387003,0.7166680862637185,0.9053485866987065,0.0993731626813527,0.9492678212537842,0.6881736778707978,129.6,188.3245526056461,0.3868461465506716,synthetic,SPEC_V1,2026-10-07
OOD00007,7,37,ood,0.5956091919191069,0.08734249556344942,0.31704831251744364,7.4016480206729005,23.33159037506306,54.56293712870688,7.1000000000000005,2.2338960990995242,33.05321625568516,1.0686028934437888,34.012366260715886,52.86411113519533,198.318518188036,7.092171103432364,0.7545186183897212,1.9400230410387003,0.7166680862637185,0.9053485866987065,0.0993731626813527,0.9492678212537842,0.710859042740364,137.0,192.72456529759336,0.3868461465506716,synthetic,SPEC_V1,2026-10-07
OOD00008,0,37,ood,0.5509541121309741,0.07306610428995089,0.375979783579075,6.822111661340762,22.937241138252126,48.304301893522506,6.2,2.7976682274694116,28.36071063520588,2.784948832132297,33.496127471862955,95.66618843814484,194.96654967514306,6.162270666254025,0.8796417738242311,1.5954899801809799,0.6504741809216973,0.9339590238298106,0.031467125953869725,0.5903409512661411,0.75,12.9,17.2,0.8248012438584216,synthetic,SPEC_V1,2026-10-07
OOD00008,1,37,ood,0.5509541121309741,0.07306610428995089,0.375979783579075,6.822111661340762,22.937241138252126,48.304301893522506,6.2,2.7976682274694116,28.36071063520588,2.784948832132297,33.496127471862955,95.66618843814484,194.96654967514306,6.162270666254025,0.8796417738242311,1.5954899801809799,0.6504741809216973,0.9339590238298106,0.031467125953869725,0.5903409512661411,0.75,13.8,18.400000000000002,0.8248012438584216,synthetic,SPEC_V1,2026-10-07
OOD00008,2,37,ood,0.5509541121309741,0.07306610428995089,0.375979783579075,6.822111661340762,22.937241138252126,48.304301893522506,6.2,2.7976682274694116,28.36071063520588,2.784948832132297,33.496127471862955,95.66618843814484,194.96654967514306,6.162270666254025,0.8796417738242311,1.5954899801809799,0.6504741809216973,0.9339590238298106,0.031467125953869725,0.5903409512661411,0.7396700360545847,13.100000000000001,17.7105998099851,0.8248012438584216,synthetic,SPEC_V1,2026-10-07
OOD00008,3,37,ood,0.5509541121309741,0.07306610428995089,0.375979783579075,6.822111661340762,22.937241138252126,48.304301893522506,6.2,2.7976682274694116,28.36071063520588,2.784948832132297,33.496127471862955,95.66618843814484,194.96654967514306,6.162270666254025,0.8796417738242311,1.5954899801809799,0.6504741809216973,0.9339590238298106,0.031467125953869725,0.5903409512661411,0.7356985904751541,13.200000000000001,17.942130338288028,0.8248012438584216,synthetic,SPEC_V1,2026-10-07
OOD00008,4,37,ood,0.5509541121309741,0.07306610428995089,0.375979783579075,6.822111661340762,22.937241138252126,48.304301893522506,6.2,2.7976682274694116,28.36071063520588,2.784948832132297,33.496127471862955,95.66618843814484,194.96654967514306,6.162270666254025,0.8796417738242311,1.5954899801809799,0.6504741809216973,0.9339590238298106,0.031467125953869725,0.5903409512661411,0.73190466551045,13.100000000000001,17.898505935692743,0.8248012438584216,synthetic,SPEC_V1,2026-10-07
OOD00008,5,37,ood,0.5509541121309741,0.07306610428995089,0.375979783579075,6.822111661340762,22.937241138252126,48.304301893522506,6.2,2.7976682274694116,28.36071063520588,2.784948832132297,33.496127471862955,95.66618843814484,194.96654967514306,6.162270666254025,0.8796417738242311,1.5954899801809799,0.6504741809216973,0.9339590238298106,0.031467125953869725,0.5903409512661411,0.75,13.700000000000001,18.26666666666667,0.8248012438584216,synthetic,SPEC_V1,2026-10-07
OOD00008,6,37,ood,0.5509541121309741,0.07306610428995089,0.375979783579075,6.822111661340762,22.937241138252126,48.304301893522506,6.2,2.7976682274694116,28.36071063520588,2.784948832132297,33.496127471862955,95.66618843814484,194.96654967514306,6.162270666254025,0.8796417738242311,1.5954899801809799,0.6504741809216973,0.9339590238298106,0.031467125953869725,0.5903409512661411,0.747409443844883,13.200000000000001,17.661002424715846,0.8248012438584216,synthetic,SPEC_V1,2026-10-07
OOD00008,7,37,ood,0.5509541121309741,0.07306610428995089,0.375979783579075,6.822111661340762,22.937241138252126,48.304301893522506,6.2,2.7976682274694116,28.36071063520588,2.784948832132297,33.496127471862955,95.66618843814484,194.96654967514306,6.162270666254025,0.8796417738242311,1.5954899801809799,0.6504741809216973,0.9339590238298106,0.031467125953869725,0.5903409512661411,0.75,13.0,17.333333333333332,0.8248012438584216,synthetic,SPEC_V1,2026-10-07
OOD00009,0,37,ood,0.5340923176618704,0.16445150176652068,0.3014561805716089,7.175224996884481,22.094347847363284,47.908800581426966,6.9,2.0537193899005506,33.64491818150599,1.317166616725538,30.751578904886696,8.399041714248265,187.80195670258792,6.866394781991888,0.6793687268572418,3.4590431472163474,0.7572801971738272,0.7505475949233928,0.05299084822576849,0.7960183921444219,0.6982861965623264,136.70000000000002,195.76500390953768,0.38603776861574146,synthetic,SPEC_V1,2026-10-07
OOD00009,1,37,ood,0.5340923176618704,0.16445150176652068,0.3014561805716089,7.175224996884481,22.094347847363284,47.908800581426966,6.9,2.0537193899005506,33.64491818150599,1.317166616725538,30.751578904886696,8.399041714248265,187.80195670258792,6.866394781991888,0.6793687268572418,3.4590431472163474,0.7572801971738272,0.7505475949233928,0.05299084822576849,0.7960183921444219,0.7020312438830947,120.5,171.64478226565396,0.38603776861574146,synthetic,SPEC_V1,2026-10-07
OOD00009,2,37,ood,0.5340923176618704,0.16445150176652068,0.3014561805716089,7.175224996884481,22.094347847363284,47.908800581426966,6.9,2.0537193899005506,33.64491818150599,1.317166616725538,30.751578904886696,8.399041714248265,187.80195670258792,6.866394781991888,0.6793687268572418,3.4590431472163474,0.7572801971738272,0.7505475949233928,0.05299084822576849,0.7960183921444219,0.7011418105585223,140.70000000000002,200.67267117891578,0.38603776861574146,synthetic,SPEC_V1,2026-10-07
OOD00009,3,37,ood,0.5340923176618704,0.16445150176652068,0.3014561805716089,7.175224996884481,22.094347847363284,47.908800581426966,6.9,2.0537193899005506,33.64491818150599,1.317166616725538,30.751578904886696,8.399041714248265,187.80195670258792,6.866394781991888,0.6793687268572418,3.4590431472163474,0.7572801971738272,0.7505475949233928,0.05299084822576849,0.7960183921444219,0.7107919751336932,134.1,188.66279402602578,0.38603776861574146,synthetic,SPEC_V1,2026-10-07
OOD00009,4,37,ood,0.5340923176618704,0.16445150176652068,0.3014561805716089,7.175224996884481,22.094347847363284,47.908800581426966,6.9,2.0537193899005506,33.64491818150599,1.317166616725538,30.751578904886696,8.399041714248265,187.80195670258792,6.866394781991888,0.6793687268572418,3.4590431472163474,0.7572801971738272,0.7505475949233928,0.05299084822576849,0.7960183921444219,0.6827162421338762,132.3,193.78475541534993,0.38603776861574146,synthetic,SPEC_V1,2026-10-07
OOD00009,5,37,ood,0.5340923176618704,0.16445150176652068,0.3014561805716089,7.175224996884481,22.094347847363284,47.908800581426966,6.9,2.0537193899005506,33.64491818150599,1.317166616725538,30.751578904886696,8.399041714248265,187.80195670258792,6.866394781991888,0.6793687268572418,3.4590431472163474,0.7572801971738272,0.7505475949233928,0.05299084822576849,0.7960183921444219,0.7081242516936392,128.20000000000002,181.04167410363468,0.38603776861574146,synthetic,SPEC_V1,2026-10-07
OOD00009,6,37,ood,0.5340923176618704,0.16445150176652068,0.3014561805716089,7.175224996884481,22.094347847363284,47.908800581426966,6.9,2.0537193899005506,33.64491818150599,1.317166616725538,30.751578904886696,8.399041714248265,187.80195670258792,6.866394781991888,0.6793687268572418,3.4590431472163474,0.7572801971738272,0.7505475949233928,0.05299084822576849,0.7960183921444219,0.6947546181820607,141.3,203.38115976794023,0.38603776861574146,synthetic,SPEC_V1,2026-10-07
OOD00009,7,37,ood,0.5340923176618704,0.16445150176652068,0.3014561805716089,7.175224996884481,22.094347847363284,47.908800581426966,6.9,2.0537193899005506,33.64491818150599,1.317166616725538,30.751578904886696,8.399041714248265,187.80195670258792,6.866394781991888,0.6793687268572418,3.4590431472163474,0.7572801971738272,0.7505475949233928,0.05299084822576849,0.7960183921444219,0.6971652571501229,130.70000000000002,187.47348445657835,0.38603776861574146,synthetic,SPEC_V1,2026-10-07
OOD00010,0,37,ood,0.553832302409284,0.09956135892521098,0.34660633866550494,6.691739906156089,27.46611262765681,45.26880299739523,5.9,3.631980975894759,23.790834211838217,2.914472981305714,31.477415289513456,22.57807343660164,233.46195733508284,5.891739906156089,0.9710327309951446,2.603304449717493,0.6043045203546007,0.8415699251161073,0.009466065944827207,0.20164794371542671,0.7239250194166615,0.30000000000000004,0.4144075587299634,1.0,synthetic,SPEC_V1,2026-10-07
OOD00010,1,37,ood,0.553832302409284,0.09956135892521098,0.34660633866550494,6.691739906156089,27.46611262765681,45.26880299739523,5.9,3.631980975894759,23.790834211838217,2.914472981305714,31.477415289513456,22.57807343660164,233.46195733508284,5.891739906156089,0.9710327309951446,2.603304449717493,0.6043045203546007,0.8415699251161073,0.009466065944827207,0.20164794371542671,0.7146801405588503,0.30000000000000004,0.4197682053476573,1.0,synthetic,SPEC_V1,2026-10-07
OOD00010,2,37,ood,0.553832302409284,0.09956135892521098,0.34660633866550494,6.691739906156089,27.46611262765681,45.26880299739523,5.9,3.631980975894759,23.790834211838217,2.914472981305714,31.477415289513456,22.57807343660164,233.46195733508284,5.891739906156089,0.9710327309951446,2.603304449717493,0.6043045203546007,0.8415699251161073,0.009466065944827207,0.20164794371542671,0.7240583669616091,0.30000000000000004,0.41433123859738036,1.0,synthetic,SPEC_V1,2026-10-07
OOD00010,3,37,ood,0.553832302409284,0.09956135892521098,0.34660633866550494,6.691739906156089,27.46611262765681,45.26880299739523,5.9,3.631980975894759,23.790834211838217,2.914472981305714,31.477415289513456,22.57807343660164,233.46195733508284,5.891739906156089,0.9710327309951446,2.603304449717493,0.6043045203546007,0.8415699251161073,0.009466065944827207,0.20164794371542671,0.7477182304014114,0.30000000000000004,0.401220657464705,1.0,synthetic,SPEC_V1,2026-10-07
OOD00010,4,37,ood,0.553832302409284,0.09956135892521098,0.34660633866550494,6.691739906156089,27.46611262765681,45.26880299739523,5.9,3.631980975894759,23.790834211838217,2.914472981305714,31.477415289513456,22.57807343660164,233.46195733508284,5.891739906156089,0.9710327309951446,2.603304449717493,0.6043045203546007,0.8415699251161073,0.009466065944827207,0.20164794371542671,0.7308900501813117,0.2,0.27363896929556786,1.0,synthetic,SPEC_V1,2026-10-07
OOD00010,5,37,ood,0.553832302409284,0.09956135892521098,0.34660633866550494,6.691739906156089,27.46611262765681,45.26880299739523,5.9,3.631980975894759,23.790834211838217,2.914472981305714,31.477415289513456,22.57807343660164,233.46195733508284,5.891739906156089,0.9710327309951446,2.603304449717493,0.6043045203546007,0.8415699251161073,0.009466065944827207,0.20164794371542671,0.7414328127164328,0.30000000000000004,0.4046219628463322,1.0,synthetic,SPEC_V1,2026-10-07
OOD00010,6,37,ood,0.553832302409284,0.09956135892521098,0.34660633866550494,6.691739906156089,27.46611262765681,45.26880299739523,5.9,3.631980975894759,23.790834211838217,2.914472981305714,31.477415289513456,22.57807343660164,233.46195733508284,5.891739906156089,0.9710327309951446,2.603304449717493,0.6043045203546007,0.8415699251161073,0.009466065944827207,0.20164794371542671,0.7207280188081786,0.2,0.27749719003671747,1.0,synthetic,SPEC_V1,2026-10-07
OOD00010,7,37,ood,0.553832302409284,0.09956135892521098,0.34660633866550494,6.691739906156089,27.46611262765681,45.26880299739523,5.9,3.631980975894759,23.790834211838217,2.914472981305714,31.477415289513456,22.57807343660164,233.46195733508284,5.891739906156089,0.9710327309951446,2.603304449717493,0.6043045203546007,0.8415699251161073,0.009466065944827207,0.20164794371542671,0.7021844588036692,0.30000000000000004,0.427238165468826,1.0,synthetic,SPEC_V1,2026-10-07
OOD00011,0,37,ood,0.5557497552052595,0.09100878348551024,0.3532414613092303,7.0723776482583265,22.737638509947132,31.727046668106414,6.6000000000000005,2.4716868111496058,27.468457233681576,2.473267220312758,32.509734672358114,74.54788547812129,193.26992733455063,6.583824158158411,0.819251418705425,1.9699972287576464,0.6820853037818095,0.9026879999239713,0.11874057768090185,0.9616737592351072,0.7155991631711305,190.70000000000002,266.4899706630812,0.6106918626248943,synthetic,SPEC_V1,2026-10-07
OOD00011,1,37,ood,0.5557497552052595,0.09100878348551024,0.3532414613092303,7.0723776482583265,22.737638509947132,31.727046668106414,6.6000000000000005,2.4716868111496058,27.468457233681576,2.473267220312758,32.509734672358114,74.54788547812129,193.26992733455063,6.583824158158411,0.819251418705425,1.9699972287576464,0.6820853037818095,0.9026879999239713,0.11874057768090185,0.9616737592351072,0.7392016357877843,187.10000000000002,253.11091174819063,0.6106918626248943,synthetic,SPEC_V1,2026-10-07
OOD00011,2,37,ood,0.5557497552052595,0.09100878348551024,0.3532414613092303,7.0723776482583265,22.737638509947132,31.727046668106414,6.6000000000000005,2.4716868111496058,27.468457233681576,2.473267220312758,32.509734672358114,74.54788547812129,193.26992733455063,6.583824158158411,0.819251418705425,1.9699972287576464,0.6820853037818095,0.9026879999239713,0.11874057768090185,0.9616737592351072,0.7224144197610363,192.9,267.0212480861171,0.6106918626248943,synthetic,SPEC_V1,2026-10-07
OOD00011,3,37,ood,0.5557497552052595,0.09100878348551024,0.3532414613092303,7.0723776482583265,22.737638509947132,31.727046668106414,6.6000000000000005,2.4716868111496058,27.468457233681576,2.473267220312758,32.509734672358114,74.54788547812129,193.26992733455063,6.583824158158411,0.819251418705425,1.9699972287576464,0.6820853037818095,0.9026879999239713,0.11874057768090185,0.9616737592351072,0.7395535590031912,190.20000000000002,257.1821846903982,0.6106918626248943,synthetic,SPEC_V1,2026-10-07
OOD00011,4,37,ood,0.5557497552052595,0.09100878348551024,0.3532414613092303,7.0723776482583265,22.737638509947132,31.727046668106414,6.6000000000000005,2.4716868111496058,27.468457233681576,2.473267220312758,32.509734672358114,74.54788547812129,193.26992733455063,6.583824158158411,0.819251418705425,1.9699972287576464,0.6820853037818095,0.9026879999239713,0.11874057768090185,0.9616737592351072,0.7371291149079672,204.3,277.1563296960635,0.6106918626248943,synthetic,SPEC_V1,2026-10-07
OOD00011,5,37,ood,0.5557497552052595,0.09100878348551024,0.3532414613092303,7.0723776482583265,22.737638509947132,31.727046668106414,6.6000000000000005,2.4716868111496058,27.468457233681576,2.473267220312758,32.509734672358114,74.54788547812129,193.26992733455063,6.583824158158411,0.819251418705425,1.9699972287576464,0.6820853037818095,0.9026879999239713,0.11874057768090185,0.9616737592351072,0.7289142551864195,204.8,280.96583177348134,0.6106918626248943,synthetic,SPEC_V1,2026-10-07
OOD00011,6,37,ood,0.5557497552052595,0.09100878348551024,0.3532414613092303,7.0723776482583265,22.737638509947132,31.727046668106414,6.6000000000000005,2.4716868111496058,27.468457233681576,2.473267220312758,32.509734672358114,74.54788547812129,193.26992733455063,6.583824158158411,0.819251418705425,1.9699972287576464,0.6820853037818095,0.9026879999239713,0.11874057768090185,0.9616737592351072,0.7338860027464492,185.10000000000002,252.21900854804878,0.6106918626248943,synthetic,SPEC_V1,2026-10-07
OOD00011,7,37,ood,0.5557497552052595,0.09100878348551024,0.3532414613092303,7.0723776482583265,22.737638509947132,31.727046668106414,6.6000000000000005,2.4716868111496058,27.468457233681576,2.473267220312758,32.509734672358114,74.54788547812129,193.26992733455063,6.583824158158411,0.819251418705425,1.9699972287576464,0.6820853037818095,0.9026879999239713,0.11874057768090185,0.9616737592351072,0.74308089178156,180.20000000000002,242.50388079279605,0.6106918626248943,synthetic,SPEC_V1,2026-10-07
OOD00012,0,37,ood,0.4774652933685016,0.19799155757451953,0.3245431490569789,6.508113422003017,26.17903005021235,40.933273524206506,5.7,3.2558005828507417,28.247345107347655,2.6035040293666087,28.01004699599491,87.02430750766784,222.52175542680496,5.708113422003017,0.866614934878826,4.9344320425309744,0.6572277067633462,0.5965339430982611,0.003757776326048839,0.10070774173142716,0.6926206173753962,0.0,0.0,1.0,synthetic,SPEC_V1,2026-10-07
OOD00012,1,37,ood,0.4774652933685016,0.19799155757451953,0.3245431490569789,6.508113422003017,26.17903005021235,40.933273524206506,5.7,3.2558005828507417,28.247345107347655,2.6035040293666087,28.01004699599491,87.02430750766784,222.52175542680496,5.708113422003017,0.866614934878826,4.9344320425309744,0.6572277067633462,0.5965339430982611,0.003757776326048839,0.10070774173142716,0.7105997095867453,0.0,0.0,1.0,synthetic,SPEC_V1,2026-10-07
OOD00012,2,37,ood,0.4774652933685016,0.19799155757451953,0.3245431490569789,6.508113422003017,26.17903005021235,40.933273524206506,5.7,3.2558005828507417,28.247345107347655,2.6035040293666087,28.01004699599491,87.02430750766784,222.52175542680496,5.708113422003017,0.866614934878826,4.9344320425309744,0.6572277067633462,0.5965339430982611,0.003757776326048839,0.10070774173142716,0.701099254117413,0.0,0.0,1.0,synthetic,SPEC_V1,2026-10-07
OOD00012,3,37,ood,0.4774652933685016,0.19799155757451953,0.3245431490569789,6.508113422003017,26.17903005021235,40.933273524206506,5.7,3.2558005828507417,28.247345107347655,2.6035040293666087,28.01004699599491,87.02430750766784,222.52175542680496,5.708113422003017,0.866614934878826,4.9344320425309744,0.6572277067633462,0.5965339430982611,0.003757776326048839,0.10070774173142716,0.7172601223960865,0.0,0.0,1.0,synthetic,SPEC_V1,2026-10-07
OOD00012,4,37,ood,0.4774652933685016,0.19799155757451953,0.3245431490569789,6.508113422003017,26.17903005021235,40.933273524206506,5.7,3.2558005828507417,28.247345107347655,2.6035040293666087,28.01004699599491,87.02430750766784,222.52175542680496,5.708113422003017,0.866614934878826,4.9344320425309744,0.6572277067633462,0.5965339430982611,0.003757776326048839,0.10070774173142716,0.7070655640038136,0.0,0.0,1.0,synthetic,SPEC_V1,2026-10-07
OOD00012,5,37,ood,0.4774652933685016,0.19799155757451953,0.3245431490569789,6.508113422003017,26.17903005021235,40.933273524206506,5.7,3.2558005828507417,28.247345107347655,2.6035040293666087,28.01004699599491,87.02430750766784,222.52175542680496,5.708113422003017,0.866614934878826,4.9344320425309744,0.6572277067633462,0.5965339430982611,0.003757776326048839,0.10070774173142716,0.7028415460312673,0.0,0.0,1.0,synthetic,SPEC_V1,2026-10-07
OOD00012,6,37,ood,0.4774652933685016,0.19799155757451953,0.3245431490569789,6.508113422003017,26.17903005021235,40.933273524206506,5.7,3.2558005828507417,28.247345107347655,2.6035040293666087,28.01004699599491,87.02430750766784,222.52175542680496,5.708113422003017,0.866614934878826,4.9344320425309744,0.6572277067633462,0.5965339430982611,0.003757776326048839,0.10070774173142716,0.7268898522196101,0.0,0.0,1.0,synthetic,SPEC_V1,2026-10-07
OOD00012,7,37,ood,0.4774652933685016,0.19799155757451953,0.3245431490569789,6.508113422003017,26.17903005021235,40.933273524206506,5.7,3.2558005828507417,28.247345107347655,2.6035040293666087,28.01004699599491,87.02430750766784,222.52175542680496,5.708113422003017,0.866614934878826,4.9344320425309744,0.6572277067633462,0.5965339430982611,0.003757776326048839,0.10070774173142716,0.6999682346221863,0.0,0.0,1.0,synthetic,SPEC_V1,2026-10-07
OOD00013,0,37,ood,0.4945958135717183,0.15836768818723362,0.3470364982410481,6.881555215364727,25.367656043812417,34.02928140189355,6.1000000000000005,3.008463931074971,33.78791466665619,1.275010726632503,30.12597028618707,7.942737045843749,215.62507637240552,6.081555215364727,0.897957257246858,3.8245810243528777,0.6410464054494922,0.7110771197027376,0.027376123621209756,0.5601333686724277,0.7455141598402112,2.2,2.950983520516276,1.0,synthetic,SPEC_V1,2026-10-07
OOD00013,1,37,ood,0.4945958135717183,0.15836768818723362,0.3470364982410481,6.881555215364727,25.367656043812417,34.02928140189355,6.1000000000000005,3.008463931074971,33.78791466665619,1.275010726632503,30.12597028618707,7.942737045843749,215.62507637240552,6.081555215364727,0.897957257246858,3.8245810243528777,0.6410464054494922,0.7110771197027376,0.027376123621209756,0.5601333686724277,0.7346439821765506,2.2,2.9946478204068283,1.0,synthetic,SPEC_V1,2026-10-07
OOD00013,2,37,ood,0.4945958135717183,0.15836768818723362,0.3470364982410481,6.881555215364727,25.367656043812417,34.02928140189355,6.1000000000000005,3.008463931074971,33.78791466665619,1.275010726632503,30.12597028618707,7.942737045843749,215.62507637240552,6.081555215364727,0.897957257246858,3.8245810243528777,0.6410464054494922,0.7110771197027376,0.027376123621209756,0.5601333686724277,0.7256489328039236,2.3000000000000003,3.169576769186098,1.0,synthetic,SPEC_V1,2026-10-07
OOD00013,3,37,ood,0.4945958135717183,0.15836768818723362,0.3470364982410481,6.881555215364727,25.367656043812417,34.02928140189355,6.1000000000000005,3.008463931074971,33.78791466665619,1.275010726632503,30.12597028618707,7.942737045843749,215.62507637240552,6.081555215364727,0.897957257246858,3.8245810243528777,0.6410464054494922,0.7110771197027376,0.027376123621209756,0.5601333686724277,0.7149704358153561,2.0,2.7973184621531786,1.0,synthetic,SPEC_V1,2026-10-07
OOD00013,4,37,ood,0.4945958135717183,0.15836768818723362,0.3470364982410481,6.881555215364727,25.367656043812417,34.02928140189355,6.1000000000000005,3.008463931074971,33.78791466665619,1.275010726632503,30.12597028618707,7.942737045843749,215.62507637240552,6.081555215364727,0.897957257246858,3.8245810243528777,0.6410464054494922,0.7110771197027376,0.027376123621209756,0.5601333686724277,0.7380286625895369,2.1,2.8454179443812997,1.0,synthetic,SPEC_V1,2026-10-07
OOD00013,5,37,ood,0.4945958135717183,0.15836768818723362,0.3470364982410481,6.881555215364727,25.367656043812417,34.02928140189355,6.1000000000000005,3.008463931074971,33.78791466665619,1.275010726632503,30.12597028618707,7.942737045843749,215.62507637240552,6.081555215364727,0.897957257246858,3.8245810243528777,0.6410464054494922,0.7110771197027376,0.027376123621209756,0.5601333686724277,0.7194836359770037,2.2,3.0577484879313044,1.0,synthetic,SPEC_V1,2026-10-07
OOD00013,6,37,ood,0.4945958135717183,0.15836768818723362,0.3470364982410481,6.881555215364727,25.367656043812417,34.02928140189355,6.1000000000000005,3.008463931074971,33.78791466665619,1.275010726632503,30.12597028618707,7.942737045843749,215.62507637240552,6.081555215364727,0.897957257246858,3.8245810243528777,0.6410464054494922,0.7110771197027376,0.027376123621209756,0.5601333686724277,0.7109527008299703,2.1,2.953782997868139,1.0,synthetic,SPEC_V1,2026-10-07
OOD00013,7,37,ood,0.4945958135717183,0.15836768818723362,0.3470364982410481,6.881555215364727,25.367656043812417,34.02928140189355,6.1000000000000005,3.008463931074971,33.78791466665619,1.275010726632503,30.12597028618707,7.942737045843749,215.62507637240552,6.081555215364727,0.897957257246858,3.8245810243528777,0.6410464054494922,0.7110771197027376,0.027376123621209756,0.5601333686724277,0.7321085369517346,2.3000000000000003,3.141610681903073,1.0,synthetic,SPEC_V1,2026-10-07
OOD00014,0,37,ood,0.58137952724291,0.11617450587852544,0.3024459668785646,6.973379288035134,26.672027168132857,33.38288682678262,6.5,2.4512388342071443,27.005537919548956,1.1003092169702282,33.50208813462925,10.783960370741148,226.71223092912925,6.529321340240425,0.822818398638683,2.9498763173386915,0.6801981645620161,0.8053372331428597,0.08901396583552591,0.9096324494160546,0.698489882095924,63.5,90.9104077634721,0.5550724347433862,synthetic,SPEC_V1,2026-10-07
OOD00014,1,37,ood,0.58137952724291,0.11617450587852544,0.3024459668785646,6.973379288035134,26.672027168132857,33.38288682678262,6.5,2.4512388342071443,27.005537919548956,1.1003092169702282,33.50208813462925,10.783960370741148,226.71223092912925,6.529321340240425,0.822818398638683,2.9498763173386915,0.6801981645620161,0.8053372331428597,0.08901396583552591,0.9096324494160546,0.6896615109114523,67.4,97.72910178925976,0.5550724347433862,synthetic,SPEC_V1,2026-10-07
OOD00014,2,37,ood,0.58137952724291,0.11617450587852544,0.3024459668785646,6.973379288035134,26.672027168132857,33.38288682678262,6.5,2.4512388342071443,27.005537919548956,1.1003092169702282,33.50208813462925,10.783960370741148,226.71223092912925,6.529321340240425,0.822818398638683,2.9498763173386915,0.6801981645620161,0.8053372331428597,0.08901396583552591,0.9096324494160546,0.6933061233051684,65.10000000000001,93.8979158148086,0.5550724347433862,synthetic,SPEC_V1,2026-10-07
OOD00014,3,37,ood,0.58137952724291,0.11617450587852544,0.3024459668785646,6.973379288035134,26.672027168132857,33.38288682678262,6.5,2.4512388342071443,27.005537919548956,1.1003092169702282,33.50208813462925,10.783960370741148,226.71223092912925,6.529321340240425,0.822818398638683,2.9498763173386915,0.6801981645620161,0.8053372331428597,0.08901396583552591,0.9096324494160546,0.6912915851409679,68.60000000000001,99.23453644529917,0.5550724347433862,synthetic,SPEC_V1,2026-10-07
OOD00014,4,37,ood,0.58137952724291,0.11617450587852544,0.3024459668785646,6.973379288035134,26.672027168132857,33.38288682678262,6.5,2.4512388342071443,27.005537919548956,1.1003092169702282,33.50208813462925,10.783960370741148,226.71223092912925,6.529321340240425,0.822818398638683,2.9498763173386915,0.6801981645620161,0.8053372331428597,0.08901396583552591,0.9096324494160546,0.6958029441148276,61.2,87.95593711931785,0.5550724347433862,synthetic,SPEC_V1,2026-10-07
OOD00014,5,37,ood,0.58137952724291,0.11617450587852544,0.3024459668785646,6.973379288035134,26.672027168132857,33.38288682678262,6.5,2.4512388342071443,27.005537919548956,1.1003092169702282,33.50208813462925,10.783960370741148,226.71223092912925,6.529321340240425,0.822818398638683,2.9498763173386915,0.6801981645620161,0.8053372331428597,0.08901396583552591,0.9096324494160546,0.7017694938670587,72.10000000000001,102.74028812893717,0.5550724347433862,synthetic,SPEC_V1,2026-10-07
OOD00014,6,37,ood,0.58137952724291,0.11617450587852544,0.3024459668785646,6.973379288035134,26.672027168132857,33.38288682678262,6.5,2.4512388342071443,27.005537919548956,1.1003092169702282,33.50208813462925,10.783960370741148,226.71223092912925,6.529321340240425,0.822818398638683,2.9498763173386915,0.6801981645620161,0.8053372331428597,0.08901396583552591,0.9096324494160546,0.689395868440266,65.8,95.44588677166023,0.5550724347433862,synthetic,SPEC_V1,2026-10-07
OOD00014,7,37,ood,0.58137952724291,0.11617450587852544,0.3024459668785646,6.973379288035134,26.672027168132857,33.38288682678262,6.5,2.4512388342071443,27.005537919548956,1.1003092169702282,33.50208813462925,10.783960370741148,226.71223092912925,6.529321340240425,0.822818398638683,2.9498763173386915,0.6801981645620161,0.8053372331428597,0.08901396583552591,0.9096324494160546,0.7226987694676261,68.8,95.19872304567684,0.5550724347433862,synthetic,SPEC_V1,2026-10-07
OOD00015,0,37,ood,0.4891727717354775,0.18392214051291406,0.3269050877516085,6.6259079123667215,23.845364193415993,31.215462663573756,5.800000000000001,3.874877609318894,32.77053383572835,1.5811823467101704,31.118032822411443,50.776379728472406,202.68559564403594,5.825907912366722,0.7951074291600073,4.175177283422439,0.6949150188354563,0.673752227533047,0.013835412067151932,0.33970089816120375,0.7117594606264559,0.5,0.7024845157097377,1.0,synthetic,SPEC_V1,2026-10-07
OOD00015,1,37,ood,0.4891727717354775,0.18392214051291406,0.3269050877516085,6.6259079123667215,23.845364193415993,31.215462663573756,5.800000000000001,3.874877609318894,32.77053383572835,1.5811823467101704,31.118032822411443,50.776379728472406,202.68559564403594,5.825907912366722,0.7951074291600073,4.175177283422439,0.6949150188354563,0.673752227533047,0.013835412067151932,0.33970089816120375,0.709454174212383,0.5,0.7047671550528074,1.0,synthetic,SPEC_V1,2026-10-07
OOD00015,2,37,ood,0.4891727717354775,0.18392214051291406,0.3269050877516085,6.6259079123667215,23.845364193415993,31.215462663573756,5.800000000000001,3.874877609318894,32.77053383572835,1.5811823467101704,31.118032822411443,50.776379728472406,202.68559564403594,5.825907912366722,0.7951074291600073,4.175177283422439,0.6949150188354563,0.673752227533047,0.013835412067151932,0.33970089816120375,0.7259742784027279,0.5,0.6887296352979456,1.0,synthetic,SPEC_V1,2026-10-07
OOD00015,3,37,ood,0.4891727717354775,0.18392214051291406,0.3269050877516085,6.6259079123667215,23.845364193415993,31.215462663573756,5.800000000000001,3.874877609318894,32.77053383572835,1.5811823467101704,31.118032822411443,50.776379728472406,202.68559564403594,5.825907912366722,0.7951074291600073,4.175177283422439,0.6949150188354563,0.673752227533047,0.013835412067151932,0.33970089816120375,0.7015961109149451,0.5,0.7126607348891295,1.0,synthetic,SPEC_V1,2026-10-07
OOD00015,4,37,ood,0.4891727717354775,0.18392214051291406,0.3269050877516085,6.6259079123667215,23.845364193415993,31.215462663573756,5.800000000000001,3.874877609318894,32.77053383572835,1.5811823467101704,31.118032822411443,50.776379728472406,202.68559564403594,5.825907912366722,0.7951074291600073,4.175177283422439,0.6949150188354563,0.673752227533047,0.013835412067151932,0.33970089816120375,0.6980215505539753,0.6000000000000001,0.8595723148143753,1.0,synthetic,SPEC_V1,2026-10-07
OOD00015,5,37,ood,0.4891727717354775,0.18392214051291406,0.3269050877516085,6.6259079123667215,23.845364193415993,31.215462663573756,5.800000000000001,3.874877609318894,32.77053383572835,1.5811823467101704,31.118032822411443,50.776379728472406,202.68559564403594,5.825907912366722,0.7951074291600073,4.175177283422439,0.6949150188354563,0.673752227533047,0.013835412067151932,0.33970089816120375,0.7169593379771457,0.5,0.6973896196271292,1.0,synthetic,SPEC_V1,2026-10-07
OOD00015,6,37,ood,0.4891727717354775,0.18392214051291406,0.3269050877516085,6.6259079123667215,23.845364193415993,31.215462663573756,5.800000000000001,3.874877609318894,32.77053383572835,1.5811823467101704,31.118032822411443,50.776379728472406,202.68559564403594,5.825907912366722,0.7951074291600073,4.175177283422439,0.6949150188354563,0.673752227533047,0.013835412067151932,0.33970089816120375,0.712256584932382,0.5,0.7019942118856893,1.0,synthetic,SPEC_V1,2026-10-07
OOD00015,7,37,ood,0.4891727717354775,0.18392214051291406,0.3269050877516085,6.6259079123667215,23.845364193415993,31.215462663573756,5.800000000000001,3.874877609318894,32.77053383572835,1.5811823467101704,31.118032822411443,50.776379728472406,202.68559564403594,5.825907912366722,0.7951074291600073,4.175177283422439,0.6949150188354563,0.673752227533047,0.013835412067151932,0.33970089816120375,0.7280138539799479,0.5,0.6868001168749349,1.0,synthetic,SPEC_V1,2026-10-07
OOD00016,0,37,ood,0.48007636992158664,0.14002364629319075,0.3798999837852226,6.577191074876576,27.31867221935637,54.94720911138739,6.1000000000000005,2.3038646452430456,21.536606895579617,2.4429873516880383,30.459826297152997,65.29113854979884,232.20871386452916,6.0538132913915135,1.0585930395830643,3.6416476114327194,0.5623639730618585,0.730792380967037,0.01900658422986209,0.33590982498850375,0.749293258304191,2.5,3.3364773702328887,0.654222229356328,synthetic,SPEC_V1,2026-10-07
OOD00016,1,37,ood,0.48007636992158664,0.14002364629319075,0.3798999837852226,6.577191074876576,27.31867221935637,54.94720911138739,6.1000000000000005,2.3038646452430456,21.536606895579617,2.4429873516880383,30.459826297152997,65.29113854979884,232.20871386452916,6.0538132913915135,1.0585930395830643,3.6416476114327194,0.5623639730618585,0.730792380967037,0.01900658422986209,0.33590982498850375,0.7468883888528836,2.4000000000000004,3.2133315175592245,0.654222229356328,synthetic,SPEC_V1,2026-10-07
OOD00016,2,37,ood,0.48007636992158664,0.14002364629319075,0.3798999837852226,6.577191074876576,27.31867221935637,54.94720911138739,6.1000000000000005,2.3038646452430456,21.536606895579617,2.4429873516880383,30.459826297152997,65.29113854979884,232.20871386452916,6.0538132913915135,1.0585930395830643,3.6416476114327194,0.5623639730618585,0.730792380967037,0.01900658422986209,0.33590982498850375,0.7438688051659246,2.3000000000000003,3.091943073869015,0.654222229356328,synthetic,SPEC_V1,2026-10-07
OOD00016,3,37,ood,0.48007636992158664,0.14002364629319075,0.3798999837852226,6.577191074876576,27.31867221935637,54.94720911138739,6.1000000000000005,2.3038646452430456,21.536606895579617,2.4429873516880383,30.459826297152997,65.29113854979884,232.20871386452916,6.0538132913915135,1.0585930395830643,3.6416476114327194,0.5623639730618585,0.730792380967037,0.01900658422986209,0.33590982498850375,0.75,2.5,3.3333333333333335,0.654222229356328,synthetic,SPEC_V1,2026-10-07
OOD00016,4,37,ood,0.48007636992158664,0.14002364629319075,0.3798999837852226,6.577191074876576,27.31867221935637,54.94720911138739,6.1000000000000005,2.3038646452430456,21.536606895579617,2.4429873516880383,30.459826297152997,65.29113854979884,232.20871386452916,6.0538132913915135,1.0585930395830643,3.6416476114327194,0.5623639730618585,0.730792380967037,0.01900658422986209,0.33590982498850375,0.75,2.3000000000000003,3.066666666666667,0.654222229356328,synthetic,SPEC_V1,2026-10-07
OOD00016,5,37,ood,0.48007636992158664,0.14002364629319075,0.3798999837852226,6.577191074876576,27.31867221935637,54.94720911138739,6.1000000000000005,2.3038646452430456,21.536606895579617,2.4429873516880383,30.459826297152997,65.29113854979884,232.20871386452916,6.0538132913915135,1.0585930395830643,3.6416476114327194,0.5623639730618585,0.730792380967037,0.01900658422986209,0.33590982498850375,0.7331020005544782,2.5,3.4101666590858257,0.654222229356328,synthetic,SPEC_V1,2026-10-07
OOD00016,6,37,ood,0.48007636992158664,0.14002364629319075,0.3798999837852226,6.577191074876576,27.31867221935637,54.94720911138739,6.1000000000000005,2.3038646452430456,21.536606895579617,2.4429873516880383,30.459826297152997,65.29113854979884,232.20871386452916,6.0538132913915135,1.0585930395830643,3.6416476114327194,0.5623639730618585,0.730792380967037,0.01900658422986209,0.33590982498850375,0.75,2.3000000000000003,3.066666666666667,0.654222229356328,synthetic,SPEC_V1,2026-10-07
OOD00016,7,37,ood,0.48007636992158664,0.14002364629319075,0.3798999837852226,6.577191074876576,27.31867221935637,54.94720911138739,6.1000000000000005,2.3038646452430456,21.536606895579617,2.4429873516880383,30.459826297152997,65.29113854979884,232.20871386452916,6.0538132913915135,1.0585930395830643,3.6416476114327194,0.5623639730618585,0.730792380967037,0.01900658422986209,0.33590982498850375,0.75,2.6,3.466666666666667,0.654222229356328,synthetic,SPEC_V1,2026-10-07
OOD00017,0,37,ood,0.5100068152303746,0.17430112768737818,0.3156920570822473,6.671535863978867,24.99377580230984,35.547791392601184,5.9,3.507662497524842,20.255037173034165,2.6368833198967767,26.60114173997911,3.294819178747466,212.44709431963366,5.871535863978867,0.8048143227229364,4.147334028747721,0.689745653942394,0.6766869016200617,0.01419916575410878,0.2499419160437767,0.7101875700976347,0.4,0.5632314853736585,1.0,synthetic,SPEC_V1,2026-10-07
OOD00017,1,37,ood,0.5100068152303746,0.17430112768737818,0.3156920570822473,6.671535863978867,24.99377580230984,35.547791392601184,5.9,3.507662497524842,20.255037173034165,2.6368833198967767,26.60114173997911,3.294819178747466,212.44709431963366,5.871535863978867,0.8048143227229364,4.147334028747721,0.689745653942394,0.6766869016200617,0.01419916575410878,0.2499419160437767,0.7133823705707933,0.4,0.5607091182810573,1.0,synthetic,SPEC_V1,2026-10-07
OOD00017,2,37,ood,0.5100068152303746,0.17430112768737818,0.3156920570822473,6.671535863978867,24.99377580230984,35.547791392601184,5.9,3.507662497524842,20.255037173034165,2.6368833198967767,26.60114173997911,3.294819178747466,212.44709431963366,5.871535863978867,0.8048143227229364,4.147334028747721,0.689745653942394,0.6766869016200617,0.01419916575410878,0.2499419160437767,0.7078147280282285,0.4,0.5651196339390773,1.0,synthetic,SPEC_V1,2026-10-07
OOD00017,3,37,ood,0.5100068152303746,0.17430112768737818,0.3156920570822473,6.671535863978867,24.99377580230984,35.547791392601184,5.9,3.507662497524842,20.255037173034165,2.6368833198967767,26.60114173997911,3.294819178747466,212.44709431963366,5.871535863978867,0.8048143227229364,4.147334028747721,0.689745653942394,0.6766869016200617,0.01419916575410878,0.2499419160437767,0.7134084031298139,0.4,0.5606886577802405,1.0,synthetic,SPEC_V1,2026-10-07
OOD00017,4,37,ood,0.5100068152303746,0.17430112768737818,0.3156920570822473,6.671535863978867,24.99377580230984,35.547791392601184,5.9,3.507662497524842,20.255037173034165,2.6368833198967767,26.60114173997911,3.294819178747466,212.44709431963366,5.871535863978867,0.8048143227229364,4.147334028747721,0.689745653942394,0.6766869016200617,0.01419916575410878,0.2499419160437767,0.6952683332426135,0.4,0.5753174434602363,1.0,synthetic,SPEC_V1,2026-10-07
OOD00017,5,37,ood,0.5100068152303746,0.17430112768737818,0.3156920570822473,6.671535863978867,24.99377580230984,35.547791392601184,5.9,3.507662497524842,20.255037173034165,2.6368833198967767,26.60114173997911,3.294819178747466,212.44709431963366,5.871535863978867,0.8048143227229364,4.147334028747721,0.689745653942394,0.6766869016200617,0.01419916575410878,0.2499419160437767,0.6899652402531146,0.4,0.5797393501348844,1.0,synthetic,SPEC_V1,2026-10-07
OOD00017,6,37,ood,0.5100068152303746,0.17430112768737818,0.3156920570822473,6.671535863978867,24.99377580230984,35.547791392601184,5.9,3.507662497524842,20.255037173034165,2.6368833198967767,26.60114173997911,3.294819178747466,212.44709431963366,5.871535863978867,0.8048143227229364,4.147334028747721,0.689745653942394,0.6766869016200617,0.01419916575410878,0.2499419160437767,0.7122850175643612,0.4,0.5615729520294964,1.0,synthetic,SPEC_V1,2026-10-07
OOD00017,7,37,ood,0.5100068152303746,0.17430112768737818,0.3156920570822473,6.671535863978867,24.99377580230984,35.547791392601184,5.9,3.507662497524842,20.255037173034165,2.6368833198967767,26.60114173997911,3.294819178747466,212.44709431963366,5.871535863978867,0.8048143227229364,4.147334028747721,0.689745653942394,0.6766869016200617,0.01419916575410878,0.2499419160437767,0.7188312155798244,0.4,0.5564588617334204,1.0,synthetic,SPEC_V1,2026-10-07
OOD00018,0,37,ood,0.5797069035412935,0.056323127905499995,0.36396996855320646,6.9863042994998485,22.257147757464853,43.05800371945253,6.6000000000000005,2.388259810367815,28.926105660548366,1.813032477497515,29.947872381641282,43.82242035658083,189.18575593845125,6.586661202613344,0.8262952036755923,1.1934197553174506,0.67836092959594,0.9619431068018485,0.06636362734730024,0.853340440030492,0.7478926385514306,143.8,192.2735865919494,0.49955387110813065,synthetic,SPEC_V1,2026-10-07
OOD00018,1,37,ood,0.5797069035412935,0.056323127905499995,0.36396996855320646,6.9863042994998485,22.257147757464853,43.05800371945253,6.6000000000000005,2.388259810367815,28.926105660548366,1.813032477497515,29.947872381641282,43.82242035658083,189.18575593845125,6.586661202613344,0.8262952036755923,1.1934197553174506,0.67836092959594,0.9619431068018485,0.06636362734730024,0.853340440030492,0.7416542582847232,144.1,194.2953854714869,0.49955387110813065,synthetic,SPEC_V1,2026-10-07
OOD00018,2,37,ood,0.5797069035412935,0.056323127905499995,0.36396996855320646,6.9863042994998485,22.257147757464853,43.05800371945253,6.6000000000000005,2.388259810367815,28.926105660548366,1.813032477497515,29.947872381641282,43.82242035658083,189.18575593845125,6.586661202613344,0.8262952036755923,1.1934197553174506,0.67836092959594,0.9619431068018485,0.06636362734730024,0.853340440030492,0.7277899951722318,140.0,192.36318296305922,0.49955387110813065,synthetic,SPEC_V1,2026-10-07
OOD00018,3,37,ood,0.5797069035412935,0.056323127905499995,0.36396996855320646,6.9863042994998485,22.257147757464853,43.05800371945253,6.6000000000000005,2.388259810367815,28.926105660548366,1.813032477497515,29.947872381641282,43.82242035658083,189.18575593845125,6.586661202613344,0.8262952036755923,1.1934197553174506,0.67836092959594,0.9619431068018485,0.06636362734730024,0.853340440030492,0.7333332293911825,134.70000000000002,183.6818442167536,0.49955387110813065,synthetic,SPEC_V1,2026-10-07
OOD00018,4,37,ood,0.5797069035412935,0.056323127905499995,0.36396996855320646,6.9863042994998485,22.257147757464853,43.05800371945253,6.6000000000000005,2.388259810367815,28.926105660548366,1.813032477497515,29.947872381641282,43.82242035658083,189.18575593845125,6.586661202613344,0.8262952036755923,1.1934197553174506,0.67836092959594,0.9619431068018485,0.06636362734730024,0.853340440030492,0.735935381696306,154.0,209.2575025337622,0.49955387110813065,synthetic,SPEC_V1,2026-10-07
OOD00018,5,37,ood,0.5797069035412935,0.056323127905499995,0.36396996855320646,6.9863042994998485,22.257147757464853,43.05800371945253,6.6000000000000005,2.388259810367815,28.926105660548366,1.813032477497515,29.947872381641282,43.82242035658083,189.18575593845125,6.586661202613344,0.8262952036755923,1.1934197553174506,0.67836092959594,0.9619431068018485,0.06636362734730024,0.853340440030492,0.7263540801883197,144.1,198.38809188301056,0.49955387110813065,synthetic,SPEC_V1,2026-10-07
OOD00018,6,37,ood,0.5797069035412935,0.056323127905499995,0.36396996855320646,6.9863042994998485,22.257147757464853,43.05800371945253,6.6000000000000005,2.388259810367815,28.926105660548366,1.813032477497515,29.947872381641282,43.82242035658083,189.18575593845125,6.586661202613344,0.8262952036755923,1.1934197553174506,0.67836092959594,0.9619431068018485,0.06636362734730024,0.853340440030492,0.7404496944848653,143.6,193.93619994657877,0.49955387110813065,synthetic,SPEC_V1,2026-10-07
OOD00018,7,37,ood,0.5797069035412935,0.056323127905499995,0.36396996855320646,6.9863042994998485,22.257147757464853,43.05800371945253,6.6000000000000005,2.388259810367815,28.926105660548366,1.813032477497515,29.947872381641282,43.82242035658083,189.18575593845125,6.586661202613344,0.8262952036755923,1.1934197553174506,0.67836092959594,0.9619431068018485,0.06636362734730024,0.853340440030492,0.7221352503362348,145.70000000000002,201.76275833669712,0.49955387110813065,synthetic,SPEC_V1,2026-10-07
OOD00019,0,37,ood,0.492695521837093,0.17647722982049152,0.33082724834241556,6.795089579392439,26.7025096433799,41.998298267983024,6.300000000000001,2.2606063186494127,32.74601777522764,1.630211340989578,29.01252669010945,16.696329982624846,226.97133196872915,6.310555686703945,0.9010596144939312,4.48619045442495,0.6394576180530303,0.6414150494773015,0.031016875098832573,0.6056459830621559,0.7136375109596474,13.3,18.63691271233085,0.6056673658606169,synthetic,SPEC_V1,2026-10-07
OOD00019,1,37,ood,0.492695521837093,0.17647722982049152,0.33082724834241556,6.795089579392439,26.7025096433799,41.998298267983024,6.300000000000001,2.2606063186494127,32.74601777522764,1.630211340989578,29.01252669010945,16.696329982624846,226.97133196872915,6.310555686703945,0.9010596144939312,4.48619045442495,0.6394576180530303,0.6414150494773015,0.031016875098832573,0.6056459830621559,0.7245956356500622,14.4,19.873153096045375,0.6056673658606169,synthetic,SPEC_V1,2026-10-07
OOD00019,2,37,ood,0.492695521837093,0.17647722982049152,0.33082724834241556,6.795089579392439,26.7025096433799,41.998298267983024,6.300000000000001,2.2606063186494127,32.74601777522764,1.630211340989578,29.01252669010945,16.696329982624846,226.97133196872915,6.310555686703945,0.9010596144939312,4.48619045442495,0.6394576180530303,0.6414150494773015,0.031016875098832573,0.6056459830621559,0.7273782045147397,14.700000000000001,20.209568981802118,0.6056673658606169,synthetic,SPEC_V1,2026-10-07
OOD00019,3,37,ood,0.492695521837093,0.17647722982049152,0.33082724834241556,6.795089579392439,26.7025096433799,41.998298267983024,6.300000000000001,2.2606063186494127,32.74601777522764,1.630211340989578,29.01252669010945,16.696329982624846,226.97133196872915,6.310555686703945,0.9010596144939312,4.48619045442495,0.6394576180530303,0.6414150494773015,0.031016875098832573,0.6056459830621559,0.7283878971807475,14.3,19.632396495533058,0.6056673658606169,synthetic,SPEC_V1,2026-10-07
OOD00019,4,37,ood,0.492695521837093,0.17647722982049152,0.33082724834241556,6.795089579392439,26.7025096433799,41.998298267983024,6.300000000000001,2.2606063186494127,32.74601777522764,1.630211340989578,29.01252669010945,16.696329982624846,226.97133196872915,6.310555686703945,0.9010596144939312,4.48619045442495,0.6394576180530303,0.6414150494773015,0.031016875098832573,0.6056459830621559,0.7096877748606969,13.700000000000001,19.30426376964031,0.6056673658606169,synthetic,SPEC_V1,2026-10-07
OOD00019,5,37,ood,0.492695521837093,0.17647722982049152,0.33082724834241556,6.795089579392439,26.7025096433799,41.998298267983024,6.300000000000001,2.2606063186494127,32.74601777522764,1.630211340989578,29.01252669010945,16.696329982624846,226.97133196872915,6.310555686703945,0.9010596144939312,4.48619045442495,0.6394576180530303,0.6414150494773015,0.031016875098832573,0.6056459830621559,0.6985010765755753,15.3,21.904046411794752,0.6056673658606169,synthetic,SPEC_V1,2026-10-07
OOD00019,6,37,ood,0.492695521837093,0.17647722982049152,0.33082724834241556,6.795089579392439,26.7025096433799,41.998298267983024,6.300000000000001,2.2606063186494127,32.74601777522764,1.630211340989578,29.01252669010945,16.696329982624846,226.97133196872915,6.310555686703945,0.9010596144939312,4.48619045442495,0.6394576180530303,0.6414150494773015,0.031016875098832573,0.6056459830621559,0.7252125199240752,13.9,19.16679541254367,0.6056673658606169,synthetic,SPEC_V1,2026-10-07
OOD00019,7,37,ood,0.492695521837093,0.17647722982049152,0.33082724834241556,6.795089579392439,26.7025096433799,41.998298267983024,6.300000000000001,2.2606063186494127,32.74601777522764,1.630211340989578,29.01252669010945,16.696329982624846,226.97133196872915,6.310555686703945,0.9010596144939312,4.48619045442495,0.6394576180530303,0.6414150494773015,0.031016875098832573,0.6056459830621559,0.7164147550524879,14.5,20.239672477066254,0.6056673658606169,synthetic,SPEC_V1,2026-10-07
OOD00020,0,37,ood,0.595648563178174,0.0819843387544527,0.3223670980673733,7.29637085561021,26.54423411338367,39.031007519794095,6.5,3.6154622993261203,29.915869992504465,2.259313165622804,27.621929904462192,15.201989669392887,225.62598996376119,6.49637085561021,0.8728127475983518,2.071753330415747,0.6540097336586125,0.8934740241345235,0.07040410737679069,0.8783004678423468,0.7093778662827604,17.2,24.24659806504876,1.0,synthetic,SPEC_V1,2026-10-07
OOD00020,1,37,ood,0.595648563178174,0.0819843387544527,0.3223670980673733,7.29637085561021,26.54423411338367,39.031007519794095,6.5,3.6154622993261203,29.915869992504465,2.259313165622804,27.621929904462192,15.201989669392887,225.62598996376119,6.49637085561021,0.8728127475983518,2.071753330415747,0.6540097336586125,0.8934740241345235,0.07040410737679069,0.8783004678423468,0.6998558906110137,17.0,24.290715028715468,1.0,synthetic,SPEC_V1,2026-10-07
OOD00020,2,37,ood,0.595648563178174,0.0819843387544527,0.3223670980673733,7.29637085561021,26.54423411338367,39.031007519794095,6.5,3.6154622993261203,29.915869992504465,2.259313165622804,27.621929904462192,15.201989669392887,225.62598996376119,6.49637085561021,0.8728127475983518,2.071753330415747,0.6540097336586125,0.8934740241345235,0.07040410737679069,0.8783004678423468,0.7279507539347946,16.6,22.803740377040572,1.0,synthetic,SPEC_V1,2026-10-07
OOD00020,3,37,ood,0.595648563178174,0.0819843387544527,0.3223670980673733,7.29637085561021,26.54423411338367,39.031007519794095,6.5,3.6154622993261203,29.915869992504465,2.259313165622804,27.621929904462192,15.201989669392887,225.62598996376119,6.49637085561021,0.8728127475983518,2.071753330415747,0.6540097336586125,0.8934740241345235,0.07040410737679069,0.8783004678423468,0.7130650826557539,16.7,23.42002210766258,1.0,synthetic,SPEC_V1,2026-10-07
OOD00020,4,37,ood,0.595648563178174,0.0819843387544527,0.3223670980673733,7.29637085561021,26.54423411338367,39.031007519794095,6.5,3.6154622993261203,29.915869992504465,2.259313165622804,27.621929904462192,15.201989669392887,225.62598996376119,6.49637085561021,0.8728127475983518,2.071753330415747,0.6540097336586125,0.8934740241345235,0.07040410737679069,0.8783004678423468,0.7102790712805678,16.5,23.230305758906873,1.0,synthetic,SPEC_V1,2026-10-07
OOD00020,5,37,ood,0.595648563178174,0.0819843387544527,0.3223670980673733,7.29637085561021,26.54423411338367,39.031007519794095,6.5,3.6154622993261203,29.915869992504465,2.259313165622804,27.621929904462192,15.201989669392887,225.62598996376119,6.49637085561021,0.8728127475983518,2.071753330415747,0.6540097336586125,0.8934740241345235,0.07040410737679069,0.8783004678423468,0.713372455146813,17.2,24.110827206610068,1.0,synthetic,SPEC_V1,2026-10-07
OOD00020,6,37,ood,0.595648563178174,0.0819843387544527,0.3223670980673733,7.29637085561021,26.54423411338367,39.031007519794095,6.5,3.6154622993261203,29.915869992504465,2.259313165622804,27.621929904462192,15.201989669392887,225.62598996376119,6.49637085561021,0.8728127475983518,2.071753330415747,0.6540097336586125,0.8934740241345235,0.07040410737679069,0.8783004678423468,0.6846565145263134,16.7,24.391793031508747,1.0,synthetic,SPEC_V1,2026-10-07
OOD00020,7,37,ood,0.595648563178174,0.0819843387544527,0.3223670980673733,7.29637085561021,26.54423411338367,39.031007519794095,6.5,3.6154622993261203,29.915869992504465,2.259313165622804,27.621929904462192,15.201989669392887,225.62598996376119,6.49637085561021,0.8728127475983518,2.071753330415747,0.6540097336586125,0.8934740241345235,0.07040410737679069,0.8783004678423468,0.711386874605117,15.8,22.21013707733982,1.0,synthetic,SPEC_V1,2026-10-07
OOD00021,0,37,ood,0.5879667240844096,0.06371862692108972,0.3483146489945006,6.762386521218296,25.742578202715215,49.77878410313308,6.0,3.822056978289732,23.04675279440258,2.2980379050056636,31.23793481911083,67.76572600928903,218.81191472307935,5.9623865212182965,0.9145847432710077,1.5615482131344696,0.6325596221335262,0.9365626368473737,0.014722198578387595,0.2877304595962916,0.733090308055177,0.5,0.6820442099779701,1.0,synthetic,SPEC_V1,2026-10-07
OOD00021,1,37,ood,0.5879667240844096,0.06371862692108972,0.3483146489945006,6.762386521218296,25.742578202715215,49.77878410313308,6.0,3.822056978289732,23.04675279440258,2.2980379050056636,31.23793481911083,67.76572600928903,218.81191472307935,5.9623865212182965,0.9145847432710077,1.5615482131344696,0.6325596221335262,0.9365626368473737,0.014722198578387595,0.2877304595962916,0.7343527958310041,0.4,0.5446973202401365,1.0,synthetic,SPEC_V1,2026-10-07
OOD00021,2,37,ood,0.5879667240844096,0.06371862692108972,0.3483146489945006,6.762386521218296,25.742578202715215,49.77878410313308,6.0,3.822056978289732,23.04675279440258,2.2980379050056636,31.23793481911083,67.76572600928903,218.81191472307935,5.9623865212182965,0.9145847432710077,1.5615482131344696,0.6325596221335262,0.9365626368473737,0.014722198578387595,0.2877304595962916,0.7176560186172882,0.5,0.6967126130473381,1.0,synthetic,SPEC_V1,2026-10-07
OOD00021,3,37,ood,0.5879667240844096,0.06371862692108972,0.3483146489945006,6.762386521218296,25.742578202715215,49.77878410313308,6.0,3.822056978289732,23.04675279440258,2.2980379050056636,31.23793481911083,67.76572600928903,218.81191472307935,5.9623865212182965,0.9145847432710077,1.5615482131344696,0.6325596221335262,0.9365626368473737,0.014722198578387595,0.2877304595962916,0.7212241464727314,0.4,0.5546126013060817,1.0,synthetic,SPEC_V1,2026-10-07
OOD00021,4,37,ood,0.5879667240844096,0.06371862692108972,0.3483146489945006,6.762386521218296,25.742578202715215,49.77878410313308,6.0,3.822056978289732,23.04675279440258,2.2980379050056636,31.23793481911083,67.76572600928903,218.81191472307935,5.9623865212182965,0.9145847432710077,1.5615482131344696,0.6325596221335262,0.9365626368473737,0.014722198578387595,0.2877304595962916,0.720897415394173,0.5,0.6935799592603749,1.0,synthetic,SPEC_V1,2026-10-07
OOD00021,5,37,ood,0.5879667240844096,0.06371862692108972,0.3483146489945006,6.762386521218296,25.742578202715215,49.77878410313308,6.0,3.822056978289732,23.04675279440258,2.2980379050056636,31.23793481911083,67.76572600928903,218.81191472307935,5.9623865212182965,0.9145847432710077,1.5615482131344696,0.6325596221335262,0.9365626368473737,0.014722198578387595,0.2877304595962916,0.7124212637410733,0.4,0.5614655546628637,1.0,synthetic,SPEC_V1,2026-10-07
OOD00021,6,37,ood,0.5879667240844096,0.06371862692108972,0.3483146489945006,6.762386521218296,25.742578202715215,49.77878410313308,6.0,3.822056978289732,23.04675279440258,2.2980379050056636,31.23793481911083,67.76572600928903,218.81191472307935,5.9623865212182965,0.9145847432710077,1.5615482131344696,0.6325596221335262,0.9365626368473737,0.014722198578387595,0.2877304595962916,0.72345344118239,0.5,0.6911294791587631,1.0,synthetic,SPEC_V1,2026-10-07
OOD00021,7,37,ood,0.5879667240844096,0.06371862692108972,0.3483146489945006,6.762386521218296,25.742578202715215,49.77878410313308,6.0,3.822056978289732,23.04675279440258,2.2980379050056636,31.23793481911083,67.76572600928903,218.81191472307935,5.9623865212182965,0.9145847432710077,1.5615482131344696,0.6325596221335262,0.9365626368473737,0.014722198578387595,0.2877304595962916,0.7214050077389156,0.5,0.6930919450741538,1.0,synthetic,SPEC_V1,2026-10-07
OOD00022,0,37,ood,0.5739338058620691,0.07040718072103956,0.35565901341689127,7.254338876068383,23.062113862182827,48.74511826893554,7.0,1.9897946476486597,29.116528321183,1.0136744603548036,34.33551328935833,66.09515080214102,196.02796782855404,7.044000453425935,0.8366293636802596,1.545798974415711,0.6729133297763359,0.9377565528711183,0.06927834390273092,0.8669652440927811,0.7393124155231156,154.3,208.7074378303547,0.2629230283030608,synthetic,SPEC_V1,2026-10-07
OOD00022,1,37,ood,0.5739338058620691,0.07040718072103956,0.35565901341689127,7.254338876068383,23.062113862182827,48.74511826893554,7.0,1.9897946476486597,29.116528321183,1.0136744603548036,34.33551328935833,66.09515080214102,196.02796782855404,7.044000453425935,0.8366293636802596,1.545798974415711,0.6729133297763359,0.9377565528711183,0.06927834390273092,0.8669652440927811,0.7233527946528163,134.8,186.35443312927163,0.2629230283030608,synthetic,SPEC_V1,2026-10-07
OOD00022,2,37,ood,0.5739338058620691,0.07040718072103956,0.35565901341689127,7.254338876068383,23.062113862182827,48.74511826893554,7.0,1.9897946476486597,29.116528321183,1.0136744603548036,34.33551328935833,66.09515080214102,196.02796782855404,7.044000453425935,0.8366293636802596,1.545798974415711,0.6729133297763359,0.9377565528711183,0.06927834390273092,0.8669652440927811,0.7214867316040001,140.9,195.291186695496,0.2629230283030608,synthetic,SPEC_V1,2026-10-07
OOD00022,3,37,ood,0.5739338058620691,0.07040718072103956,0.35565901341689127,7.254338876068383,23.062113862182827,48.74511826893554,7.0,1.9897946476486597,29.116528321183,1.0136744603548036,34.33551328935833,66.09515080214102,196.02796782855404,7.044000453425935,0.8366293636802596,1.545798974415711,0.6729133297763359,0.9377565528711183,0.06927834390273092,0.8669652440927811,0.7368475590042727,142.0,192.71285934893976,0.2629230283030608,synthetic,SPEC_V1,2026-10-07
OOD00022,4,37,ood,0.5739338058620691,0.07040718072103956,0.35565901341689127,7.254338876068383,23.062113862182827,48.74511826893554,7.0,1.9897946476486597,29.116528321183,1.0136744603548036,34.33551328935833,66.09515080214102,196.02796782855404,7.044000453425935,0.8366293636802596,1.545798974415711,0.6729133297763359,0.9377565528711183,0.06927834390273092,0.8669652440927811,0.7300026209489734,133.4,182.73906993181131,0.2629230283030608,synthetic,SPEC_V1,2026-10-07
OOD00022,5,37,ood,0.5739338058620691,0.07040718072103956,0.35565901341689127,7.254338876068383,23.062113862182827,48.74511826893554,7.0,1.9897946476486597,29.116528321183,1.0136744603548036,34.33551328935833,66.09515080214102,196.02796782855404,7.044000453425935,0.8366293636802596,1.545798974415711,0.6729133297763359,0.9377565528711183,0.06927834390273092,0.8669652440927811,0.7407821145699836,145.5,196.41402935930932,0.2629230283030608,synthetic,SPEC_V1,2026-10-07
OOD00022,6,37,ood,0.5739338058620691,0.07040718072103956,0.35565901341689127,7.254338876068383,23.062113862182827,48.74511826893554,7.0,1.9897946476486597,29.116528321183,1.0136744603548036,34.33551328935833,66.09515080214102,196.02796782855404,7.044000453425935,0.8366293636802596,1.545798974415711,0.6729133297763359,0.9377565528711183,0.06927834390273092,0.8669652440927811,0.7165782183325016,144.1,201.09458578761283,0.2629230283030608,synthetic,SPEC_V1,2026-10-07
OOD00022,7,37,ood,0.5739338058620691,0.07040718072103956,0.35565901341689127,7.254338876068383,23.062113862182827,48.74511826893554,7.0,1.9897946476486597,29.116528321183,1.0136744603548036,34.33551328935833,66.09515080214102,196.02796782855404,7.044000453425935,0.8366293636802596,1.545798974415711,0.6729133297763359,0.9377565528711183,0.06927834390273092,0.8669652440927811,0.718939806028863,133.3,185.41190636848458,0.2629230283030608,synthetic,SPEC_V1,2026-10-07
OOD00023,0,37,ood,0.4998796586976904,0.16072283485997513,0.3393975064423344,7.341327434174006,24.037503365277068,36.002337168388436,6.5,3.3207833757644387,25.92496005932718,1.5191141210311083,30.984442394556957,79.7353512485214,204.31877860485508,6.541327434174006,0.8321434077339744,3.6779336509999934,0.6752756018029269,0.7268733736262918,0.0822877761347815,0.8815550886552226,0.7131111336305056,28.1,39.40479775843726,1.0,synthetic,SPEC_V1,2026-10-07
OOD00023,1,37,ood,0.4998796586976904,0.16072283485997513,0.3393975064423344,7.341327434174006,24.037503365277068,36.002337168388436,6.5,3.3207833757644387,25.92496005932718,1.5191141210311083,30.984442394556957,79.7353512485214,204.31877860485508,6.541327434174006,0.8321434077339744,3.6779336509999934,0.6752756018029269,0.7268733736262918,0.0822877761347815,0.8815550886552226,0.7193691155918717,27.3,37.949919461775224,1.0,synthetic,SPEC_V1,2026-10-07
OOD00023,2,37,ood,0.4998796586976904,0.16072283485997513,0.3393975064423344,7.341327434174006,24.037503365277068,36.002337168388436,6.5,3.3207833757644387,25.92496005932718,1.5191141210311083,30.984442394556957,79.7353512485214,204.31877860485508,6.541327434174006,0.8321434077339744,3.6779336509999934,0.6752756018029269,0.7268733736262918,0.0822877761347815,0.8815550886552226,0.7397294291411586,30.400000000000002,41.09610730952673,1.0,synthetic,SPEC_V1,2026-10-07
OOD00023,3,37,ood,0.4998796586976904,0.16072283485997513,0.3393975064423344,7.341327434174006,24.037503365277068,36.002337168388436,6.5,3.3207833757644387,25.92496005932718,1.5191141210311083,30.984442394556957,79.7353512485214,204.31877860485508,6.541327434174006,0.8321434077339744,3.6779336509999934,0.6752756018029269,0.7268733736262918,0.0822877761347815,0.8815550886552226,0.7313542606258958,27.8,38.01167436449834,1.0,synthetic,SPEC_V1,2026-10-07
OOD00023,4,37,ood,0.4998796586976904,0.16072283485997513,0.3393975064423344,7.341327434174006,24.037503365277068,36.002337168388436,6.5,3.3207833757644387,25.92496005932718,1.5191141210311083,30.984442394556957,79.7353512485214,204.31877860485508,6.541327434174006,0.8321434077339744,3.6779336509999934,0.6752756018029269,0.7268733736262918,0.0822877761347815,0.8815550886552226,0.7169202318305412,26.700000000000003,37.242637066924196,1.0,synthetic,SPEC_V1,2026-10-07
OOD00023,5,37,ood,0.4998796586976904,0.16072283485997513,0.3393975064423344,7.341327434174006,24.037503365277068,36.002337168388436,6.5,3.3207833757644387,25.92496005932718,1.5191141210311083,30.984442394556957,79.7353512485214,204.31877860485508,6.541327434174006,0.8321434077339744,3.6779336509999934,0.6752756018029269,0.7268733736262918,0.0822877761347815,0.8815550886552226,0.729108173342194,25.8,35.38569576272083,1.0,synthetic,SPEC_V1,2026-10-07
OOD00023,6,37,ood,0.4998796586976904,0.16072283485997513,0.3393975064423344,7.341327434174006,24.037503365277068,36.002337168388436,6.5,3.3207833757644387,25.92496005932718,1.5191141210311083,30.984442394556957,79.7353512485214,204.31877860485508,6.541327434174006,0.8321434077339744,3.6779336509999934,0.6752756018029269,0.7268733736262918,0.0822877761347815,0.8815550886552226,0.7350589972354982,28.8,39.180528513105266,1.0,synthetic,SPEC_V1,2026-10-07
OOD00023,7,37,ood,0.4998796586976904,0.16072283485997513,0.3393975064423344,7.341327434174006,24.037503365277068,36.002337168388436,6.5,3.3207833757644387,25.92496005932718,1.5191141210311083,30.984442394556957,79.7353512485214,204.31877860485508,6.541327434174006,0.8321434077339744,3.6779336509999934,0.6752756018029269,0.7268733736262918,0.0822877761347815,0.8815550886552226,0.7015420369843097,26.8,38.20155968871669,1.0,synthetic,SPEC_V1,2026-10-07
OOD00024,0,37,ood,0.46214797506813476,0.18165336430301848,0.35619866062884675,7.380920610943348,26.083938114916034,39.65811546325081,6.6000000000000005,3.130526776845656,20.032558266482546,2.1122171778971426,27.972855454785567,85.33173789312154,221.71347397678628,6.580920610943348,0.9476885096867993,4.510799827429612,0.6158811336505452,0.6388946828590311,0.04700529416840707,0.6100108240670872,0.7360771329691276,7.6000000000000005,10.325004893636274,1.0,synthetic,SPEC_V1,2026-10-07
OOD00024,1,37,ood,0.46214797506813476,0.18165336430301848,0.35619866062884675,7.380920610943348,26.083938114916034,39.65811546325081,6.6000000000000005,3.130526776845656,20.032558266482546,2.1122171778971426,27.972855454785567,85.33173789312154,221.71347397678628,6.580920610943348,0.9476885096867993,4.510799827429612,0.6158811336505452,0.6388946828590311,0.04700529416840707,0.6100108240670872,0.7499675088150968,7.4,9.867094124772889,1.0,synthetic,SPEC_V1,2026-10-07
OOD00024,2,37,ood,0.46214797506813476,0.18165336430301848,0.35619866062884675,7.380920610943348,26.083938114916034,39.65811546325081,6.6000000000000005,3.130526776845656,20.032558266482546,2.1122171778971426,27.972855454785567,85.33173789312154,221.71347397678628,6.580920610943348,0.9476885096867993,4.510799827429612,0.6158811336505452,0.6388946828590311,0.04700529416840707,0.6100108240670872,0.7211711319320568,6.800000000000001,9.429107321285073,1.0,synthetic,SPEC_V1,2026-10-07
OOD00024,3,37,ood,0.46214797506813476,0.18165336430301848,0.35619866062884675,7.380920610943348,26.083938114916034,39.65811546325081,6.6000000000000005,3.130526776845656,20.032558266482546,2.1122171778971426,27.972855454785567,85.33173789312154,221.71347397678628,6.580920610943348,0.9476885096867993,4.510799827429612,0.6158811336505452,0.6388946828590311,0.04700529416840707,0.6100108240670872,0.7399187499692663,6.800000000000001,9.19019824850019,1.0,synthetic,SPEC_V1,2026-10-07
OOD00024,4,37,ood,0.46214797506813476,0.18165336430301848,0.35619866062884675,7.380920610943348,26.083938114916034,39.65811546325081,6.6000000000000005,3.130526776845656,20.032558266482546,2.1122171778971426,27.972855454785567,85.33173789312154,221.71347397678628,6.580920610943348,0.9476885096867993,4.510799827429612,0.6158811336505452,0.6388946828590311,0.04700529416840707,0.6100108240670872,0.7336172355268747,7.300000000000001,9.950693149619408,1.0,synthetic,SPEC_V1,2026-10-07
OOD00024,5,37,ood,0.46214797506813476,0.18165336430301848,0.35619866062884675,7.380920610943348,26.083938114916034,39.65811546325081,6.6000000000000005,3.130526776845656,20.032558266482546,2.1122171778971426,27.972855454785567,85.33173789312154,221.71347397678628,6.580920610943348,0.9476885096867993,4.510799827429612,0.6158811336505452,0.6388946828590311,0.04700529416840707,0.6100108240670872,0.7322814385597646,7.4,10.10540430268745,1.0,synthetic,SPEC_V1,2026-10-07
OOD00024,6,37,ood,0.46214797506813476,0.18165336430301848,0.35619866062884675,7.380920610943348,26.083938114916034,39.65811546325081,6.6000000000000005,3.130526776845656,20.032558266482546,2.1122171778971426,27.972855454785567,85.33173789312154,221.71347397678628,6.580920610943348,0.9476885096867993,4.510799827429612,0.6158811336505452,0.6388946828590311,0.04700529416840707,0.6100108240670872,0.7318922794383652,7.4,10.110777511792534,1.0,synthetic,SPEC_V1,2026-10-07
OOD00024,7,37,ood,0.46214797506813476,0.18165336430301848,0.35619866062884675,7.380920610943348,26.083938114916034,39.65811546325081,6.6000000000000005,3.130526776845656,20.032558266482546,2.1122171778971426,27.972855454785567,85.33173789312154,221.71347397678628,6.580920610943348,0.9476885096867993,4.510799827429612,0.6158811336505452,0.6388946828590311,0.04700529416840707,0.6100108240670872,0.734763067350066,7.1000000000000005,9.662978877811941,1.0,synthetic,SPEC_V1,2026-10-07
OOD00025,0,37,ood,0.5477617365664095,0.13445053214229208,0.31778773129129845,7.397749762811857,24.38451720485579,32.91442736754856,6.7,2.8748104494900097,30.184585039836456,1.6808264457340307,28.456377593737113,62.51111895658987,207.26839624127422,6.674160136653385,0.790408240918805,3.1211427711429023,0.6974226208873847,0.7870309163296052,0.07930159424041351,0.9073612563802513,0.7049716025472358,43.0,60.995364699273594,0.9044870326980905,synthetic,SPEC_V1,2026-10-07
OOD00025,1,37,ood,0.5477617365664095,0.13445053214229208,0.31778773129129845,7.397749762811857,24.38451720485579,32.91442736754856,6.7,2.8748104494900097,30.184585039836456,1.6808264457340307,28.456377593737113,62.51111895658987,207.26839624127422,6.674160136653385,0.790408240918805,3.1211427711429023,0.6974226208873847,0.7870309163296052,0.07930159424041351,0.9073612563802513,0.7078842972471165,45.400000000000006,64.13477481638675,0.9044870326980905,synthetic,SPEC_V1,2026-10-07
OOD00025,2,37,ood,0.5477617365664095,0.13445053214229208,0.31778773129129845,7.397749762811857,24.38451720485579,32.91442736754856,6.7,2.8748104494900097,30.184585039836456,1.6808264457340307,28.456377593737113,62.51111895658987,207.26839624127422,6.674160136653385,0.790408240918805,3.1211427711429023,0.6974226208873847,0.7870309163296052,0.07930159424041351,0.9073612563802513,0.7110849873007332,48.0,67.5024798121631,0.9044870326980905,synthetic,SPEC_V1,2026-10-07
OOD00025,3,37,ood,0.5477617365664095,0.13445053214229208,0.31778773129129845,7.397749762811857,24.38451720485579,32.91442736754856,6.7,2.8748104494900097,30.184585039836456,1.6808264457340307,28.456377593737113,62.51111895658987,207.26839624127422,6.674160136653385,0.790408240918805,3.1211427711429023,0.6974226208873847,0.7870309163296052,0.07930159424041351,0.9073612563802513,0.7060625814038508,43.800000000000004,62.03416121119646,0.9044870326980905,synthetic,SPEC_V1,2026-10-07
OOD00025,4,37,ood,0.5477617365664095,0.13445053214229208,0.31778773129129845,7.397749762811857,24.38451720485579,32.91442736754856,6.7,2.8748104494900097,30.184585039836456,1.6808264457340307,28.456377593737113,62.51111895658987,207.26839624127422,6.674160136653385,0.790408240918805,3.1211427711429023,0.6974226208873847,0.7870309163296052,0.07930159424041351,0.9073612563802513,0.7005366438345484,47.5,67.80516111191247,0.9044870326980905,synthetic,SPEC_V1,2026-10-07
OOD00025,5,37,ood,0.5477617365664095,0.13445053214229208,0.31778773129129845,7.397749762811857,24.38451720485579,32.91442736754856,6.7,2.8748104494900097,30.184585039836456,1.6808264457340307,28.456377593737113,62.51111895658987,207.26839624127422,6.674160136653385,0.790408240918805,3.1211427711429023,0.6974226208873847,0.7870309163296052,0.07930159424041351,0.9073612563802513,0.7031156224198652,47.0,66.84533596088121,0.9044870326980905,synthetic,SPEC_V1,2026-10-07
OOD00025,6,37,ood,0.5477617365664095,0.13445053214229208,0.31778773129129845,7.397749762811857,24.38451720485579,32.91442736754856,6.7,2.8748104494900097,30.184585039836456,1.6808264457340307,28.456377593737113,62.51111895658987,207.26839624127422,6.674160136653385,0.790408240918805,3.1211427711429023,0.6974226208873847,0.7870309163296052,0.07930159424041351,0.9073612563802513,0.7026114671256561,51.1,72.7286735143211,0.9044870326980905,synthetic,SPEC_V1,2026-10-07
OOD00025,7,37,ood,0.5477617365664095,0.13445053214229208,0.31778773129129845,7.397749762811857,24.38451720485579,32.91442736754856,6.7,2.8748104494900097,30.184585039836456,1.6808264457340307,28.456377593737113,62.51111895658987,207.26839624127422,6.674160136653385,0.790408240918805,3.1211427711429023,0.6974226208873847,0.7870309163296052,0.07930159424041351,0.9073612563802513,0.7071999296385025,45.400000000000006,64.19683896632597,0.9044870326980905,synthetic,SPEC_V1,2026-10-07
OOD00026,0,37,ood,0.470959315971548,0.1543824642974671,0.3746582197309849,6.857602365348235,22.467805965620666,53.841703277050776,6.1000000000000005,3.9562235346693297,21.37236523518203,2.5729088778814444,30.5131333693768,91.76611873363257,190.97635070777565,6.057602365348235,0.8586103148027453,3.302140760218018,0.6613964172917133,0.7675229715739795,0.03486178417651028,0.5253031001348144,0.7452613845502055,2.8000000000000003,3.7570710867971644,1.0,synthetic,SPEC_V1,2026-10-07
OOD00026,1,37,ood,0.470959315971548,0.1543824642974671,0.3746582197309849,6.857602365348235,22.467805965620666,53.841703277050776,6.1000000000000005,3.9562235346693297,21.37236523518203,2.5729088778814444,30.5131333693768,91.76611873363257,190.97635070777565,6.057602365348235,0.8586103148027453,3.302140760218018,0.6613964172917133,0.7675229715739795,0.03486178417651028,0.5253031001348144,0.75,2.9000000000000004,3.866666666666667,1.0,synthetic,SPEC_V1,2026-10-07
OOD00026,2,37,ood,0.470959315971548,0.1543824642974671,0.3746582197309849,6.857602365348235,22.467805965620666,53.841703277050776,6.1000000000000005,3.9562235346693297,21.37236523518203,2.5729088778814444,30.5131333693768,91.76611873363257,190.97635070777565,6.057602365348235,0.8586103148027453,3.302140760218018,0.6613964172917133,0.7675229715739795,0.03486178417651028,0.5253031001348144,0.748560088924615,3.0,4.007694297875023,1.0,synthetic,SPEC_V1,2026-10-07
OOD00026,3,37,ood,0.470959315971548,0.1543824642974671,0.3746582197309849,6.857602365348235,22.467805965620666,53.841703277050776,6.1000000000000005,3.9562235346693297,21.37236523518203,2.5729088778814444,30.5131333693768,91.76611873363257,190.97635070777565,6.057602365348235,0.8586103148027453,3.302140760218018,0.6613964172917133,0.7675229715739795,0.03486178417651028,0.5253031001348144,0.7403957776780015,2.7,3.6466982678745525,1.0,synthetic,SPEC_V1,2026-10-07
OOD00026,4,37,ood,0.470959315971548,0.1543824642974671,0.3746582197309849,6.857602365348235,22.467805965620666,53.841703277050776,6.1000000000000005,3.9562235346693297,21.37236523518203,2.5729088778814444,30.5131333693768,91.76611873363257,190.97635070777565,6.057602365348235,0.8586103148027453,3.302140760218018,0.6613964172917133,0.7675229715739795,0.03486178417651028,0.5253031001348144,0.7446843696360682,2.7,3.6256971545132695,1.0,synthetic,SPEC_V1,2026-10-07
OOD00026,5,37,ood,0.470959315971548,0.1543824642974671,0.3746582197309849,6.857602365348235,22.467805965620666,53.841703277050776,6.1000000000000005,3.9562235346693297,21.37236523518203,2.5729088778814444,30.5131333693768,91.76611873363257,190.97635070777565,6.057602365348235,0.8586103148027453,3.302140760218018,0.6613964172917133,0.7675229715739795,0.03486178417651028,0.5253031001348144,0.745865903347869,2.7,3.619953651026102,1.0,synthetic,SPEC_V1,2026-10-07
OOD00026,6,37,ood,0.470959315971548,0.1543824642974671,0.3746582197309849,6.857602365348235,22.467805965620666,53.841703277050776,6.1000000000000005,3.9562235346693297,21.37236523518203,2.5729088778814444,30.5131333693768,91.76611873363257,190.97635070777565,6.057602365348235,0.8586103148027453,3.302140760218018,0.6613964172917133,0.7675229715739795,0.03486178417651028,0.5253031001348144,0.75,2.7,3.6,1.0,synthetic,SPEC_V1,2026-10-07
OOD00026,7,37,ood,0.470959315971548,0.1543824642974671,0.3746582197309849,6.857602365348235,22.467805965620666,53.841703277050776,6.1000000000000005,3.9562235346693297,21.37236523518203,2.5729088778814444,30.5131333693768,91.76611873363257,190.97635070777565,6.057602365348235,0.8586103148027453,3.302140760218018,0.6613964172917133,0.7675229715739795,0.03486178417651028,0.5253031001348144,0.737777898375099,2.9000000000000004,3.930722249049524,1.0,synthetic,SPEC_V1,2026-10-07
OOD00027,0,37,ood,0.5970921908905857,0.06812218083512739,0.3347856282742869,7.13313247972048,25.866224656775785,34.955457565574484,6.7,2.547731724375975,27.639144214111422,1.4179019688830707,28.73346629629056,46.678806511668306,219.86290958259414,6.675200476436182,0.8832833078258582,1.6774845791785469,0.6485933131552589,0.9275014734092177,0.10077654420403818,0.938294205516983,0.7170321039517081,89.5,124.82007361559894,0.5724150041053719,synthetic,SPEC_V1,2026-10-07
OOD00027,1,37,ood,0.5970921908905857,0.06812218083512739,0.3347856282742869,7.13313247972048,25.866224656775785,34.955457565574484,6.7,2.547731724375975,27.639144214111422,1.4179019688830707,28.73346629629056,46.678806511668306,219.86290958259414,6.675200476436182,0.8832833078258582,1.6774845791785469,0.6485933131552589,0.9275014734092177,0.10077654420403818,0.938294205516983,0.7248319611489582,83.9,115.75096642676598,0.5724150041053719,synthetic,SPEC_V1,2026-10-07
OOD00027,2,37,ood,0.5970921908905857,0.06812218083512739,0.3347856282742869,7.13313247972048,25.866224656775785,34.955457565574484,6.7,2.547731724375975,27.639144214111422,1.4179019688830707,28.73346629629056,46.678806511668306,219.86290958259414,6.675200476436182,0.8832833078258582,1.6774845791785469,0.6485933131552589,0.9275014734092177,0.10077654420403818,0.938294205516983,0.7074825870239283,87.2,123.25391691520281,0.5724150041053719,synthetic,SPEC_V1,2026-10-07
OOD00027,3,37,ood,0.5970921908905857,0.06812218083512739,0.3347856282742869,7.13313247972048,25.866224656775785,34.955457565574484,6.7,2.547731724375975,27.639144214111422,1.4179019688830707,28.73346629629056,46.678806511668306,219.86290958259414,6.675200476436182,0.8832833078258582,1.6774845791785469,0.6485933131552589,0.9275014734092177,0.10077654420403818,0.938294205516983,0.7085943705397603,93.10000000000001,131.38687501720145,0.5724150041053719,synthetic,SPEC_V1,2026-10-07
OOD00027,4,37,ood,0.5970921908905857,0.06812218083512739,0.3347856282742869,7.13313247972048,25.866224656775785,34.955457565574484,6.7,2.547731724375975,27.639144214111422,1.4179019688830707,28.73346629629056,46.678806511668306,219.86290958259414,6.675200476436182,0.8832833078258582,1.6774845791785469,0.6485933131552589,0.9275014734092177,0.10077654420403818,0.938294205516983,0.7132693730117259,88.80000000000001,124.49714422063117,0.5724150041053719,synthetic,SPEC_V1,2026-10-07
OOD00027,5,37,ood,0.5970921908905857,0.06812218083512739,0.3347856282742869,7.13313247972048,25.866224656775785,34.955457565574484,6.7,2.547731724375975,27.639144214111422,1.4179019688830707,28.73346629629056,46.678806511668306,219.86290958259414,6.675200476436182,0.8832833078258582,1.6774845791785469,0.6485933131552589,0.9275014734092177,0.10077654420403818,0.938294205516983,0.7135211315635129,88.0,123.33201654051759,0.5724150041053719,synthetic,SPEC_V1,2026-10-07
OOD00027,6,37,ood,0.5970921908905857,0.06812218083512739,0.3347856282742869,7.13313247972048,25.866224656775785,34.955457565574484,6.7,2.547731724375975,27.639144214111422,1.4179019688830707,28.73346629629056,46.678806511668306,219.86290958259414,6.675200476436182,0.8832833078258582,1.6774845791785469,0.6485933131552589,0.9275014734092177,0.10077654420403818,0.938294205516983,0.7412866314042466,93.2,125.72734493194328,0.5724150041053719,synthetic,SPEC_V1,2026-10-07
OOD00027,7,37,ood,0.5970921908905857,0.06812218083512739,0.3347856282742869,7.13313247972048,25.866224656775785,34.955457565574484,6.7,2.547731724375975,27.639144214111422,1.4179019688830707,28.73346629629056,46.678806511668306,219.86290958259414,6.675200476436182,0.8832833078258582,1.6774845791785469,0.6485933131552589,0.9275014734092177,0.10077654420403818,0.938294205516983,0.7216959915406332,85.10000000000001,117.9166865238279,0.5724150041053719,synthetic,SPEC_V1,2026-10-07
OOD00028,0,37,ood,0.46163497261694525,0.1778507665981654,0.36051426078488935,6.728310892695654,22.305424702422968,45.88526473648456,5.9,3.39417756857362,26.230509694673813,2.421455135576351,34.56260491821659,41.26033856381603,189.59610997059522,5.928310892695654,0.8202252172048766,3.7766191122576482,0.6815698841864767,0.7162347265524259,0.009859389854685704,0.22788117404188002,0.7178203918057562,0.7000000000000001,0.97517430264007,1.0,synthetic,SPEC_V1,2026-10-07
OOD00028,1,37,ood,0.46163497261694525,0.1778507665981654,0.36051426078488935,6.728310892695654,22.305424702422968,45.88526473648456,5.9,3.39417756857362,26.230509694673813,2.421455135576351,34.56260491821659,41.26033856381603,189.59610997059522,5.928310892695654,0.8202252172048766,3.7766191122576482,0.6815698841864767,0.7162347265524259,0.009859389854685704,0.22788117404188002,0.7382856183890001,0.8,1.0835914720181952,1.0,synthetic,SPEC_V1,2026-10-07
OOD00028,2,37,ood,0.46163497261694525,0.1778507665981654,0.36051426078488935,6.728310892695654,22.305424702422968,45.88526473648456,5.9,3.39417756857362,26.230509694673813,2.421455135576351,34.56260491821659,41.26033856381603,189.59610997059522,5.928310892695654,0.8202252172048766,3.7766191122576482,0.6815698841864767,0.7162347265524259,0.009859389854685704,0.22788117404188002,0.741663346196252,0.7000000000000001,0.943824450257749,1.0,synthetic,SPEC_V1,2026-10-07
OOD00028,3,37,ood,0.46163497261694525,0.1778507665981654,0.36051426078488935,6.728310892695654,22.305424702422968,45.88526473648456,5.9,3.39417756857362,26.230509694673813,2.421455135576351,34.56260491821659,41.26033856381603,189.59610997059522,5.928310892695654,0.8202252172048766,3.7766191122576482,0.6815698841864767,0.7162347265524259,0.009859389854685704,0.22788117404188002,0.7229345910278051,0.7000000000000001,0.9682757038984694,1.0,synthetic,SPEC_V1,2026-10-07
OOD00028,4,37,ood,0.46163497261694525,0.1778507665981654,0.36051426078488935,6.728310892695654,22.305424702422968,45.88526473648456,5.9,3.39417756857362,26.230509694673813,2.421455135576351,34.56260491821659,41.26033856381603,189.59610997059522,5.928310892695654,0.8202252172048766,3.7766191122576482,0.6815698841864767,0.7162347265524259,0.009859389854685704,0.22788117404188002,0.7279262254765112,0.8,1.099012471320577,1.0,synthetic,SPEC_V1,2026-10-07
OOD00028,5,37,ood,0.46163497261694525,0.1778507665981654,0.36051426078488935,6.728310892695654,22.305424702422968,45.88526473648456,5.9,3.39417756857362,26.230509694673813,2.421455135576351,34.56260491821659,41.26033856381603,189.59610997059522,5.928310892695654,0.8202252172048766,3.7766191122576482,0.6815698841864767,0.7162347265524259,0.009859389854685704,0.22788117404188002,0.7285257246005297,0.8,1.098108101040168,1.0,synthetic,SPEC_V1,2026-10-07
OOD00028,6,37,ood,0.46163497261694525,0.1778507665981654,0.36051426078488935,6.728310892695654,22.305424702422968,45.88526473648456,5.9,3.39417756857362,26.230509694673813,2.421455135576351,34.56260491821659,41.26033856381603,189.59610997059522,5.928310892695654,0.8202252172048766,3.7766191122576482,0.6815698841864767,0.7162347265524259,0.009859389854685704,0.22788117404188002,0.723426759896843,0.8,1.1058479508196186,1.0,synthetic,SPEC_V1,2026-10-07
OOD00028,7,37,ood,0.46163497261694525,0.1778507665981654,0.36051426078488935,6.728310892695654,22.305424702422968,45.88526473648456,5.9,3.39417756857362,26.230509694673813,2.421455135576351,34.56260491821659,41.26033856381603,189.59610997059522,5.928310892695654,0.8202252172048766,3.7766191122576482,0.6815698841864767,0.7162347265524259,0.009859389854685704,0.22788117404188002,0.7201559034912147,0.8,1.110870571388379,1.0,synthetic,SPEC_V1,2026-10-07
OOD00029,0,37,ood,0.4609381165957995,0.19395862559663618,0.3451032578075643,6.652049725745077,25.41582475216781,38.23343581886443,5.9,3.0465341999374234,34.10007300795093,1.7358506407718244,34.74016290555343,89.90930174381964,216.03451039342636,5.852049725745077,0.8946505600276026,4.692996752343333,0.6427424751440418,0.6204305877749877,0.01010872662381563,0.261594242614402,0.7358180355179855,0.30000000000000004,0.40770949544449864,1.0,synthetic,SPEC_V1,2026-10-07
OOD00029,1,37,ood,0.4609381165957995,0.19395862559663618,0.3451032578075643,6.652049725745077,25.41582475216781,38.23343581886443,5.9,3.0465341999374234,34.10007300795093,1.7358506407718244,34.74016290555343,89.90930174381964,216.03451039342636,5.852049725745077,0.8946505600276026,4.692996752343333,0.6427424751440418,0.6204305877749877,0.01010872662381563,0.261594242614402,0.7309789670797165,0.30000000000000004,0.4104085254306417,1.0,synthetic,SPEC_V1,2026-10-07
OOD00029,2,37,ood,0.4609381165957995,0.19395862559663618,0.3451032578075643,6.652049725745077,25.41582475216781,38.23343581886443,5.9,3.0465341999374234,34.10007300795093,1.7358506407718244,34.74016290555343,89.90930174381964,216.03451039342636,5.852049725745077,0.8946505600276026,4.692996752343333,0.6427424751440418,0.6204305877749877,0.01010872662381563,0.261594242614402,0.7115715041653209,0.30000000000000004,0.42160204314519656,1.0,synthetic,SPEC_V1,2026-10-07
OOD00029,3,37,ood,0.4609381165957995,0.19395862559663618,0.3451032578075643,6.652049725745077,25.41582475216781,38.23343581886443,5.9,3.0465341999374234,34.10007300795093,1.7358506407718244,34.74016290555343,89.90930174381964,216.03451039342636,5.852049725745077,0.8946505600276026,4.692996752343333,0.6427424751440418,0.6204305877749877,0.01010872662381563,0.261594242614402,0.7198774927147094,0.30000000000000004,0.41673757415123325,1.0,synthetic,SPEC_V1,2026-10-07
OOD00029,4,37,ood,0.4609381165957995,0.19395862559663618,0.3451032578075643,6.652049725745077,25.41582475216781,38.23343581886443,5.9,3.0465341999374234,34.10007300795093,1.7358506407718244,34.74016290555343,89.90930174381964,216.03451039342636,5.852049725745077,0.8946505600276026,4.692996752343333,0.6427424751440418,0.6204305877749877,0.01010872662381563,0.261594242614402,0.7114846584446887,0.30000000000000004,0.42165350501836896,1.0,synthetic,SPEC_V1,2026-10-07
OOD00029,5,37,ood,0.4609381165957995,0.19395862559663618,0.3451032578075643,6.652049725745077,25.41582475216781,38.23343581886443,5.9,3.0465341999374234,34.10007300795093,1.7358506407718244,34.74016290555343,89.90930174381964,216.03451039342636,5.852049725745077,0.8946505600276026,4.692996752343333,0.6427424751440418,0.6204305877749877,0.01010872662381563,0.261594242614402,0.7246292197801986,0.30000000000000004,0.41400483421162465,1.0,synthetic,SPEC_V1,2026-10-07
OOD00029,6,37,ood,0.4609381165957995,0.19395862559663618,0.3451032578075643,6.652049725745077,25.41582475216781,38.23343581886443,5.9,3.0465341999374234,34.10007300795093,1.7358506407718244,34.74016290555343,89.90930174381964,216.03451039342636,5.852049725745077,0.8946505600276026,4.692996752343333,0.6427424751440418,0.6204305877749877,0.01010872662381563,0.261594242614402,0.7368721844206778,0.30000000000000004,0.40712623755211674,1.0,synthetic,SPEC_V1,2026-10-07
OOD00029,7,37,ood,0.4609381165957995,0.19395862559663618,0.3451032578075643,6.652049725745077,25.41582475216781,38.23343581886443,5.9,3.0465341999374234,34.10007300795093,1.7358506407718244,34.74016290555343,89.90930174381964,216.03451039342636,5.852049725745077,0.8946505600276026,4.692996752343333,0.6427424751440418,0.6204305877749877,0.01010872662381563,0.261594242614402,0.7207440355608594,0.30000000000000004,0.41623653502251995,1.0,synthetic,SPEC_V1,2026-10-07
OOD00030,0,37,ood,0.5928107260143894,0.07513766523022235,0.33205160875538825,6.924514994378774,27.019035268653653,49.559892594824305,6.1000000000000005,3.4882237709417927,26.970877776194374,2.9376623094512837,25.14193532263533,33.836712738064506,229.66179978355603,6.1245149943787744,0.915114841053452,1.9327001599704046,0.6322902260859683,0.9059947427902262,0.032918477604546796,0.5884563692989949,0.7069990948146282,3.1,4.384729800556259,1.0,synthetic,SPEC_V1,2026-10-07
OOD00030,1,37,ood,0.5928107260143894,0.07513766523022235,0.33205160875538825,6.924514994378774,27.019035268653653,49.559892594824305,6.1000000000000005,3.4882237709417927,26.970877776194374,2.9376623094512837,25.14193532263533,33.836712738064506,229.66179978355603,6.1245149943787744,0.915114841053452,1.9327001599704046,0.6322902260859683,0.9059947427902262,0.032918477604546796,0.5884563692989949,0.71704449175251,2.9000000000000004,4.044379439987308,1.0,synthetic,SPEC_V1,2026-10-07
OOD00030,2,37,ood,0.5928107260143894,0.07513766523022235,0.33205160875538825,6.924514994378774,27.019035268653653,49.559892594824305,6.1000000000000005,3.4882237709417927,26.970877776194374,2.9376623094512837,25.14193532263533,33.836712738064506,229.66179978355603,6.1245149943787744,0.915114841053452,1.9327001599704046,0.6322902260859683,0.9059947427902262,0.032918477604546796,0.5884563692989949,0.7405852257826346,3.2,4.320907153688232,1.0,synthetic,SPEC_V1,2026-10-07
OOD00030,3,37,ood,0.5928107260143894,0.07513766523022235,0.33205160875538825,6.924514994378774,27.019035268653653,49.559892594824305,6.1000000000000005,3.4882237709417927,26.970877776194374,2.9376623094512837,25.14193532263533,33.836712738064506,229.66179978355603,6.1245149943787744,0.915114841053452,1.9327001599704046,0.6322902260859683,0.9059947427902262,0.032918477604546796,0.5884563692989949,0.7266253398607118,3.3000000000000003,4.541542689156125,1.0,synthetic,SPEC_V1,2026-10-07
OOD00030,4,37,ood,0.5928107260143894,0.07513766523022235,0.33205160875538825,6.924514994378774,27.019035268653653,49.559892594824305,6.1000000000000005,3.4882237709417927,26.970877776194374,2.9376623094512837,25.14193532263533,33.836712738064506,229.66179978355603,6.1245149943787744,0.915114841053452,1.9327001599704046,0.6322902260859683,0.9059947427902262,0.032918477604546796,0.5884563692989949,0.7383892547319981,3.1,4.198327616678496,1.0,synthetic,SPEC_V1,2026-10-07
OOD00030,5,37,ood,0.5928107260143894,0.07513766523022235,0.33205160875538825,6.924514994378774,27.019035268653653,49.559892594824305,6.1000000000000005,3.4882237709417927,26.970877776194374,2.9376623094512837,25.14193532263533,33.836712738064506,229.66179978355603,6.1245149943787744,0.915114841053452,1.9327001599704046,0.6322902260859683,0.9059947427902262,0.032918477604546796,0.5884563692989949,0.7022972691181795,3.0,4.271695380172656,1.0,synthetic,SPEC_V1,2026-10-07
OOD00030,6,37,ood,0.5928107260143894,0.07513766523022235,0.33205160875538825,6.924514994378774,27.019035268653653,49.559892594824305,6.1000000000000005,3.4882237709417927,26.970877776194374,2.9376623094512837,25.14193532263533,33.836712738064506,229.66179978355603,6.1245149943787744,0.915114841053452,1.9327001599704046,0.6322902260859683,0.9059947427902262,0.032918477604546796,0.5884563692989949,0.7158187316588898,3.2,4.470405506969747,1.0,synthetic,SPEC_V1,2026-10-07
OOD00030,7,37,ood,0.5928107260143894,0.07513766523022235,0.33205160875538825,6.924514994378774,27.019035268653653,49.559892594824305,6.1000000000000005,3.4882237709417927,26.970877776194374,2.9376623094512837,25.14193532263533,33.836712738064506,229.66179978355603,6.1245149943787744,0.915114841053452,1.9327001599704046,0.6322902260859683,0.9059947427902262,0.032918477604546796,0.5884563692989949,0.7084933226133628,3.1,4.375482310214692,1.0,synthetic,SPEC_V1,2026-10-07
OOD00031,0,37,ood,0.5069843264481797,0.1385344928164806,0.35448118073533974,6.812537872360306,25.55282014368718,53.6678999867527,6.1000000000000005,2.77410776969571,30.93372983917902,1.3455034520217684,31.695404686517577,49.36987438584244,217.198971221341,6.068090185210894,0.9239153732765044,3.3700295236619016,0.6278286030262236,0.7601816996293117,0.02491654557352365,0.5264493331917312,0.7156540761944167,2.7,3.7727724745977835,0.930559608936764,synthetic,SPEC_V1,2026-10-07
OOD00031,1,37,ood,0.5069843264481797,0.1385344928164806,0.35448118073533974,6.812537872360306,25.55282014368718,53.6678999867527,6.1000000000000005,2.77410776969571,30.93372983917902,1.3455034520217684,31.695404686517577,49.36987438584244,217.198971221341,6.068090185210894,0.9239153732765044,3.3700295236619016,0.6278286030262236,0.7601816996293117,0.02491654557352365,0.5264493331917312,0.7401240774051014,2.7,3.6480369743763585,0.930559608936764,synthetic,SPEC_V1,2026-10-07
OOD00031,2,37,ood,0.5069843264481797,0.1385344928164806,0.35448118073533974,6.812537872360306,25.55282014368718,53.6678999867527,6.1000000000000005,2.77410776969571,30.93372983917902,1.3455034520217684,31.695404686517577,49.36987438584244,217.198971221341,6.068090185210894,0.9239153732765044,3.3700295236619016,0.6278286030262236,0.7601816996293117,0.02491654557352365,0.5264493331917312,0.7379146878032328,2.8000000000000003,3.794476578770348,0.930559608936764,synthetic,SPEC_V1,2026-10-07
OOD00031,3,37,ood,0.5069843264481797,0.1385344928164806,0.35448118073533974,6.812537872360306,25.55282014368718,53.6678999867527,6.1000000000000005,2.77410776969571,30.93372983917902,1.3455034520217684,31.695404686517577,49.36987438584244,217.198971221341,6.068090185210894,0.9239153732765044,3.3700295236619016,0.6278286030262236,0.7601816996293117,0.02491654557352365,0.5264493331917312,0.7260889475135018,2.8000000000000003,3.856276850912861,0.930559608936764,synthetic,SPEC_V1,2026-10-07
OOD00031,4,37,ood,0.5069843264481797,0.1385344928164806,0.35448118073533974,6.812537872360306,25.55282014368718,53.6678999867527,6.1000000000000005,2.77410776969571,30.93372983917902,1.3455034520217684,31.695404686517577,49.36987438584244,217.198971221341,6.068090185210894,0.9239153732765044,3.3700295236619016,0.6278286030262236,0.7601816996293117,0.02491654557352365,0.5264493331917312,0.7317158701082092,2.7,3.6899568675484833,0.930559608936764,synthetic,SPEC_V1,2026-10-07
OOD00031,5,37,ood,0.5069843264481797,0.1385344928164806,0.35448118073533974,6.812537872360306,25.55282014368718,53.6678999867527,6.1000000000000005,2.77410776969571,30.93372983917902,1.3455034520217684,31.695404686517577,49.36987438584244,217.198971221341,6.068090185210894,0.9239153732765044,3.3700295236619016,0.6278286030262236,0.7601816996293117,0.02491654557352365,0.5264493331917312,0.7458505525474047,2.7,3.6200281554774256,0.930559608936764,synthetic,SPEC_V1,2026-10-07
OOD00031,6,37,ood,0.5069843264481797,0.1385344928164806,0.35448118073533974,6.812537872360306,25.55282014368718,53.6678999867527,6.1000000000000005,2.77410776969571,30.93372983917902,1.3455034520217684,31.695404686517577,49.36987438584244,217.198971221341,6.068090185210894,0.9239153732765044,3.3700295236619016,0.6278286030262236,0.7601816996293117,0.02491654557352365,0.5264493331917312,0.7228990255991508,2.6,3.596629553961671,0.930559608936764,synthetic,SPEC_V1,2026-10-07
OOD00031,7,37,ood,0.5069843264481797,0.1385344928164806,0.35448118073533974,6.812537872360306,25.55282014368718,53.6678999867527,6.1000000000000005,2.77410776969571,30.93372983917902,1.3455034520217684,31.695404686517577,49.36987438584244,217.198971221341,6.068090185210894,0.9239153732765044,3.3700295236619016,0.6278286030262236,0.7601816996293117,0.02491654557352365,0.5264493331917312,0.7445452069862852,2.7,3.6263748321325706,0.930559608936764,synthetic,SPEC_V1,2026-10-07
OOD00032,0,37,ood,0.5492024112702925,0.09282762369675199,0.35796996503295553,7.427081437417733,23.63958781520316,51.62788785718959,7.1000000000000005,2.122899544804877,22.413104245650004,2.544457114421805,34.179414195683826,88.44822965709346,200.93649642922688,7.111399489107274,0.8631507672073794,2.0890752374773145,0.6590300802713599,0.8918786566812953,0.07241040235208805,0.8026826428410391,0.7230911547760273,85.80000000000001,118.6572390400433,0.39460243538807394,synthetic,SPEC_V1,2026-10-07
OOD00032,1,37,ood,0.5492024112702925,0.09282762369675199,0.35796996503295553,7.427081437417733,23.63958781520316,51.62788785718959,7.1000000000000005,2.122899544804877,22.413104245650004,2.544457114421805,34.179414195683826,88.44822965709346,200.93649642922688,7.111399489107274,0.8631507672073794,2.0890752374773145,0.6590300802713599,0.8918786566812953,0.07241040235208805,0.8026826428410391,0.7326483369225524,91.10000000000001,124.34342017708028,0.39460243538807394,synthetic,SPEC_V1,2026-10-07
OOD00032,2,37,ood,0.5492024112702925,0.09282762369675199,0.35796996503295553,7.427081437417733,23.63958781520316,51.62788785718959,7.1000000000000005,2.122899544804877,22.413104245650004,2.544457114421805,34.179414195683826,88.44822965709346,200.93649642922688,7.111399489107274,0.8631507672073794,2.0890752374773145,0.6590300802713599,0.8918786566812953,0.07241040235208805,0.8026826428410391,0.7328039428518643,86.4,117.9032957488681,0.39460243538807394,synthetic,SPEC_V1,2026-10-07
OOD00032,3,37,ood,0.5492024112702925,0.09282762369675199,0.35796996503295553,7.427081437417733,23.63958781520316,51.62788785718959,7.1000000000000005,2.122899544804877,22.413104245650004,2.544457114421805,34.179414195683826,88.44822965709346,200.93649642922688,7.111399489107274,0.8631507672073794,2.0890752374773145,0.6590300802713599,0.8918786566812953,0.07241040235208805,0.8026826428410391,0.7442532800777598,82.5,110.8493603029608,0.39460243538807394,synthetic,SPEC_V1,2026-10-07
OOD00032,4,37,ood,0.5492024112702925,0.09282762369675199,0.35796996503295553,7.427081437417733,23.63958781520316,51.62788785718959,7.1000000000000005,2.122899544804877,22.413104245650004,2.544457114421805,34.179414195683826,88.44822965709346,200.93649642922688,7.111399489107274,0.8631507672073794,2.0890752374773145,0.6590300802713599,0.8918786566812953,0.07241040235208805,0.8026826428410391,0.7442714555485765,97.80000000000001,131.40366901202069,0.39460243538807394,synthetic,SPEC_V1,2026-10-07
OOD00032,5,37,ood,0.5492024112702925,0.09282762369675199,0.35796996503295553,7.427081437417733,23.63958781520316,51.62788785718959,7.1000000000000005,2.122899544804877,22.413104245650004,2.544457114421805,34.179414195683826,88.44822965709346,200.93649642922688,7.111399489107274,0.8631507672073794,2.0890752374773145,0.6590300802713599,0.8918786566812953,0.07241040235208805,0.8026826428410391,0.7397989092087917,84.7,114.49057162112594,0.39460243538807394,synthetic,SPEC_V1,2026-10-07
OOD00032,6,37,ood,0.5492024112702925,0.09282762369675199,0.35796996503295553,7.427081437417733,23.63958781520316,51.62788785718959,7.1000000000000005,2.122899544804877,22.413104245650004,2.544457114421805,34.179414195683826,88.44822965709346,200.93649642922688,7.111399489107274,0.8631507672073794,2.0890752374773145,0.6590300802713599,0.8918786566812953,0.07241040235208805,0.8026826428410391,0.7300900443143561,91.5,125.3270068706795,0.39460243538807394,synthetic,SPEC_V1,2026-10-07
OOD00032,7,37,ood,0.5492024112702925,0.09282762369675199,0.35796996503295553,7.427081437417733,23.63958781520316,51.62788785718959,7.1000000000000005,2.122899544804877,22.413104245650004,2.544457114421805,34.179414195683826,88.44822965709346,200.93649642922688,7.111399489107274,0.8631507672073794,2.0890752374773145,0.6590300802713599,0.8918786566812953,0.07241040235208805,0.8026826428410391,0.7428602721417874,95.9,129.0956100310825,0.39460243538807394,synthetic,SPEC_V1,2026-10-07
OOD00033,0,37,ood,0.5348849302361428,0.09707467572726614,0.36804039403659106,7.217079330499702,25.65542522194666,30.7235383971752,6.4,3.973375270952945,29.485119930453187,1.9998878409849634,29.327776069706896,31.1676529240021,218.0711143865466,6.4170793304997025,0.9631077464018777,2.3709484640304477,0.608216875372864,0.8649397407171516,0.06658489327829184,0.8596005302162903,0.7460248120386864,12.100000000000001,16.219299686472805,1.0,synthetic,SPEC_V1,2026-10-07
OOD00033,1,37,ood,0.5348849302361428,0.09707467572726614,0.36804039403659106,7.217079330499702,25.65542522194666,30.7235383971752,6.4,3.973375270952945,29.485119930453187,1.9998878409849634,29.327776069706896,31.1676529240021,218.0711143865466,6.4170793304997025,0.9631077464018777,2.3709484640304477,0.608216875372864,0.8649397407171516,0.06658489327829184,0.8596005302162903,0.7300372497180878,12.5,17.12241396562575,1.0,synthetic,SPEC_V1,2026-10-07
OOD00033,2,37,ood,0.5348849302361428,0.09707467572726614,0.36804039403659106,7.217079330499702,25.65542522194666,30.7235383971752,6.4,3.973375270952945,29.485119930453187,1.9998878409849634,29.327776069706896,31.1676529240021,218.0711143865466,6.4170793304997025,0.9631077464018777,2.3709484640304477,0.608216875372864,0.8649397407171516,0.06658489327829184,0.8596005302162903,0.75,11.9,15.866666666666667,1.0,synthetic,SPEC_V1,2026-10-07
OOD00033,3,37,ood,0.5348849302361428,0.09707467572726614,0.36804039403659106,7.217079330499702,25.65542522194666,30.7235383971752,6.4,3.973375270952945,29.485119930453187,1.9998878409849634,29.327776069706896,31.1676529240021,218.0711143865466,6.4170793304997025,0.9631077464018777,2.3709484640304477,0.608216875372864,0.8649397407171516,0.06658489327829184,0.8596005302162903,0.7390520585693393,12.100000000000001,16.372324330471717,1.0,synthetic,SPEC_V1,2026-10-07
OOD00033,4,37,ood,0.5348849302361428,0.09707467572726614,0.36804039403659106,7.217079330499702,25.65542522194666,30.7235383971752,6.4,3.973375270952945,29.485119930453187,1.9998878409849634,29.327776069706896,31.1676529240021,218.0711143865466,6.4170793304997025,0.9631077464018777,2.3709484640304477,0.608216875372864,0.8649397407171516,0.06658489327829184,0.8596005302162903,0.7337882703416145,12.600000000000001,17.171165728956232,1.0,synthetic,SPEC_V1,2026-10-07
OOD00033,5,37,ood,0.5348849302361428,0.09707467572726614,0.36804039403659106,7.217079330499702,25.65542522194666,30.7235383971752,6.4,3.973375270952945,29.485119930453187,1.9998878409849634,29.327776069706896,31.1676529240021,218.0711143865466,6.4170793304997025,0.9631077464018777,2.3709484640304477,0.608216875372864,0.8649397407171516,0.06658489327829184,0.8596005302162903,0.7338312792956139,12.5,17.033888241992674,1.0,synthetic,SPEC_V1,2026-10-07
OOD00033,6,37,ood,0.5348849302361428,0.09707467572726614,0.36804039403659106,7.217079330499702,25.65542522194666,30.7235383971752,6.4,3.973375270952945,29.485119930453187,1.9998878409849634,29.327776069706896,31.1676529240021,218.0711143865466,6.4170793304997025,0.9631077464018777,2.3709484640304477,0.608216875372864,0.8649397407171516,0.06658489327829184,0.8596005302162903,0.732802650913066,12.100000000000001,16.511949001444663,1.0,synthetic,SPEC_V1,2026-10-07
OOD00033,7,37,ood,0.5348849302361428,0.09707467572726614,0.36804039403659106,7.217079330499702,25.65542522194666,30.7235383971752,6.4,3.973375270952945,29.485119930453187,1.9998878409849634,29.327776069706896,31.1676529240021,218.0711143865466,6.4170793304997025,0.9631077464018777,2.3709484640304477,0.608216875372864,0.8649397407171516,0.06658489327829184,0.8596005302162903,0.75,12.4,16.533333333333335,1.0,synthetic,SPEC_V1,2026-10-07
OOD00034,0,37,ood,0.47610967535816484,0.17167827202516261,0.3522120526166726,7.017671276873027,27.970542745844753,39.54083383006179,6.800000000000001,1.8228908698078734,34.3386455795228,2.756550117688282,33.09874904828064,55.76033095839344,237.74961333968037,6.761559160716166,1.0048593518782687,4.57144159279437,0.5878169266920364,0.6327102973578715,0.0649580488680392,0.857546758941151,0.7335822767394221,53.7,73.20242282662853,0.32014014519607636,synthetic,SPEC_V1,2026-10-07
OOD00034,1,37,ood,0.47610967535816484,0.17167827202516261,0.3522120526166726,7.017671276873027,27.970542745844753,39.54083383006179,6.800000000000001,1.8228908698078734,34.3386455795228,2.756550117688282,33.09874904828064,55.76033095839344,237.74961333968037,6.761559160716166,1.0048593518782687,4.57144159279437,0.5878169266920364,0.6327102973578715,0.0649580488680392,0.857546758941151,0.7226714576024321,55.800000000000004,77.21351025142827,0.32014014519607636,synthetic,SPEC_V1,2026-10-07
OOD00034,2,37,ood,0.47610967535816484,0.17167827202516261,0.3522120526166726,7.017671276873027,27.970542745844753,39.54083383006179,6.800000000000001,1.8228908698078734,34.3386455795228,2.756550117688282,33.09874904828064,55.76033095839344,237.74961333968037,6.761559160716166,1.0048593518782687,4.57144159279437,0.5878169266920364,0.6327102973578715,0.0649580488680392,0.857546758941151,0.7318798119917819,54.800000000000004,74.87568191130177,0.32014014519607636,synthetic,SPEC_V1,2026-10-07
OOD00034,3,37,ood,0.47610967535816484,0.17167827202516261,0.3522120526166726,7.017671276873027,27.970542745844753,39.54083383006179,6.800000000000001,1.8228908698078734,34.3386455795228,2.756550117688282,33.09874904828064,55.76033095839344,237.74961333968037,6.761559160716166,1.0048593518782687,4.57144159279437,0.5878169266920364,0.6327102973578715,0.0649580488680392,0.857546758941151,0.7445748975718722,58.5,78.56832158963984,0.32014014519607636,synthetic,SPEC_V1,2026-10-07
OOD00034,4,37,ood,0.47610967535816484,0.17167827202516261,0.3522120526166726,7.017671276873027,27.970542745844753,39.54083383006179,6.800000000000001,1.8228908698078734,34.3386455795228,2.756550117688282,33.09874904828064,55.76033095839344,237.74961333968037,6.761559160716166,1.0048593518782687,4.57144159279437,0.5878169266920364,0.6327102973578715,0.0649580488680392,0.857546758941151,0.737303926952731,51.2,69.44219083656456,0.32014014519607636,synthetic,SPEC_V1,2026-10-07
OOD00034,5,37,ood,0.47610967535816484,0.17167827202516261,0.3522120526166726,7.017671276873027,27.970542745844753,39.54083383006179,6.800000000000001,1.8228908698078734,34.3386455795228,2.756550117688282,33.09874904828064,55.76033095839344,237.74961333968037,6.761559160716166,1.0048593518782687,4.57144159279437,0.5878169266920364,0.6327102973578715,0.0649580488680392,0.857546758941151,0.7208828131481126,56.900000000000006,78.93099816253952,0.32014014519607636,synthetic,SPEC_V1,2026-10-07
OOD00034,6,37,ood,0.47610967535816484,0.17167827202516261,0.3522120526166726,7.017671276873027,27.970542745844753,39.54083383006179,6.800000000000001,1.8228908698078734,34.3386455795228,2.756550117688282,33.09874904828064,55.76033095839344,237.74961333968037,6.761559160716166,1.0048593518782687,4.57144159279437,0.5878169266920364,0.6327102973578715,0.0649580488680392,0.857546758941151,0.7223325788602302,53.1,73.51184420310459,0.32014014519607636,synthetic,SPEC_V1,2026-10-07
OOD00034,7,37,ood,0.47610967535816484,0.17167827202516261,0.3522120526166726,7.017671276873027,27.970542745844753,39.54083383006179,6.800000000000001,1.8228908698078734,34.3386455795228,2.756550117688282,33.09874904828064,55.76033095839344,237.74961333968037,6.761559160716166,1.0048593518782687,4.57144159279437,0.5878169266920364,0.6327102973578715,0.0649580488680392,0.857546758941151,0.7194787974135874,52.2,72.552520223877,0.32014014519607636,synthetic,SPEC_V1,2026-10-07
OOD00035,0,37,ood,0.4887595001743093,0.16688326813204063,0.3443572316936501,6.891521066264723,24.64274578882341,53.16045198371695,6.1000000000000005,3.3505945404931223,34.7634227133475,1.0378102869974695,32.935759245241925,92.9540575864615,209.463339204999,6.091521066264723,0.8655625875592975,3.9150637792426077,0.6577749522661108,0.7013753370903377,0.032576925327555156,0.6236771121524128,0.7124092235460572,3.1,4.351431589514767,1.0,synthetic,SPEC_V1,2026-10-07
OOD00035,1,37,ood,0.4887595001743093,0.16688326813204063,0.3443572316936501,6.891521066264723,24.64274578882341,53.16045198371695,6.1000000000000005,3.3505945404931223,34.7634227133475,1.0378102869974695,32.935759245241925,92.9540575864615,209.463339204999,6.091521066264723,0.8655625875592975,3.9150637792426077,0.6577749522661108,0.7013753370903377,0.032576925327555156,0.6236771121524128,0.7477316928055479,3.3000000000000003,4.413347771335118,1.0,synthetic,SPEC_V1,2026-10-07
OOD00035,2,37,ood,0.4887595001743093,0.16688326813204063,0.3443572316936501,6.891521066264723,24.64274578882341,53.16045198371695,6.1000000000000005,3.3505945404931223,34.7634227133475,1.0378102869974695,32.935759245241925,92.9540575864615,209.463339204999,6.091521066264723,0.8655625875592975,3.9150637792426077,0.6577749522661108,0.7013753370903377,0.032576925327555156,0.6236771121524128,0.7327484484153952,3.1,4.23064696582286,1.0,synthetic,SPEC_V1,2026-10-07
OOD00035,3,37,ood,0.4887595001743093,0.16688326813204063,0.3443572316936501,6.891521066264723,24.64274578882341,53.16045198371695,6.1000000000000005,3.3505945404931223,34.7634227133475,1.0378102869974695,32.935759245241925,92.9540575864615,209.463339204999,6.091521066264723,0.8655625875592975,3.9150637792426077,0.6577749522661108,0.7013753370903377,0.032576925327555156,0.6236771121524128,0.7167754598254894,3.3000000000000003,4.603952262544589,1.0,synthetic,SPEC_V1,2026-10-07
OOD00035,4,37,ood,0.4887595001743093,0.16688326813204063,0.3443572316936501,6.891521066264723,24.64274578882341,53.16045198371695,6.1000000000000005,3.3505945404931223,34.7634227133475,1.0378102869974695,32.935759245241925,92.9540575864615,209.463339204999,6.091521066264723,0.8655625875592975,3.9150637792426077,0.6577749522661108,0.7013753370903377,0.032576925327555156,0.6236771121524128,0.7258974849494856,3.4000000000000004,4.683856977733712,1.0,synthetic,SPEC_V1,2026-10-07
OOD00035,5,37,ood,0.4887595001743093,0.16688326813204063,0.3443572316936501,6.891521066264723,24.64274578882341,53.16045198371695,6.1000000000000005,3.3505945404931223,34.7634227133475,1.0378102869974695,32.935759245241925,92.9540575864615,209.463339204999,6.091521066264723,0.8655625875592975,3.9150637792426077,0.6577749522661108,0.7013753370903377,0.032576925327555156,0.6236771121524128,0.7319644348545196,3.1,4.235178449095188,1.0,synthetic,SPEC_V1,2026-10-07
OOD00035,6,37,ood,0.4887595001743093,0.16688326813204063,0.3443572316936501,6.891521066264723,24.64274578882341,53.16045198371695,6.1000000000000005,3.3505945404931223,34.7634227133475,1.0378102869974695,32.935759245241925,92.9540575864615,209.463339204999,6.091521066264723,0.8655625875592975,3.9150637792426077,0.6577749522661108,0.7013753370903377,0.032576925327555156,0.6236771121524128,0.7210098651818635,3.2,4.438219439886374,1.0,synthetic,SPEC_V1,2026-10-07
OOD00035,7,37,ood,0.4887595001743093,0.16688326813204063,0.3443572316936501,6.891521066264723,24.64274578882341,53.16045198371695,6.1000000000000005,3.3505945404931223,34.7634227133475,1.0378102869974695,32.935759245241925,92.9540575864615,209.463339204999,6.091521066264723,0.8655625875592975,3.9150637792426077,0.6577749522661108,0.7013753370903377,0.032576925327555156,0.6236771121524128,0.7472721881397686,3.6,4.8175217238603585,1.0,synthetic,SPEC_V1,2026-10-07
OOD00036,0,37,ood,0.578533009064722,0.08762358975098797,0.33384340118429,6.591118699836291,23.142272443444018,43.990796297921804,5.800000000000001,3.222780033732977,25.481857562663617,2.143560284866977,26.96928639761721,26.53391462401094,196.70931576927413,5.791118699836291,0.7880412842525876,1.9304741551384155,0.6986868830294902,0.9061908588962122,0.007332130504218137,0.17042047682425276,0.7360524133321513,0.30000000000000004,0.40757967036869414,1.0,synthetic,SPEC_V1,2026-10-07
OOD00036,1,37,ood,0.578533009064722,0.08762358975098797,0.33384340118429,6.591118699836291,23.142272443444018,43.990796297921804,5.800000000000001,3.222780033732977,25.481857562663617,2.143560284866977,26.96928639761721,26.53391462401094,196.70931576927413,5.791118699836291,0.7880412842525876,1.9304741551384155,0.6986868830294902,0.9061908588962122,0.007332130504218137,0.17042047682425276,0.721441062093479,0.30000000000000004,0.41583438448798504,1.0,synthetic,SPEC_V1,2026-10-07
OOD00036,2,37,ood,0.578533009064722,0.08762358975098797,0.33384340118429,6.591118699836291,23.142272443444018,43.990796297921804,5.800000000000001,3.222780033732977,25.481857562663617,2.143560284866977,26.96928639761721,26.53391462401094,196.70931576927413,5.791118699836291,0.7880412842525876,1.9304741551384155,0.6986868830294902,0.9061908588962122,0.007332130504218137,0.17042047682425276,0.7260984253306625,0.30000000000000004,0.4131671265687998,1.0,synthetic,SPEC_V1,2026-10-07
OOD00036,3,37,ood,0.578533009064722,0.08762358975098797,0.33384340118429,6.591118699836291,23.142272443444018,43.990796297921804,5.800000000000001,3.222780033732977,25.481857562663617,2.143560284866977,26.96928639761721,26.53391462401094,196.70931576927413,5.791118699836291,0.7880412842525876,1.9304741551384155,0.6986868830294902,0.9061908588962122,0.007332130504218137,0.17042047682425276,0.7285385342681984,0.30000000000000004,0.4117832975044261,1.0,synthetic,SPEC_V1,2026-10-07
OOD00036,4,37,ood,0.578533009064722,0.08762358975098797,0.33384340118429,6.591118699836291,23.142272443444018,43.990796297921804,5.800000000000001,3.222780033732977,25.481857562663617,2.143560284866977,26.96928639761721,26.53391462401094,196.70931576927413,5.791118699836291,0.7880412842525876,1.9304741551384155,0.6986868830294902,0.9061908588962122,0.007332130504218137,0.17042047682425276,0.7203476592507031,0.30000000000000004,0.4164655720712085,1.0,synthetic,SPEC_V1,2026-10-07
OOD00036,5,37,ood,0.578533009064722,0.08762358975098797,0.33384340118429,6.591118699836291,23.142272443444018,43.990796297921804,5.800000000000001,3.222780033732977,25.481857562663617,2.143560284866977,26.96928639761721,26.53391462401094,196.70931576927413,5.791118699836291,0.7880412842525876,1.9304741551384155,0.6986868830294902,0.9061908588962122,0.007332130504218137,0.17042047682425276,0.7304705618621906,0.30000000000000004,0.4106941684757415,1.0,synthetic,SPEC_V1,2026-10-07
OOD00036,6,37,ood,0.578533009064722,0.08762358975098797,0.33384340118429,6.591118699836291,23.142272443444018,43.990796297921804,5.800000000000001,3.222780033732977,25.481857562663617,2.143560284866977,26.96928639761721,26.53391462401094,196.70931576927413,5.791118699836291,0.7880412842525876,1.9304741551384155,0.6986868830294902,0.9061908588962122,0.007332130504218137,0.17042047682425276,0.7157447396705966,0.30000000000000004,0.4191438418926662,1.0,synthetic,SPEC_V1,2026-10-07
OOD00036,7,37,ood,0.578533009064722,0.08762358975098797,0.33384340118429,6.591118699836291,23.142272443444018,43.990796297921804,5.800000000000001,3.222780033732977,25.481857562663617,2.143560284866977,26.96928639761721,26.53391462401094,196.70931576927413,5.791118699836291,0.7880412842525876,1.9304741551384155,0.6986868830294902,0.9061908588962122,0.007332130504218137,0.17042047682425276,0.7192902338035276,0.30000000000000004,0.41707781629903834,1.0,synthetic,SPEC_V1,2026-10-07
OOD00037,0,37,ood,0.480618285081282,0.14609414122410092,0.37328757369461707,7.20341200387736,24.494519475710735,50.02375979924922,6.4,3.696808306736958,23.314794704746646,1.5567576398716252,32.05186333322987,72.51793390107458,208.20341554354124,6.40341200387736,0.9326369738781676,3.406737509700928,0.6234274353993848,0.7562094173310006,0.03972279478862359,0.6039159352741181,0.75,5.5,7.333333333333333,1.0,synthetic,SPEC_V1,2026-10-07
OOD00037,1,37,ood,0.480618285081282,0.14609414122410092,0.37328757369461707,7.20341200387736,24.494519475710735,50.02375979924922,6.4,3.696808306736958,23.314794704746646,1.5567576398716252,32.05186333322987,72.51793390107458,208.20341554354124,6.40341200387736,0.9326369738781676,3.406737509700928,0.6234274353993848,0.7562094173310006,0.03972279478862359,0.6039159352741181,0.7430559728690828,6.1000000000000005,8.209341183877065,1.0,synthetic,SPEC_V1,2026-10-07
OOD00037,2,37,ood,0.480618285081282,0.14609414122410092,0.37328757369461707,7.20341200387736,24.494519475710735,50.02375979924922,6.4,3.696808306736958,23.314794704746646,1.5567576398716252,32.05186333322987,72.51793390107458,208.20341554354124,6.40341200387736,0.9326369738781676,3.406737509700928,0.6234274353993848,0.7562094173310006,0.03972279478862359,0.6039159352741181,0.75,5.800000000000001,7.733333333333334,1.0,synthetic,SPEC_V1,2026-10-07
OOD00037,3,37,ood,0.480618285081282,0.14609414122410092,0.37328757369461707,7.20341200387736,24.494519475710735,50.02375979924922,6.4,3.696808306736958,23.314794704746646,1.5567576398716252,32.05186333322987,72.51793390107458,208.20341554354124,6.40341200387736,0.9326369738781676,3.406737509700928,0.6234274353993848,0.7562094173310006,0.03972279478862359,0.6039159352741181,0.7389877458450432,6.0,8.119214471058532,1.0,synthetic,SPEC_V1,2026-10-07
OOD00037,4,37,ood,0.480618285081282,0.14609414122410092,0.37328757369461707,7.20341200387736,24.494519475710735,50.02375979924922,6.4,3.696808306736958,23.314794704746646,1.5567576398716252,32.05186333322987,72.51793390107458,208.20341554354124,6.40341200387736,0.9326369738781676,3.406737509700928,0.6234274353993848,0.7562094173310006,0.03972279478862359,0.6039159352741181,0.7267558994807479,5.7,7.843073587806487,1.0,synthetic,SPEC_V1,2026-10-07
OOD00037,5,37,ood,0.480618285081282,0.14609414122410092,0.37328757369461707,7.20341200387736,24.494519475710735,50.02375979924922,6.4,3.696808306736958,23.314794704746646,1.5567576398716252,32.05186333322987,72.51793390107458,208.20341554354124,6.40341200387736,0.9326369738781676,3.406737509700928,0.6234274353993848,0.7562094173310006,0.03972279478862359,0.6039159352741181,0.7377739466944251,5.800000000000001,7.861486605737074,1.0,synthetic,SPEC_V1,2026-10-07
OOD00037,6,37,ood,0.480618285081282,0.14609414122410092,0.37328757369461707,7.20341200387736,24.494519475710735,50.02375979924922,6.4,3.696808306736958,23.314794704746646,1.5567576398716252,32.05186333322987,72.51793390107458,208.20341554354124,6.40341200387736,0.9326369738781676,3.406737509700928,0.6234274353993848,0.7562094173310006,0.03972279478862359,0.6039159352741181,0.7484839430865292,6.300000000000001,8.41701423015254,1.0,synthetic,SPEC_V1,2026-10-07
OOD00037,7,37,ood,0.480618285081282,0.14609414122410092,0.37328757369461707,7.20341200387736,24.494519475710735,50.02375979924922,6.4,3.696808306736958,23.314794704746646,1.5567576398716252,32.05186333322987,72.51793390107458,208.20341554354124,6.40341200387736,0.9326369738781676,3.406737509700928,0.6234274353993848,0.7562094173310006,0.03972279478862359,0.6039159352741181,0.75,6.300000000000001,8.4,1.0,synthetic,SPEC_V1,2026-10-07
OOD00038,0,37,ood,0.5158008694558675,0.16788839064086247,0.3163107399032701,7.248422503401545,24.587731549510416,33.25795913021971,6.4,3.780079899648286,25.10857286453147,2.980026032208011,33.936294431861086,83.45683643080861,208.99571817083853,6.448422503401545,0.793291083014799,3.9298509347477335,0.6958838856344436,0.699793757978423,0.08031235232878954,0.866883227915872,0.7107052782597757,15.700000000000001,22.090732234946714,1.0,synthetic,SPEC_V1,2026-10-07
OOD00038,1,37,ood,0.5158008694558675,0.16788839064086247,0.3163107399032701,7.248422503401545,24.587731549510416,33.25795913021971,6.4,3.780079899648286,25.10857286453147,2.980026032208011,33.936294431861086,83.45683643080861,208.99571817083853,6.448422503401545,0.793291083014799,3.9298509347477335,0.6958838856344436,0.699793757978423,0.08031235232878954,0.866883227915872,0.708505117059759,16.1,22.723900805139905,1.0,synthetic,SPEC_V1,2026-10-07
OOD00038,2,37,ood,0.5158008694558675,0.16788839064086247,0.3163107399032701,7.248422503401545,24.587731549510416,33.25795913021971,6.4,3.780079899648286,25.10857286453147,2.980026032208011,33.936294431861086,83.45683643080861,208.99571817083853,6.448422503401545,0.793291083014799,3.9298509347477335,0.6958838856344436,0.699793757978423,0.08031235232878954,0.866883227915872,0.7001512922215701,16.1,22.995030044027956,1.0,synthetic,SPEC_V1,2026-10-07
OOD00038,3,37,ood,0.5158008694558675,0.16788839064086247,0.3163107399032701,7.248422503401545,24.587731549510416,33.25795913021971,6.4,3.780079899648286,25.10857286453147,2.980026032208011,33.936294431861086,83.45683643080861,208.99571817083853,6.448422503401545,0.793291083014799,3.9298509347477335,0.6958838856344436,0.699793757978423,0.08031235232878954,0.866883227915872,0.7112467105355651,15.4,21.652121228657606,1.0,synthetic,SPEC_V1,2026-10-07
OOD00038,4,37,ood,0.5158008694558675,0.16788839064086247,0.3163107399032701,7.248422503401545,24.587731549510416,33.25795913021971,6.4,3.780079899648286,25.10857286453147,2.980026032208011,33.936294431861086,83.45683643080861,208.99571817083853,6.448422503401545,0.793291083014799,3.9298509347477335,0.6958838856344436,0.699793757978423,0.08031235232878954,0.866883227915872,0.7047259065973572,17.400000000000002,24.69045033978215,1.0,synthetic,SPEC_V1,2026-10-07
OOD00038,5,37,ood,0.5158008694558675,0.16788839064086247,0.3163107399032701,7.248422503401545,24.587731549510416,33.25795913021971,6.4,3.780079899648286,25.10857286453147,2.980026032208011,33.936294431861086,83.45683643080861,208.99571817083853,6.448422503401545,0.793291083014799,3.9298509347477335,0.6958838856344436,0.699793757978423,0.08031235232878954,0.866883227915872,0.720137888297361,18.3,25.41180001411552,1.0,synthetic,SPEC_V1,2026-10-07
OOD00038,6,37,ood,0.5158008694558675,0.16788839064086247,0.3163107399032701,7.248422503401545,24.587731549510416,33.25795913021971,6.4,3.780079899648286,25.10857286453147,2.980026032208011,33.936294431861086,83.45683643080861,208.99571817083853,6.448422503401545,0.793291083014799,3.9298509347477335,0.6958838856344436,0.699793757978423,0.08031235232878954,0.866883227915872,0.6939771934419922,16.2,23.343706613255033,1.0,synthetic,SPEC_V1,2026-10-07
OOD00038,7,37,ood,0.5158008694558675,0.16788839064086247,0.3163107399032701,7.248422503401545,24.587731549510416,33.25795913021971,6.4,3.780079899648286,25.10857286453147,2.980026032208011,33.936294431861086,83.45683643080861,208.99571817083853,6.448422503401545,0.793291083014799,3.9298509347477335,0.6958838856344436,0.699793757978423,0.08031235232878954,0.866883227915872,0.710879227573212,15.200000000000001,21.38197236665575,1.0,synthetic,SPEC_V1,2026-10-07
OOD00039,0,37,ood,0.5287073326762557,0.13031490409785057,0.3409777632258936,7.196327974774399,24.26896387547447,38.55311643822852,6.6000000000000005,2.624857508748754,20.73413075700175,1.3858475147323093,33.187336309517676,56.659744861470884,206.286192941533,6.573550404303881,0.8440680558430685,3.0108025303872954,0.6690048128129332,0.7988473187592733,0.06356242474201408,0.7323062366352203,0.7184014646017457,32.2,44.821734902573525,0.7784719630881476,synthetic,SPEC_V1,2026-10-07
OOD00039,1,37,ood,0.5287073326762557,0.13031490409785057,0.3409777632258936,7.196327974774399,24.26896387547447,38.55311643822852,6.6000000000000005,2.624857508748754,20.73413075700175,1.3858475147323093,33.187336309517676,56.659744861470884,206.286192941533,6.573550404303881,0.8440680558430685,3.0108025303872954,0.6690048128129332,0.7988473187592733,0.06356242474201408,0.7323062366352203,0.7327733810543534,35.800000000000004,48.85548646498192,0.7784719630881476,synthetic,SPEC_V1,2026-10-07
OOD00039,2,37,ood,0.5287073326762557,0.13031490409785057,0.3409777632258936,7.196327974774399,24.26896387547447,38.55311643822852,6.6000000000000005,2.624857508748754,20.73413075700175,1.3858475147323093,33.187336309517676,56.659744861470884,206.286192941533,6.573550404303881,0.8440680558430685,3.0108025303872954,0.6690048128129332,0.7988473187592733,0.06356242474201408,0.7323062366352203,0.7186712210711367,32.4,45.08320223496598,0.7784719630881476,synthetic,SPEC_V1,2026-10-07
OOD00039,3,37,ood,0.5287073326762557,0.13031490409785057,0.3409777632258936,7.196327974774399,24.26896387547447,38.55311643822852,6.6000000000000005,2.624857508748754,20.73413075700175,1.3858475147323093,33.187336309517676,56.659744861470884,206.286192941533,6.573550404303881,0.8440680558430685,3.0108025303872954,0.6690048128129332,0.7988473187592733,0.06356242474201408,0.7323062366352203,0.7097322222335339,32.0,45.08742733885704,0.7784719630881476,synthetic,SPEC_V1,2026-10-07
OOD00039,4,37,ood,0.5287073326762557,0.13031490409785057,0.3409777632258936,7.196327974774399,24.26896387547447,38.55311643822852,6.6000000000000005,2.624857508748754,20.73413075700175,1.3858475147323093,33.187336309517676,56.659744861470884,206.286192941533,6.573550404303881,0.8440680558430685,3.0108025303872954,0.6690048128129332,0.7988473187592733,0.06356242474201408,0.7323062366352203,0.7189239966146137,30.5,42.424512387433666,0.7784719630881476,synthetic,SPEC_V1,2026-10-07
OOD00039,5,37,ood,0.5287073326762557,0.13031490409785057,0.3409777632258936,7.196327974774399,24.26896387547447,38.55311643822852,6.6000000000000005,2.624857508748754,20.73413075700175,1.3858475147323093,33.187336309517676,56.659744861470884,206.286192941533,6.573550404303881,0.8440680558430685,3.0108025303872954,0.6690048128129332,0.7988473187592733,0.06356242474201408,0.7323062366352203,0.7111255264971923,28.400000000000002,39.93669041792178,0.7784719630881476,synthetic,SPEC_V1,2026-10-07
OOD00039,6,37,ood,0.5287073326762557,0.13031490409785057,0.3409777632258936,7.196327974774399,24.26896387547447,38.55311643822852,6.6000000000000005,2.624857508748754,20.73413075700175,1.3858475147323093,33.187336309517676,56.659744861470884,206.286192941533,6.573550404303881,0.8440680558430685,3.0108025303872954,0.6690048128129332,0.7988473187592733,0.06356242474201408,0.7323062366352203,0.7035091374582381,32.5,46.196983478312355,0.7784719630881476,synthetic,SPEC_V1,2026-10-07
OOD00039,7,37,ood,0.5287073326762557,0.13031490409785057,0.3409777632258936,7.196327974774399,24.26896387547447,38.55311643822852,6.6000000000000005,2.624857508748754,20.73413075700175,1.3858475147323093,33.187336309517676,56.659744861470884,206.286192941533,6.573550404303881,0.8440680558430685,3.0108025303872954,0.6690048128129332,0.7988473187592733,0.06356242474201408,0.7323062366352203,0.721483899515969,28.5,39.50192099798783,0.7784719630881476,synthetic,SPEC_V1,2026-10-07
OOD00040,0,37,ood,0.5635651595260525,0.07427504979691296,0.3621597906770346,6.944036144119675,27.548204235857504,35.2286556120316,6.800000000000001,1.8521907603947183,31.026792758145135,2.5122535507932797,29.832028163654854,82.64589236174798,234.15973600478878,6.791151734840309,1.0176388917178076,1.9479293178450199,0.5816797740098664,0.9046492497013723,0.07735043020503093,0.9017768065978288,0.7449300914642363,51.900000000000006,69.67096724202032,0.19110551159920752,synthetic,SPEC_V1,2026-10-07
OOD00040,1,37,ood,0.5635651595260525,0.07427504979691296,0.3621597906770346,6.944036144119675,27.548204235857504,35.2286556120316,6.800000000000001,1.8521907603947183,31.026792758145135,2.5122535507932797,29.832028163654854,82.64589236174798,234.15973600478878,6.791151734840309,1.0176388917178076,1.9479293178450199,0.5816797740098664,0.9046492497013723,0.07735043020503093,0.9017768065978288,0.7413446190728207,51.800000000000004,69.87303700239282,0.19110551159920752,synthetic,SPEC_V1,2026-10-07
OOD00040,2,37,ood,0.5635651595260525,0.07427504979691296,0.3621597906770346,6.944036144119675,27.548204235857504,35.2286556120316,6.800000000000001,1.8521907603947183,31.026792758145135,2.5122535507932797,29.832028163654854,82.64589236174798,234.15973600478878,6.791151734840309,1.0176388917178076,1.9479293178450199,0.5816797740098664,0.9046492497013723,0.07735043020503093,0.9017768065978288,0.7416870855556188,55.0,74.15526179587978,0.19110551159920752,synthetic,SPEC_V1,2026-10-07
OOD00040,3,37,ood,0.5635651595260525,0.07427504979691296,0.3621597906770346,6.944036144119675,27.548204235857504,35.2286556120316,6.800000000000001,1.8521907603947183,31.026792758145135,2.5122535507932797,29.832028163654854,82.64589236174798,234.15973600478878,6.791151734840309,1.0176388917178076,1.9479293178450199,0.5816797740098664,0.9046492497013723,0.07735043020503093,0.9017768065978288,0.7350307720992878,53.7,73.05816577805292,0.19110551159920752,synthetic,SPEC_V1,2026-10-07
OOD00040,4,37,ood,0.5635651595260525,0.07427504979691296,0.3621597906770346,6.944036144119675,27.548204235857504,35.2286556120316,6.800000000000001,1.8521907603947183,31.026792758145135,2.5122535507932797,29.832028163654854,82.64589236174798,234.15973600478878,6.791151734840309,1.0176388917178076,1.9479293178450199,0.5816797740098664,0.9046492497013723,0.07735043020503093,0.9017768065978288,0.7463875420661646,54.1,72.48245308360764,0.19110551159920752,synthetic,SPEC_V1,2026-10-07
OOD00040,5,37,ood,0.5635651595260525,0.07427504979691296,0.3621597906770346,6.944036144119675,27.548204235857504,35.2286556120316,6.800000000000001,1.8521907603947183,31.026792758145135,2.5122535507932797,29.832028163654854,82.64589236174798,234.15973600478878,6.791151734840309,1.0176388917178076,1.9479293178450199,0.5816797740098664,0.9046492497013723,0.07735043020503093,0.9017768065978288,0.75,53.0,70.66666666666667,0.19110551159920752,synthetic,SPEC_V1,2026-10-07
OOD00040,6,37,ood,0.5635651595260525,0.07427504979691296,0.3621597906770346,6.944036144119675,27.548204235857504,35.2286556120316,6.800000000000001,1.8521907603947183,31.026792758145135,2.5122535507932797,29.832028163654854,82.64589236174798,234.15973600478878,6.791151734840309,1.0176388917178076,1.9479293178450199,0.5816797740098664,0.9046492497013723,0.07735043020503093,0.9017768065978288,0.7395032462434192,49.400000000000006,66.80159992663401,0.19110551159920752,synthetic,SPEC_V1,2026-10-07
OOD00040,7,37,ood,0.5635651595260525,0.07427504979691296,0.3621597906770346,6.944036144119675,27.548204235857504,35.2286556120316,6.800000000000001,1.8521907603947183,31.026792758145135,2.5122535507932797,29.832028163654854,82.64589236174798,234.15973600478878,6.791151734840309,1.0176388917178076,1.9479293178450199,0.5816797740098664,0.9046492497013723,0.07735043020503093,0.9017768065978288,0.7333952131779258,55.5,75.67543256726356,0.19110551159920752,synthetic,SPEC_V1,2026-10-07
OOD00041,0,37,ood,0.4909464585088571,0.14484821220524347,0.36420532928589944,7.0039748927762595,25.045855888440006,40.55944990192399,6.6000000000000005,2.1757479942897096,27.876943687986675,1.451361296908714,30.23307596964717,77.22656544012001,212.88977505174003,6.568740577176553,0.9304270874918404,3.45371077105835,0.6245406576275946,0.7511248393334635,0.04793004867984709,0.7371425129512168,0.7275601457960242,36.800000000000004,50.580010756000235,0.5440428944996334,synthetic,SPEC_V1,2026-10-07
OOD00041,1,37,ood,0.4909464585088571,0.14484821220524347,0.36420532928589944,7.0039748927762595,25.045855888440006,40.55944990192399,6.6000000000000005,2.1757479942897096,27.876943687986675,1.451361296908714,30.23307596964717,77.22656544012001,212.88977505174003,6.568740577176553,0.9304270874918404,3.45371077105835,0.6245406576275946,0.7511248393334635,0.04793004867984709,0.7371425129512168,0.7226243653276041,36.800000000000004,50.92549015188079,0.5440428944996334,synthetic,SPEC_V1,2026-10-07
OOD00041,2,37,ood,0.4909464585088571,0.14484821220524347,0.36420532928589944,7.0039748927762595,25.045855888440006,40.55944990192399,6.6000000000000005,2.1757479942897096,27.876943687986675,1.451361296908714,30.23307596964717,77.22656544012001,212.88977505174003,6.568740577176553,0.9304270874918404,3.45371077105835,0.6245406576275946,0.7511248393334635,0.04793004867984709,0.7371425129512168,0.7379598893796674,36.7,49.73170022946667,0.5440428944996334,synthetic,SPEC_V1,2026-10-07
OOD00041,3,37,ood,0.4909464585088571,0.14484821220524347,0.36420532928589944,7.0039748927762595,25.045855888440006,40.55944990192399,6.6000000000000005,2.1757479942897096,27.876943687986675,1.451361296908714,30.23307596964717,77.22656544012001,212.88977505174003,6.568740577176553,0.9304270874918404,3.45371077105835,0.6245406576275946,0.7511248393334635,0.04793004867984709,0.7371425129512168,0.7333045525303461,39.6,54.00211939685353,0.5440428944996334,synthetic,SPEC_V1,2026-10-07
OOD00041,4,37,ood,0.4909464585088571,0.14484821220524347,0.36420532928589944,7.0039748927762595,25.045855888440006,40.55944990192399,6.6000000000000005,2.1757479942897096,27.876943687986675,1.451361296908714,30.23307596964717,77.22656544012001,212.88977505174003,6.568740577176553,0.9304270874918404,3.45371077105835,0.6245406576275946,0.7511248393334635,0.04793004867984709,0.7371425129512168,0.7364179098632946,39.800000000000004,54.045399313262635,0.5440428944996334,synthetic,SPEC_V1,2026-10-07
OOD00041,5,37,ood,0.4909464585088571,0.14484821220524347,0.36420532928589944,7.0039748927762595,25.045855888440006,40.55944990192399,6.6000000000000005,2.1757479942897096,27.876943687986675,1.451361296908714,30.23307596964717,77.22656544012001,212.88977505174003,6.568740577176553,0.9304270874918404,3.45371077105835,0.6245406576275946,0.7511248393334635,0.04793004867984709,0.7371425129512168,0.7446198000697628,36.7,49.28689781894278,0.5440428944996334,synthetic,SPEC_V1,2026-10-07
OOD00041,6,37,ood,0.4909464585088571,0.14484821220524347,0.36420532928589944,7.0039748927762595,25.045855888440006,40.55944990192399,6.6000000000000005,2.1757479942897096,27.876943687986675,1.451361296908714,30.23307596964717,77.22656544012001,212.88977505174003,6.568740577176553,0.9304270874918404,3.45371077105835,0.6245406576275946,0.7511248393334635,0.04793004867984709,0.7371425129512168,0.7330484233665137,35.5,48.42790580868695,0.5440428944996334,synthetic,SPEC_V1,2026-10-07
OOD00041,7,37,ood,0.4909464585088571,0.14484821220524347,0.36420532928589944,7.0039748927762595,25.045855888440006,40.55944990192399,6.6000000000000005,2.1757479942897096,27.876943687986675,1.451361296908714,30.23307596964717,77.22656544012001,212.88977505174003,6.568740577176553,0.9304270874918404,3.45371077105835,0.6245406576275946,0.7511248393334635,0.04793004867984709,0.7371425129512168,0.7439747540878473,39.1,52.55554679128687,0.5440428944996334,synthetic,SPEC_V1,2026-10-07
OOD00042,0,37,ood,0.5683839091972384,0.07010563648869649,0.36151045431406514,7.4439577961778465,25.268881431849252,48.87819974095436,7.4,1.6846793893097416,24.816426085829605,1.7034583064264188,27.372796442073035,45.43769684537406,214.7854921707186,7.383068446012347,0.9317664102564789,1.6864594473626102,0.6238658197158095,0.9267805885967807,0.056082495738289224,0.7513644502171699,0.7380016022972968,82.5,111.78837517857538,0.07611168770687415,synthetic,SPEC_V1,2026-10-07
OOD00042,1,37,ood,0.5683839091972384,0.07010563648869649,0.36151045431406514,7.4439577961778465,25.268881431849252,48.87819974095436,7.4,1.6846793893097416,24.816426085829605,1.7034583064264188,27.372796442073035,45.43769684537406,214.7854921707186,7.383068446012347,0.9317664102564789,1.6864594473626102,0.6238658197158095,0.9267805885967807,0.056082495738289224,0.7513644502171699,0.7189090543712608,84.30000000000001,117.26100747712323,0.07611168770687415,synthetic,SPEC_V1,2026-10-07
OOD00042,2,37,ood,0.5683839091972384,0.07010563648869649,0.36151045431406514,7.4439577961778465,25.268881431849252,48.87819974095436,7.4,1.6846793893097416,24.816426085829605,1.7034583064264188,27.372796442073035,45.43769684537406,214.7854921707186,7.383068446012347,0.9317664102564789,1.6864594473626102,0.6238658197158095,0.9267805885967807,0.056082495738289224,0.7513644502171699,0.734776242555657,81.30000000000001,110.64592904804185,0.07611168770687415,synthetic,SPEC_V1,2026-10-07
OOD00042,3,37,ood,0.5683839091972384,0.07010563648869649,0.36151045431406514,7.4439577961778465,25.268881431849252,48.87819974095436,7.4,1.6846793893097416,24.816426085829605,1.7034583064264188,27.372796442073035,45.43769684537406,214.7854921707186,7.383068446012347,0.9317664102564789,1.6864594473626102,0.6238658197158095,0.9267805885967807,0.056082495738289224,0.7513644502171699,0.7311680069625571,81.7,111.73902471389702,0.07611168770687415,synthetic,SPEC_V1,2026-10-07
OOD00042,4,37,ood,0.5683839091972384,0.07010563648869649,0.36151045431406514,7.4439577961778465,25.268881431849252,48.87819974095436,7.4,1.6846793893097416,24.816426085829605,1.7034583064264188,27.372796442073035,45.43769684537406,214.7854921707186,7.383068446012347,0.9317664102564789,1.6864594473626102,0.6238658197158095,0.9267805885967807,0.056082495738289224,0.7513644502171699,0.7437067701253168,79.4,106.76250800651023,0.07611168770687415,synthetic,SPEC_V1,2026-10-07
OOD00042,5,37,ood,0.5683839091972384,0.07010563648869649,0.36151045431406514,7.4439577961778465,25.268881431849252,48.87819974095436,7.4,1.6846793893097416,24.816426085829605,1.7034583064264188,27.372796442073035,45.43769684537406,214.7854921707186,7.383068446012347,0.9317664102564789,1.6864594473626102,0.6238658197158095,0.9267805885967807,0.056082495738289224,0.7513644502171699,0.7324660121756086,85.60000000000001,116.86549079014117,0.07611168770687415,synthetic,SPEC_V1,2026-10-07
OOD00042,6,37,ood,0.5683839091972384,0.07010563648869649,0.36151045431406514,7.4439577961778465,25.268881431849252,48.87819974095436,7.4,1.6846793893097416,24.816426085829605,1.7034583064264188,27.372796442073035,45.43769684537406,214.7854921707186,7.383068446012347,0.9317664102564789,1.6864594473626102,0.6238658197158095,0.9267805885967807,0.056082495738289224,0.7513644502171699,0.7361594228276229,78.2,106.22699047935858,0.07611168770687415,synthetic,SPEC_V1,2026-10-07
OOD00042,7,37,ood,0.5683839091972384,0.07010563648869649,0.36151045431406514,7.4439577961778465,25.268881431849252,48.87819974095436,7.4,1.6846793893097416,24.816426085829605,1.7034583064264188,27.372796442073035,45.43769684537406,214.7854921707186,7.383068446012347,0.9317664102564789,1.6864594473626102,0.6238658197158095,0.9267805885967807,0.056082495738289224,0.7513644502171699,0.7373976120120003,91.0,123.40696324158843,0.07611168770687415,synthetic,SPEC_V1,2026-10-07
OOD00043,0,37,ood,0.5447638218798224,0.07758952368574547,0.3776466544344321,7.065020025564266,24.1547160765423,46.82356199499483,6.300000000000001,2.9494685523310906,24.08326792412718,1.4893498726886565,31.895138402838192,20.8179164389838,205.31508665060954,6.3130481314944085,0.9304386669422188,1.7841935752164555,0.6245348210552729,0.9187576615879269,0.02973543424357234,0.5113586185034824,0.75,8.200000000000001,10.933333333333335,0.9399648675873216,synthetic,SPEC_V1,2026-10-07
OOD00043,1,37,ood,0.5447638218798224,0.07758952368574547,0.3776466544344321,7.065020025564266,24.1547160765423,46.82356199499483,6.300000000000001,2.9494685523310906,24.08326792412718,1.4893498726886565,31.895138402838192,20.8179164389838,205.31508665060954,6.3130481314944085,0.9304386669422188,1.7841935752164555,0.6245348210552729,0.9187576615879269,0.02973543424357234,0.5113586185034824,0.7411976446140722,8.8,11.872676692843507,0.9399648675873216,synthetic,SPEC_V1,2026-10-07
OOD00043,2,37,ood,0.5447638218798224,0.07758952368574547,0.3776466544344321,7.065020025564266,24.1547160765423,46.82356199499483,6.300000000000001,2.9494685523310906,24.08326792412718,1.4893498726886565,31.895138402838192,20.8179164389838,205.31508665060954,6.3130481314944085,0.9304386669422188,1.7841935752164555,0.6245348210552729,0.9187576615879269,0.02973543424357234,0.5113586185034824,0.7464786814465353,8.3,11.11887078130103,0.9399648675873216,synthetic,SPEC_V1,2026-10-07
OOD00043,3,37,ood,0.5447638218798224,0.07758952368574547,0.3776466544344321,7.065020025564266,24.1547160765423,46.82356199499483,6.300000000000001,2.9494685523310906,24.08326792412718,1.4893498726886565,31.895138402838192,20.8179164389838,205.31508665060954,6.3130481314944085,0.9304386669422188,1.7841935752164555,0.6245348210552729,0.9187576615879269,0.02973543424357234,0.5113586185034824,0.75,8.8,11.733333333333334,0.9399648675873216,synthetic,SPEC_V1,2026-10-07
OOD00043,4,37,ood,0.5447638218798224,0.07758952368574547,0.3776466544344321,7.065020025564266,24.1547160765423,46.82356199499483,6.300000000000001,2.9494685523310906,24.08326792412718,1.4893498726886565,31.895138402838192,20.8179164389838,205.31508665060954,6.3130481314944085,0.9304386669422188,1.7841935752164555,0.6245348210552729,0.9187576615879269,0.02973543424357234,0.5113586185034824,0.7488233948962099,8.6,11.484683916949466,0.9399648675873216,synthetic,SPEC_V1,2026-10-07
OOD00043,5,37,ood,0.5447638218798224,0.07758952368574547,0.3776466544344321,7.065020025564266,24.1547160765423,46.82356199499483,6.300000000000001,2.9494685523310906,24.08326792412718,1.4893498726886565,31.895138402838192,20.8179164389838,205.31508665060954,6.3130481314944085,0.9304386669422188,1.7841935752164555,0.6245348210552729,0.9187576615879269,0.02973543424357234,0.5113586185034824,0.7379555724325145,8.4,11.382799065140434,0.9399648675873216,synthetic,SPEC_V1,2026-10-07
OOD00043,6,37,ood,0.5447638218798224,0.07758952368574547,0.3776466544344321,7.065020025564266,24.1547160765423,46.82356199499483,6.300000000000001,2.9494685523310906,24.08326792412718,1.4893498726886565,31.895138402838192,20.8179164389838,205.31508665060954,6.3130481314944085,0.9304386669422188,1.7841935752164555,0.6245348210552729,0.9187576615879269,0.02973543424357234,0.5113586185034824,0.7422729854290372,8.3,11.181869962844685,0.9399648675873216,synthetic,SPEC_V1,2026-10-07
OOD00043,7,37,ood,0.5447638218798224,0.07758952368574547,0.3776466544344321,7.065020025564266,24.1547160765423,46.82356199499483,6.300000000000001,2.9494685523310906,24.08326792412718,1.4893498726886565,31.895138402838192,20.8179164389838,205.31508665060954,6.3130481314944085,0.9304386669422188,1.7841935752164555,0.6245348210552729,0.9187576615879269,0.02973543424357234,0.5113586185034824,0.7469010110244925,8.0,10.710924047387135,0.9399648675873216,synthetic,SPEC_V1,2026-10-07
OOD00044,0,37,ood,0.558986595860111,0.11180134689728322,0.3292120572426059,7.102531210513854,27.881975285100914,36.65214585153162,7.0,1.7629190968645116,31.65959470452369,2.8743766705319205,26.768211879639786,19.03992031534825,236.99678992335777,6.983422012468522,0.9362664092467475,2.9676147562615536,0.621602019820442,0.8034505999746485,0.09405182244690816,0.9404866530683573,0.7179279117384062,81.30000000000001,113.24256749279803,0.1488864975566646,synthetic,SPEC_V1,2026-10-07
OOD00044,1,37,ood,0.558986595860111,0.11180134689728322,0.3292120572426059,7.102531210513854,27.881975285100914,36.65214585153162,7.0,1.7629190968645116,31.65959470452369,2.8743766705319205,26.768211879639786,19.03992031534825,236.99678992335777,6.983422012468522,0.9362664092467475,2.9676147562615536,0.621602019820442,0.8034505999746485,0.09405182244690816,0.9404866530683573,0.7207186111463738,76.0,105.4503086566816,0.1488864975566646,synthetic,SPEC_V1,2026-10-07
OOD00044,2,37,ood,0.558986595860111,0.11180134689728322,0.3292120572426059,7.102531210513854,27.881975285100914,36.65214585153162,7.0,1.7629190968645116,31.65959470452369,2.8743766705319205,26.768211879639786,19.03992031534825,236.99678992335777,6.983422012468522,0.9362664092467475,2.9676147562615536,0.621602019820442,0.8034505999746485,0.09405182244690816,0.9404866530683573,0.7312329634333632,78.9,107.89994973631973,0.1488864975566646,synthetic,SPEC_V1,2026-10-07
OOD00044,3,37,ood,0.558986595860111,0.11180134689728322,0.3292120572426059,7.102531210513854,27.881975285100914,36.65214585153162,7.0,1.7629190968645116,31.65959470452369,2.8743766705319205,26.768211879639786,19.03992031534825,236.99678992335777,6.983422012468522,0.9362664092467475,2.9676147562615536,0.621602019820442,0.8034505999746485,0.09405182244690816,0.9404866530683573,0.7156115576635782,77.5,108.29897752494676,0.1488864975566646,synthetic,SPEC_V1,2026-10-07
OOD00044,4,37,ood,0.558986595860111,0.11180134689728322,0.3292120572426059,7.102531210513854,27.881975285100914,36.65214585153162,7.0,1.7629190968645116,31.65959470452369,2.8743766705319205,26.768211879639786,19.03992031534825,236.99678992335777,6.983422012468522,0.9362664092467475,2.9676147562615536,0.621602019820442,0.8034505999746485,0.09405182244690816,0.9404866530683573,0.708697020066065,74.10000000000001,104.55808039533223,0.1488864975566646,synthetic,SPEC_V1,2026-10-07
OOD00044,5,37,ood,0.558986595860111,0.11180134689728322,0.3292120572426059,7.102531210513854,27.881975285100914,36.65214585153162,7.0,1.7629190968645116,31.65959470452369,2.8743766705319205,26.768211879639786,19.03992031534825,236.99678992335777,6.983422012468522,0.9362664092467475,2.9676147562615536,0.621602019820442,0.8034505999746485,0.09405182244690816,0.9404866530683573,0.7139482327354012,71.7,100.42744937583309,0.1488864975566646,synthetic,SPEC_V1,2026-10-07
OOD00044,6,37,ood,0.558986595860111,0.11180134689728322,0.3292120572426059,7.102531210513854,27.881975285100914,36.65214585153162,7.0,1.7629190968645116,31.65959470452369,2.8743766705319205,26.768211879639786,19.03992031534825,236.99678992335777,6.983422012468522,0.9362664092467475,2.9676147562615536,0.621602019820442,0.8034505999746485,0.09405182244690816,0.9404866530683573,0.7073161076407881,73.7,104.19669395883275,0.1488864975566646,synthetic,SPEC_V1,2026-10-07
OOD00044,7,37,ood,0.558986595860111,0.11180134689728322,0.3292120572426059,7.102531210513854,27.881975285100914,36.65214585153162,7.0,1.7629190968645116,31.65959470452369,2.8743766705319205,26.768211879639786,19.03992031534825,236.99678992335777,6.983422012468522,0.9362664092467475,2.9676147562615536,0.621602019820442,0.8034505999746485,0.09405182244690816,0.9404866530683573,0.7095248447867716,79.4,111.90587698710046,0.1488864975566646,synthetic,SPEC_V1,2026-10-07
OOD00045,0,37,ood,0.584267597721636,0.10965528935985445,0.30607711291850964,7.486669208300129,25.182578878437152,37.06740189785002,7.1000000000000005,2.3517530940162836,32.26093447054802,2.1901043911423574,26.026656422845395,60.94078665496541,214.05192046671579,7.09824733987083,0.7861967259733778,2.62885563100275,0.6996726579759928,0.8389480332717202,0.08233304300356652,0.9154144042701552,0.7018879519797347,101.4,144.46750327312597,0.48552733553662386,synthetic,SPEC_V1,2026-10-07
OOD00045,1,37,ood,0.584267597721636,0.10965528935985445,0.30607711291850964,7.486669208300129,25.182578878437152,37.06740189785002,7.1000000000000005,2.3517530940162836,32.26093447054802,2.1901043911423574,26.026656422845395,60.94078665496541,214.05192046671579,7.09824733987083,0.7861967259733778,2.62885563100275,0.6996726579759928,0.8389480332717202,0.08233304300356652,0.9154144042701552,0.6968282061105061,105.30000000000001,151.11328599591886,0.48552733553662386,synthetic,SPEC_V1,2026-10-07
OOD00045,2,37,ood,0.584267597721636,0.10965528935985445,0.30607711291850964,7.486669208300129,25.182578878437152,37.06740189785002,7.1000000000000005,2.3517530940162836,32.26093447054802,2.1901043911423574,26.026656422845395,60.94078665496541,214.05192046671579,7.09824733987083,0.7861967259733778,2.62885563100275,0.6996726579759928,0.8389480332717202,0.08233304300356652,0.9154144042701552,0.6812620587638417,112.4,164.98790524743322,0.48552733553662386,synthetic,SPEC_V1,2026-10-07
OOD00045,3,37,ood,0.584267597721636,0.10965528935985445,0.30607711291850964,7.486669208300129,25.182578878437152,37.06740189785002,7.1000000000000005,2.3517530940162836,32.26093447054802,2.1901043911423574,26.026656422845395,60.94078665496541,214.05192046671579,7.09824733987083,0.7861967259733778,2.62885563100275,0.6996726579759928,0.8389480332717202,0.08233304300356652,0.9154144042701552,0.6975855607416036,105.30000000000001,150.94922533668202,0.48552733553662386,synthetic,SPEC_V1,2026-10-07
OOD00045,4,37,ood,0.584267597721636,0.10965528935985445,0.30607711291850964,7.486669208300129,25.182578878437152,37.06740189785002,7.1000000000000005,2.3517530940162836,32.26093447054802,2.1901043911423574,26.026656422845395,60.94078665496541,214.05192046671579,7.09824733987083,0.7861967259733778,2.62885563100275,0.6996726579759928,0.8389480332717202,0.08233304300356652,0.9154144042701552,0.7061891132104452,96.2,136.22413345153382,0.48552733553662386,synthetic,SPEC_V1,2026-10-07
OOD00045,5,37,ood,0.584267597721636,0.10965528935985445,0.30607711291850964,7.486669208300129,25.182578878437152,37.06740189785002,7.1000000000000005,2.3517530940162836,32.26093447054802,2.1901043911423574,26.026656422845395,60.94078665496541,214.05192046671579,7.09824733987083,0.7861967259733778,2.62885563100275,0.6996726579759928,0.8389480332717202,0.08233304300356652,0.9154144042701552,0.6780362316337692,91.5,134.9485406989612,0.48552733553662386,synthetic,SPEC_V1,2026-10-07
OOD00045,6,37,ood,0.584267597721636,0.10965528935985445,0.30607711291850964,7.486669208300129,25.182578878437152,37.06740189785002,7.1000000000000005,2.3517530940162836,32.26093447054802,2.1901043911423574,26.026656422845395,60.94078665496541,214.05192046671579,7.09824733987083,0.7861967259733778,2.62885563100275,0.6996726579759928,0.8389480332717202,0.08233304300356652,0.9154144042701552,0.7019141194095332,97.80000000000001,139.33328493558685,0.48552733553662386,synthetic,SPEC_V1,2026-10-07
OOD00045,7,37,ood,0.584267597721636,0.10965528935985445,0.30607711291850964,7.486669208300129,25.182578878437152,37.06740189785002,7.1000000000000005,2.3517530940162836,32.26093447054802,2.1901043911423574,26.026656422845395,60.94078665496541,214.05192046671579,7.09824733987083,0.7861967259733778,2.62885563100275,0.6996726579759928,0.8389480332717202,0.08233304300356652,0.9154144042701552,0.7020716683623881,109.4,155.82454744994928,0.48552733553662386,synthetic,SPEC_V1,2026-10-07
OOD00046,0,37,ood,0.5634642095549423,0.13176381080448762,0.3047719796405702,6.71633730476939,22.692673996730594,42.62459174831118,5.9,3.572275135781206,34.5248980607019,2.307793411527455,28.282937927393032,52.47648223032293,192.88772897221006,5.916337304769391,0.7054413000868106,2.8465496894017757,0.7431692573629408,0.8162738682828472,0.0121840823922731,0.3061659525404059,0.6837971788953311,0.7000000000000001,1.0236953611461874,1.0,synthetic,SPEC_V1,2026-10-07
OOD00046,1,37,ood,0.5634642095549423,0.13176381080448762,0.3047719796405702,6.71633730476939,22.692673996730594,42.62459174831118,5.9,3.572275135781206,34.5248980607019,2.307793411527455,28.282937927393032,52.47648223032293,192.88772897221006,5.916337304769391,0.7054413000868106,2.8465496894017757,0.7431692573629408,0.8162738682828472,0.0121840823922731,0.3061659525404059,0.6974844741776773,0.7000000000000001,1.00360656891365,1.0,synthetic,SPEC_V1,2026-10-07
OOD00046,2,37,ood,0.5634642095549423,0.13176381080448762,0.3047719796405702,6.71633730476939,22.692673996730594,42.62459174831118,5.9,3.572275135781206,34.5248980607019,2.307793411527455,28.282937927393032,52.47648223032293,192.88772897221006,5.916337304769391,0.7054413000868106,2.8465496894017757,0.7431692573629408,0.8162738682828472,0.0121840823922731,0.3061659525404059,0.7002484198097475,0.7000000000000001,0.9996452404565013,1.0,synthetic,SPEC_V1,2026-10-07
OOD00046,3,37,ood,0.5634642095549423,0.13176381080448762,0.3047719796405702,6.71633730476939,22.692673996730594,42.62459174831118,5.9,3.572275135781206,34.5248980607019,2.307793411527455,28.282937927393032,52.47648223032293,192.88772897221006,5.916337304769391,0.7054413000868106,2.8465496894017757,0.7431692573629408,0.8162738682828472,0.0121840823922731,0.3061659525404059,0.7031041244971522,0.7000000000000001,0.995585114083391,1.0,synthetic,SPEC_V1,2026-10-07
OOD00046,4,37,ood,0.5634642095549423,0.13176381080448762,0.3047719796405702,6.71633730476939,22.692673996730594,42.62459174831118,5.9,3.572275135781206,34.5248980607019,2.307793411527455,28.282937927393032,52.47648223032293,192.88772897221006,5.916337304769391,0.7054413000868106,2.8465496894017757,0.7431692573629408,0.8162738682828472,0.0121840823922731,0.3061659525404059,0.6952232459720646,0.6000000000000001,0.863032131730689,1.0,synthetic,SPEC_V1,2026-10-07
OOD00046,5,37,ood,0.5634642095549423,0.13176381080448762,0.3047719796405702,6.71633730476939,22.692673996730594,42.62459174831118,5.9,3.572275135781206,34.5248980607019,2.307793411527455,28.282937927393032,52.47648223032293,192.88772897221006,5.916337304769391,0.7054413000868106,2.8465496894017757,0.7431692573629408,0.8162738682828472,0.0121840823922731,0.3061659525404059,0.7101329644077217,0.7000000000000001,0.9857308913744444,1.0,synthetic,SPEC_V1,2026-10-07
OOD00046,6,37,ood,0.5634642095549423,0.13176381080448762,0.3047719796405702,6.71633730476939,22.692673996730594,42.62459174831118,5.9,3.572275135781206,34.5248980607019,2.307793411527455,28.282937927393032,52.47648223032293,192.88772897221006,5.916337304769391,0.7054413000868106,2.8465496894017757,0.7431692573629408,0.8162738682828472,0.0121840823922731,0.3061659525404059,0.6973672981290882,0.7000000000000001,1.0037752012145895,1.0,synthetic,SPEC_V1,2026-10-07
OOD00046,7,37,ood,0.5634642095549423,0.13176381080448762,0.3047719796405702,6.71633730476939,22.692673996730594,42.62459174831118,5.9,3.572275135781206,34.5248980607019,2.307793411527455,28.282937927393032,52.47648223032293,192.88772897221006,5.916337304769391,0.7054413000868106,2.8465496894017757,0.7431692573629408,0.8162738682828472,0.0121840823922731,0.3061659525404059,0.6907391145989158,0.6000000000000001,0.8686347527147,1.0,synthetic,SPEC_V1,2026-10-07
OOD00047,0,37,ood,0.5904508522868189,0.06031096704233806,0.349238180670843,6.733760955635754,27.756183973106193,52.53756639352652,6.2,2.62643834371385,22.714558689933916,2.0119116735691174,25.881328018971796,60.184461015650776,235.92756377140262,6.2293840111272685,0.9887389576995473,1.5936501865755712,0.5956308672927343,0.9341012115103119,0.048612648122497666,0.6685289650372179,0.7406994216326364,15.0,20.25112962412914,0.6304711806356071,synthetic,SPEC_V1,2026-10-07
OOD00047,1,37,ood,0.5904508522868189,0.06031096704233806,0.349238180670843,6.733760955635754,27.756183973106193,52.53756639352652,6.2,2.62643834371385,22.714558689933916,2.0119116735691174,25.881328018971796,60.184461015650776,235.92756377140262,6.2293840111272685,0.9887389576995473,1.5936501865755712,0.5956308672927343,0.9341012115103119,0.048612648122497666,0.6685289650372179,0.7303150022857616,15.100000000000001,20.676009602349087,0.6304711806356071,synthetic,SPEC_V1,2026-10-07
OOD00047,2,37,ood,0.5904508522868189,0.06031096704233806,0.349238180670843,6.733760955635754,27.756183973106193,52.53756639352652,6.2,2.62643834371385,22.714558689933916,2.0119116735691174,25.881328018971796,60.184461015650776,235.92756377140262,6.2293840111272685,0.9887389576995473,1.5936501865755712,0.5956308672927343,0.9341012115103119,0.048612648122497666,0.6685289650372179,0.7127325166102906,15.200000000000001,21.3263737036865,0.6304711806356071,synthetic,SPEC_V1,2026-10-07
OOD00047,3,37,ood,0.5904508522868189,0.06031096704233806,0.349238180670843,6.733760955635754,27.756183973106193,52.53756639352652,6.2,2.62643834371385,22.714558689933916,2.0119116735691174,25.881328018971796,60.184461015650776,235.92756377140262,6.2293840111272685,0.9887389576995473,1.5936501865755712,0.5956308672927343,0.9341012115103119,0.048612648122497666,0.6685289650372179,0.7206442613033331,15.4,21.36976706391594,0.6304711806356071,synthetic,SPEC_V1,2026-10-07
OOD00047,4,37,ood,0.5904508522868189,0.06031096704233806,0.349238180670843,6.733760955635754,27.756183973106193,52.53756639352652,6.2,2.62643834371385,22.714558689933916,2.0119116735691174,25.881328018971796,60.184461015650776,235.92756377140262,6.2293840111272685,0.9887389576995473,1.5936501865755712,0.5956308672927343,0.9341012115103119,0.048612648122497666,0.6685289650372179,0.7260528678511718,16.6,22.863348848313773,0.6304711806356071,synthetic,SPEC_V1,2026-10-07
OOD00047,5,37,ood,0.5904508522868189,0.06031096704233806,0.349238180670843,6.733760955635754,27.756183973106193,52.53756639352652,6.2,2.62643834371385,22.714558689933916,2.0119116735691174,25.881328018971796,60.184461015650776,235.92756377140262,6.2293840111272685,0.9887389576995473,1.5936501865755712,0.5956308672927343,0.9341012115103119,0.048612648122497666,0.6685289650372179,0.74324010416568,15.100000000000001,20.316449442607006,0.6304711806356071,synthetic,SPEC_V1,2026-10-07
OOD00047,6,37,ood,0.5904508522868189,0.06031096704233806,0.349238180670843,6.733760955635754,27.756183973106193,52.53756639352652,6.2,2.62643834371385,22.714558689933916,2.0119116735691174,25.881328018971796,60.184461015650776,235.92756377140262,6.2293840111272685,0.9887389576995473,1.5936501865755712,0.5956308672927343,0.9341012115103119,0.048612648122497666,0.6685289650372179,0.7222746188102878,15.0,20.76772408908348,0.6304711806356071,synthetic,SPEC_V1,2026-10-07
OOD00047,7,37,ood,0.5904508522868189,0.06031096704233806,0.349238180670843,6.733760955635754,27.756183973106193,52.53756639352652,6.2,2.62643834371385,22.714558689933916,2.0119116735691174,25.881328018971796,60.184461015650776,235.92756377140262,6.2293840111272685,0.9887389576995473,1.5936501865755712,0.5956308672927343,0.9341012115103119,0.048612648122497666,0.6685289650372179,0.7220252132171169,15.600000000000001,21.605893692397967,0.6304711806356071,synthetic,SPEC_V1,2026-10-07
OOD00048,0,37,ood,0.5789066792690327,0.11723214505098097,0.30386117567998633,6.910862197840573,24.754399075707575,37.55838042080644,6.6000000000000005,2.1541127319758178,22.042111487181003,1.8539851995788421,32.68028402532233,69.75423079467232,210.4123921435144,6.614111419522225,0.7672338822523993,2.7627147605447453,0.7098324207144371,0.8250712976261138,0.10918768431994136,0.9098902683536757,0.7141641831673613,143.0,200.23406853839458,0.37093847289793525,synthetic,SPEC_V1,2026-10-07
OOD00048,1,37,ood,0.5789066792690327,0.11723214505098097,0.30386117567998633,6.910862197840573,24.754399075707575,37.55838042080644,6.6000000000000005,2.1541127319758178,22.042111487181003,1.8539851995788421,32.68028402532233,69.75423079467232,210.4123921435144,6.614111419522225,0.7672338822523993,2.7627147605447453,0.7098324207144371,0.8250712976261138,0.10918768431994136,0.9098902683536757,0.7048836444446824,143.5,203.57969876439876,0.37093847289793525,synthetic,SPEC_V1,2026-10-07
OOD00048,2,37,ood,0.5789066792690327,0.11723214505098097,0.30386117567998633,6.910862197840573,24.754399075707575,37.55838042080644,6.6000000000000005,2.1541127319758178,22.042111487181003,1.8539851995788421,32.68028402532233,69.75423079467232,210.4123921435144,6.614111419522225,0.7672338822523993,2.7627147605447453,0.7098324207144371,0.8250712976261138,0.10918768431994136,0.9098902683536757,0.6860785748340275,143.20000000000002,208.72244849599363,0.37093847289793525,synthetic,SPEC_V1,2026-10-07
OOD00048,3,37,ood,0.5789066792690327,0.11723214505098097,0.30386117567998633,6.910862197840573,24.754399075707575,37.55838042080644,6.6000000000000005,2.1541127319758178,22.042111487181003,1.8539851995788421,32.68028402532233,69.75423079467232,210.4123921435144,6.614111419522225,0.7672338822523993,2.7627147605447453,0.7098324207144371,0.8250712976261138,0.10918768431994136,0.9098902683536757,0.7023504745819421,133.8,190.50318159127232,0.37093847289793525,synthetic,SPEC_V1,2026-10-07
OOD00048,4,37,ood,0.5789066792690327,0.11723214505098097,0.30386117567998633,6.910862197840573,24.754399075707575,37.55838042080644,6.6000000000000005,2.1541127319758178,22.042111487181003,1.8539851995788421,32.68028402532233,69.75423079467232,210.4123921435144,6.614111419522225,0.7672338822523993,2.7627147605447453,0.7098324207144371,0.8250712976261138,0.10918768431994136,0.9098902683536757,0.6845014251077729,141.20000000000002,206.28152816156438,0.37093847289793525,synthetic,SPEC_V1,2026-10-07
OOD00048,5,37,ood,0.5789066792690327,0.11723214505098097,0.30386117567998633,6.910862197840573,24.754399075707575,37.55838042080644,6.6000000000000005,2.1541127319758178,22.042111487181003,1.8539851995788421,32.68028402532233,69.75423079467232,210.4123921435144,6.614111419522225,0.7672338822523993,2.7627147605447453,0.7098324207144371,0.8250712976261138,0.10918768431994136,0.9098902683536757,0.6950147065640521,139.1,200.13964983225955,0.37093847289793525,synthetic,SPEC_V1,2026-10-07
OOD00048,6,37,ood,0.5789066792690327,0.11723214505098097,0.30386117567998633,6.910862197840573,24.754399075707575,37.55838042080644,6.6000000000000005,2.1541127319758178,22.042111487181003,1.8539851995788421,32.68028402532233,69.75423079467232,210.4123921435144,6.614111419522225,0.7672338822523993,2.7627147605447453,0.7098324207144371,0.8250712976261138,0.10918768431994136,0.9098902683536757,0.7116515670274979,139.1,195.4608216223112,0.37093847289793525,synthetic,SPEC_V1,2026-10-07
OOD00048,7,37,ood,0.5789066792690327,0.11723214505098097,0.30386117567998633,6.910862197840573,24.754399075707575,37.55838042080644,6.6000000000000005,2.1541127319758178,22.042111487181003,1.8539851995788421,32.68028402532233,69.75423079467232,210.4123921435144,6.614111419522225,0.7672338822523993,2.7627147605447453,0.7098324207144371,0.8250712976261138,0.10918768431994136,0.9098902683536757,0.7019350770581949,155.5,221.53045927224414,0.37093847289793525,synthetic,SPEC_V1,2026-10-07
OOD00049,0,37,ood,0.5215072538783936,0.15263478082522403,0.3258579652963824,7.142074042715326,23.583783724849223,51.86846678006971,6.300000000000001,3.7335029604047802,22.942061209310523,2.345469967135971,27.772783022833778,19.771287706729186,200.46216166121837,6.342074042715327,0.7838663054140691,3.4269197881979974,0.7009187539181098,0.7540249342851122,0.06021435558754783,0.7487838189786442,0.7222857628157865,12.3,17.029271007709205,1.0,synthetic,SPEC_V1,2026-10-07
OOD00049,1,37,ood,0.5215072538783936,0.15263478082522403,0.3258579652963824,7.142074042715326,23.583783724849223,51.86846678006971,6.300000000000001,3.7335029604047802,22.942061209310523,2.345469967135971,27.772783022833778,19.771287706729186,200.46216166121837,6.342074042715327,0.7838663054140691,3.4269197881979974,0.7009187539181098,0.7540249342851122,0.06021435558754783,0.7487838189786442,0.71614014911819,11.600000000000001,16.197946748668556,1.0,synthetic,SPEC_V1,2026-10-07
OOD00049,2,37,ood,0.5215072538783936,0.15263478082522403,0.3258579652963824,7.142074042715326,23.583783724849223,51.86846678006971,6.300000000000001,3.7335029604047802,22.942061209310523,2.345469967135971,27.772783022833778,19.771287706729186,200.46216166121837,6.342074042715327,0.7838663054140691,3.4269197881979974,0.7009187539181098,0.7540249342851122,0.06021435558754783,0.7487838189786442,0.697577974169139,11.9,17.059024855499025,1.0,synthetic,SPEC_V1,2026-10-07
OOD00049,3,37,ood,0.5215072538783936,0.15263478082522403,0.3258579652963824,7.142074042715326,23.583783724849223,51.86846678006971,6.300000000000001,3.7335029604047802,22.942061209310523,2.345469967135971,27.772783022833778,19.771287706729186,200.46216166121837,6.342074042715327,0.7838663054140691,3.4269197881979974,0.7009187539181098,0.7540249342851122,0.06021435558754783,0.7487838189786442,0.723531534763347,11.8,16.30889523545031,1.0,synthetic,SPEC_V1,2026-10-07
OOD00049,4,37,ood,0.5215072538783936,0.15263478082522403,0.3258579652963824,7.142074042715326,23.583783724849223,51.86846678006971,6.300000000000001,3.7335029604047802,22.942061209310523,2.345469967135971,27.772783022833778,19.771287706729186,200.46216166121837,6.342074042715327,0.7838663054140691,3.4269197881979974,0.7009187539181098,0.7540249342851122,0.06021435558754783,0.7487838189786442,0.6896636306988008,11.100000000000001,16.094802605080016,1.0,synthetic,SPEC_V1,2026-10-07
OOD00049,5,37,ood,0.5215072538783936,0.15263478082522403,0.3258579652963824,7.142074042715326,23.583783724849223,51.86846678006971,6.300000000000001,3.7335029604047802,22.942061209310523,2.345469967135971,27.772783022833778,19.771287706729186,200.46216166121837,6.342074042715327,0.7838663054140691,3.4269197881979974,0.7009187539181098,0.7540249342851122,0.06021435558754783,0.7487838189786442,0.6933205038607244,12.3,17.74071289037032,1.0,synthetic,SPEC_V1,2026-10-07
OOD00049,6,37,ood,0.5215072538783936,0.15263478082522403,0.3258579652963824,7.142074042715326,23.583783724849223,51.86846678006971,6.300000000000001,3.7335029604047802,22.942061209310523,2.345469967135971,27.772783022833778,19.771287706729186,200.46216166121837,6.342074042715327,0.7838663054140691,3.4269197881979974,0.7009187539181098,0.7540249342851122,0.06021435558754783,0.7487838189786442,0.7077738420486804,11.5,16.24812802732689,1.0,synthetic,SPEC_V1,2026-10-07
OOD00049,7,37,ood,0.5215072538783936,0.15263478082522403,0.3258579652963824,7.142074042715326,23.583783724849223,51.86846678006971,6.300000000000001,3.7335029604047802,22.942061209310523,2.345469967135971,27.772783022833778,19.771287706729186,200.46216166121837,6.342074042715327,0.7838663054140691,3.4269197881979974,0.7009187539181098,0.7540249342851122,0.06021435558754783,0.7487838189786442,0.7098483703319293,11.0,15.496267174433795,1.0,synthetic,SPEC_V1,2026-10-07
OOD00050,0,37,ood,0.5620857650971742,0.08379779588478704,0.3541164390180387,7.457902765492462,26.92071711063793,44.24585500430558,7.5,1.5139834080127652,20.932911209520814,2.0334537982222525,29.359392741020258,76.19943495284643,228.8260954404224,7.457902765492462,0.9723729848611709,2.1476137131488833,0.6036447006401237,0.8864321659781329,0.048827732985373413,0.640163889264239,0.7289469539112414,58.2,79.84120063568658,0.0,synthetic,SPEC_V1,2026-10-07
OOD00050,1,37,ood,0.5620857650971742,0.08379779588478704,0.3541164390180387,7.457902765492462,26.92071711063793,44.24585500430558,7.5,1.5139834080127652,20.932911209520814,2.0334537982222525,29.359392741020258,76.19943495284643,228.8260954404224,7.457902765492462,0.9723729848611709,2.1476137131488833,0.6036447006401237,0.8864321659781329,0.048827732985373413,0.640163889264239,0.7244391549506105,62.2,85.85952260440777,0.0,synthetic,SPEC_V1,2026-10-07
OOD00050,2,37,ood,0.5620857650971742,0.08379779588478704,0.3541164390180387,7.457902765492462,26.92071711063793,44.24585500430558,7.5,1.5139834080127652,20.932911209520814,2.0334537982222525,29.359392741020258,76.19943495284643,228.8260954404224,7.457902765492462,0.9723729848611709,2.1476137131488833,0.6036447006401237,0.8864321659781329,0.048827732985373413,0.640163889264239,0.7325767073997898,61.5,83.95025309812034,0.0,synthetic,SPEC_V1,2026-10-07
OOD00050,3,37,ood,0.5620857650971742,0.08379779588478704,0.3541164390180387,7.457902765492462,26.92071711063793,44.24585500430558,7.5,1.5139834080127652,20.932911209520814,2.0334537982222525,29.359392741020258,76.19943495284643,228.8260954404224,7.457902765492462,0.9723729848611709,2.1476137131488833,0.6036447006401237,0.8864321659781329,0.048827732985373413,0.640163889264239,0.7248231396312245,61.5,84.84828455020072,0.0,synthetic,SPEC_V1,2026-10-07
OOD00050,4,37,ood,0.5620857650971742,0.08379779588478704,0.3541164390180387,7.457902765492462,26.92071711063793,44.24585500430558,7.5,1.5139834080127652,20.932911209520814,2.0334537982222525,29.359392741020258,76.19943495284643,228.8260954404224,7.457902765492462,0.9723729848611709,2.1476137131488833,0.6036447006401237,0.8864321659781329,0.048827732985373413,0.640163889264239,0.7300177108341314,58.900000000000006,80.68297402360253,0.0,synthetic,SPEC_V1,2026-10-07
OOD00050,5,37,ood,0.5620857650971742,0.08379779588478704,0.3541164390180387,7.457902765492462,26.92071711063793,44.24585500430558,7.5,1.5139834080127652,20.932911209520814,2.0334537982222525,29.359392741020258,76.19943495284643,228.8260954404224,7.457902765492462,0.9723729848611709,2.1476137131488833,0.6036447006401237,0.8864321659781329,0.048827732985373413,0.640163889264239,0.734013785652102,56.800000000000004,77.38274281802292,0.0,synthetic,SPEC_V1,2026-10-07
OOD00050,6,37,ood,0.5620857650971742,0.08379779588478704,0.3541164390180387,7.457902765492462,26.92071711063793,44.24585500430558,7.5,1.5139834080127652,20.932911209520814,2.0334537982222525,29.359392741020258,76.19943495284643,228.8260954404224,7.457902765492462,0.9723729848611709,2.1476137131488833,0.6036447006401237,0.8864321659781329,0.048827732985373413,0.640163889264239,0.723922237413244,55.6,76.80382937077988,0.0,synthetic,SPEC_V1,2026-10-07
OOD00050,7,37,ood,0.5620857650971742,0.08379779588478704,0.3541164390180387,7.457902765492462,26.92071711063793,44.24585500430558,7.5,1.5139834080127652,20.932911209520814,2.0334537982222525,29.359392741020258,76.19943495284643,228.8260954404224,7.457902765492462,0.9723729848611709,2.1476137131488833,0.6036447006401237,0.8864321659781329,0.048827732985373413,0.640163889264239,0.7285255733467678,62.6,85.92697674622781,0.0,synthetic,SPEC_V1,2026-10-07
OOD00051,0,37,ood,0.541155661639231,0.12304453890210403,0.33579979945866495,6.547526280155899,26.250985858728768,46.60007719338144,6.300000000000001,1.9128469942222321,21.177899111892565,2.217834717768791,25.22303880365142,39.682334312087555,223.13337979919453,6.326989496587947,0.8991377302692438,3.0749985090787137,0.6404415750746563,0.7919813502026787,0.02159213925664972,0.36699448651389666,0.6996418645562245,17.7,25.29865763711399,0.27567097945993946,synthetic,SPEC_V1,2026-10-07
OOD00051,1,37,ood,0.541155661639231,0.12304453890210403,0.33579979945866495,6.547526280155899,26.250985858728768,46.60007719338144,6.300000000000001,1.9128469942222321,21.177899111892565,2.217834717768791,25.22303880365142,39.682334312087555,223.13337979919453,6.326989496587947,0.8991377302692438,3.0749985090787137,0.6404415750746563,0.7919813502026787,0.02159213925664972,0.36699448651389666,0.7099617713289039,17.3,24.367509207739342,0.27567097945993946,synthetic,SPEC_V1,2026-10-07
OOD00051,2,37,ood,0.541155661639231,0.12304453890210403,0.33579979945866495,6.547526280155899,26.250985858728768,46.60007719338144,6.300000000000001,1.9128469942222321,21.177899111892565,2.217834717768791,25.22303880365142,39.682334312087555,223.13337979919453,6.326989496587947,0.8991377302692438,3.0749985090787137,0.6404415750746563,0.7919813502026787,0.02159213925664972,0.36699448651389666,0.7227911410567843,17.7,24.48840196646716,0.27567097945993946,synthetic,SPEC_V1,2026-10-07
OOD00051,3,37,ood,0.541155661639231,0.12304453890210403,0.33579979945866495,6.547526280155899,26.250985858728768,46.60007719338144,6.300000000000001,1.9128469942222321,21.177899111892565,2.217834717768791,25.22303880365142,39.682334312087555,223.13337979919453,6.326989496587947,0.8991377302692438,3.0749985090787137,0.6404415750746563,0.7919813502026787,0.02159213925664972,0.36699448651389666,0.7140651629751197,19.200000000000003,26.888302350452282,0.27567097945993946,synthetic,SPEC_V1,2026-10-07
OOD00051,4,37,ood,0.541155661639231,0.12304453890210403,0.33579979945866495,6.547526280155899,26.250985858728768,46.60007719338144,6.300000000000001,1.9128469942222321,21.177899111892565,2.217834717768791,25.22303880365142,39.682334312087555,223.13337979919453,6.326989496587947,0.8991377302692438,3.0749985090787137,0.6404415750746563,0.7919813502026787,0.02159213925664972,0.36699448651389666,0.7239393074563057,17.400000000000002,24.03516402657857,0.27567097945993946,synthetic,SPEC_V1,2026-10-07
OOD00051,5,37,ood,0.541155661639231,0.12304453890210403,0.33579979945866495,6.547526280155899,26.250985858728768,46.60007719338144,6.300000000000001,1.9128469942222321,21.177899111892565,2.217834717768791,25.22303880365142,39.682334312087555,223.13337979919453,6.326989496587947,0.8991377302692438,3.0749985090787137,0.6404415750746563,0.7919813502026787,0.02159213925664972,0.36699448651389666,0.7048193701054621,18.900000000000002,26.81538107724252,0.27567097945993946,synthetic,SPEC_V1,2026-10-07
OOD00051,6,37,ood,0.541155661639231,0.12304453890210403,0.33579979945866495,6.547526280155899,26.250985858728768,46.60007719338144,6.300000000000001,1.9128469942222321,21.177899111892565,2.217834717768791,25.22303880365142,39.682334312087555,223.13337979919453,6.326989496587947,0.8991377302692438,3.0749985090787137,0.6404415750746563,0.7919813502026787,0.02159213925664972,0.36699448651389666,0.7092971973832262,17.3,24.39034027460422,0.27567097945993946,synthetic,SPEC_V1,2026-10-07
OOD00051,7,37,ood,0.541155661639231,0.12304453890210403,0.33579979945866495,6.547526280155899,26.250985858728768,46.60007719338144,6.300000000000001,1.9128469942222321,21.177899111892565,2.217834717768791,25.22303880365142,39.682334312087555,223.13337979919453,6.326989496587947,0.8991377302692438,3.0749985090787137,0.6404415750746563,0.7919813502026787,0.02159213925664972,0.36699448651389666,0.7073218619106272,19.200000000000003,27.1446438091659,0.27567097945993946,synthetic,SPEC_V1,2026-10-07
OOD00052,0,37,ood,0.5748251182017671,0.11392851607288322,0.31124636572534975,6.7829304788692015,23.260661625089014,42.37311516590033,6.0,3.111605106606658,33.256927303705794,1.8902241894603742,25.347482507963342,13.546504155015098,197.7156238132566,5.9912408842243225,0.7384592323079584,2.5228501340524985,0.7253231327697315,0.8497626122273063,0.01959915914802342,0.44454893991505207,0.6994983852137197,2.2,3.1451109059069924,0.989611993306099,synthetic,SPEC_V1,2026-10-07
OOD00052,1,37,ood,0.5748251182017671,0.11392851607288322,0.31124636572534975,6.7829304788692015,23.260661625089014,42.37311516590033,6.0,3.111605106606658,33.256927303705794,1.8902241894603742,25.347482507963342,13.546504155015098,197.7156238132566,5.9912408842243225,0.7384592323079584,2.5228501340524985,0.7253231327697315,0.8497626122273063,0.01959915914802342,0.44454893991505207,0.6973784594614523,2.3000000000000003,3.2980657328822085,0.989611993306099,synthetic,SPEC_V1,2026-10-07
OOD00052,2,37,ood,0.5748251182017671,0.11392851607288322,0.31124636572534975,6.7829304788692015,23.260661625089014,42.37311516590033,6.0,3.111605106606658,33.256927303705794,1.8902241894603742,25.347482507963342,13.546504155015098,197.7156238132566,5.9912408842243225,0.7384592323079584,2.5228501340524985,0.7253231327697315,0.8497626122273063,0.01959915914802342,0.44454893991505207,0.6980589173919814,2.1,3.008342057781902,0.989611993306099,synthetic,SPEC_V1,2026-10-07
OOD00052,3,37,ood,0.5748251182017671,0.11392851607288322,0.31124636572534975,6.7829304788692015,23.260661625089014,42.37311516590033,6.0,3.111605106606658,33.256927303705794,1.8902241894603742,25.347482507963342,13.546504155015098,197.7156238132566,5.9912408842243225,0.7384592323079584,2.5228501340524985,0.7253231327697315,0.8497626122273063,0.01959915914802342,0.44454893991505207,0.7052746923681277,2.3000000000000003,3.261140694382784,0.989611993306099,synthetic,SPEC_V1,2026-10-07
OOD00052,4,37,ood,0.5748251182017671,0.11392851607288322,0.31124636572534975,6.7829304788692015,23.260661625089014,42.37311516590033,6.0,3.111605106606658,33.256927303705794,1.8902241894603742,25.347482507963342,13.546504155015098,197.7156238132566,5.9912408842243225,0.7384592323079584,2.5228501340524985,0.7253231327697315,0.8497626122273063,0.01959915914802342,0.44454893991505207,0.7033843646507216,2.2,3.127735148182389,0.989611993306099,synthetic,SPEC_V1,2026-10-07
OOD00052,5,37,ood,0.5748251182017671,0.11392851607288322,0.31124636572534975,6.7829304788692015,23.260661625089014,42.37311516590033,6.0,3.111605106606658,33.256927303705794,1.8902241894603742,25.347482507963342,13.546504155015098,197.7156238132566,5.9912408842243225,0.7384592323079584,2.5228501340524985,0.7253231327697315,0.8497626122273063,0.01959915914802342,0.44454893991505207,0.7099659816448926,2.3000000000000003,3.239591838852926,0.989611993306099,synthetic,SPEC_V1,2026-10-07
OOD00052,6,37,ood,0.5748251182017671,0.11392851607288322,0.31124636572534975,6.7829304788692015,23.260661625089014,42.37311516590033,6.0,3.111605106606658,33.256927303705794,1.8902241894603742,25.347482507963342,13.546504155015098,197.7156238132566,5.9912408842243225,0.7384592323079584,2.5228501340524985,0.7253231327697315,0.8497626122273063,0.01959915914802342,0.44454893991505207,0.6879555975640497,2.1,3.0525225863933567,0.989611993306099,synthetic,SPEC_V1,2026-10-07
OOD00052,7,37,ood,0.5748251182017671,0.11392851607288322,0.31124636572534975,6.7829304788692015,23.260661625089014,42.37311516590033,6.0,3.111605106606658,33.256927303705794,1.8902241894603742,25.347482507963342,13.546504155015098,197.7156238132566,5.9912408842243225,0.7384592323079584,2.5228501340524985,0.7253231327697315,0.8497626122273063,0.01959915914802342,0.44454893991505207,0.6890926924973996,2.4000000000000004,3.4828405904319717,0.989611993306099,synthetic,SPEC_V1,2026-10-07
OOD00053,0,37,ood,0.5227889014675335,0.11972312223039605,0.35748797630207046,7.097104531825794,22.19062279114022,32.22785163530386,6.800000000000001,2.0210945922153036,29.582506538084125,2.68485389710113,32.498293058459666,38.23025270596918,188.6202937246919,6.795747249432091,0.8091538451177067,2.529207573842263,0.68743944936192,0.8491188667846761,0.08943836890831144,0.9290522176927423,0.72356178853332,130.3,180.0813725447301,0.3766966029921286,synthetic,SPEC_V1,2026-10-07
OOD00053,1,37,ood,0.5227889014675335,0.11972312223039605,0.35748797630207046,7.097104531825794,22.19062279114022,32.22785163530386,6.800000000000001,2.0210945922153036,29.582506538084125,2.68485389710113,32.498293058459666,38.23025270596918,188.6202937246919,6.795747249432091,0.8091538451177067,2.529207573842263,0.68743944936192,0.8491188667846761,0.08943836890831144,0.9290522176927423,0.7338387000587455,136.0,185.32682998200133,0.3766966029921286,synthetic,SPEC_V1,2026-10-07
OOD00053,2,37,ood,0.5227889014675335,0.11972312223039605,0.35748797630207046,7.097104531825794,22.19062279114022,32.22785163530386,6.800000000000001,2.0210945922153036,29.582506538084125,2.68485389710113,32.498293058459666,38.23025270596918,188.6202937246919,6.795747249432091,0.8091538451177067,2.529207573842263,0.68743944936192,0.8491188667846761,0.08943836890831144,0.9290522176927423,0.7218061634880161,131.4,182.04333330298806,0.3766966029921286,synthetic,SPEC_V1,2026-10-07
OOD00053,3,37,ood,0.5227889014675335,0.11972312223039605,0.35748797630207046,7.097104531825794,22.19062279114022,32.22785163530386,6.800000000000001,2.0210945922153036,29.582506538084125,2.68485389710113,32.498293058459666,38.23025270596918,188.6202937246919,6.795747249432091,0.8091538451177067,2.529207573842263,0.68743944936192,0.8491188667846761,0.08943836890831144,0.9290522176927423,0.7376978015684381,126.10000000000001,170.93720454621877,0.3766966029921286,synthetic,SPEC_V1,2026-10-07
OOD00053,4,37,ood,0.5227889014675335,0.11972312223039605,0.35748797630207046,7.097104531825794,22.19062279114022,32.22785163530386,6.800000000000001,2.0210945922153036,29.582506538084125,2.68485389710113,32.498293058459666,38.23025270596918,188.6202937246919,6.795747249432091,0.8091538451177067,2.529207573842263,0.68743944936192,0.8491188667846761,0.08943836890831144,0.9290522176927423,0.734742181688147,114.4,155.7008741993743,0.3766966029921286,synthetic,SPEC_V1,2026-10-07
OOD00053,5,37,ood,0.5227889014675335,0.11972312223039605,0.35748797630207046,7.097104531825794,22.19062279114022,32.22785163530386,6.800000000000001,2.0210945922153036,29.582506538084125,2.68485389710113,32.498293058459666,38.23025270596918,188.6202937246919,6.795747249432091,0.8091538451177067,2.529207573842263,0.68743944936192,0.8491188667846761,0.08943836890831144,0.9290522176927423,0.7249685072990363,131.3,181.11131542689364,0.3766966029921286,synthetic,SPEC_V1,2026-10-07
OOD00053,6,37,ood,0.5227889014675335,0.11972312223039605,0.35748797630207046,7.097104531825794,22.19062279114022,32.22785163530386,6.800000000000001,2.0210945922153036,29.582506538084125,2.68485389710113,32.498293058459666,38.23025270596918,188.6202937246919,6.795747249432091,0.8091538451177067,2.529207573842263,0.68743944936192,0.8491188667846761,0.08943836890831144,0.9290522176927423,0.734748394134035,127.10000000000001,172.98438623986164,0.3766966029921286,synthetic,SPEC_V1,2026-10-07
OOD00053,7,37,ood,0.5227889014675335,0.11972312223039605,0.35748797630207046,7.097104531825794,22.19062279114022,32.22785163530386,6.800000000000001,2.0210945922153036,29.582506538084125,2.68485389710113,32.498293058459666,38.23025270596918,188.6202937246919,6.795747249432091,0.8091538451177067,2.529207573842263,0.68743944936192,0.8491188667846761,0.08943836890831144,0.9290522176927423,0.7302308458788086,121.5,166.38574046235857,0.3766966029921286,synthetic,SPEC_V1,2026-10-07
OOD00054,0,37,ood,0.5482912161180817,0.12803064937727443,0.3236781345046437,6.950665014892888,22.8332226220196,45.67551520071341,6.2,3.1849775942911873,26.340530489766106,1.2561049888979663,32.24199896413515,71.65604578734292,194.08239228716658,6.150665014892888,0.7538427201085024,2.783031408328736,0.717031901418703,0.8229462313529713,0.021411264501033707,0.4310621431038556,0.7133104965952427,2.6,3.6449765037949957,1.0,synthetic,SPEC_V1,2026-10-07
OOD00054,1,37,ood,0.5482912161180817,0.12803064937727443,0.3236781345046437,6.950665014892888,22.8332226220196,45.67551520071341,6.2,3.1849775942911873,26.340530489766106,1.2561049888979663,32.24199896413515,71.65604578734292,194.08239228716658,6.150665014892888,0.7538427201085024,2.783031408328736,0.717031901418703,0.8229462313529713,0.021411264501033707,0.4310621431038556,0.705158395053193,2.8000000000000003,3.9707390844985753,1.0,synthetic,SPEC_V1,2026-10-07
OOD00054,2,37,ood,0.5482912161180817,0.12803064937727443,0.3236781345046437,6.950665014892888,22.8332226220196,45.67551520071341,6.2,3.1849775942911873,26.340530489766106,1.2561049888979663,32.24199896413515,71.65604578734292,194.08239228716658,6.150665014892888,0.7538427201085024,2.783031408328736,0.717031901418703,0.8229462313529713,0.021411264501033707,0.4310621431038556,0.720078031172166,2.6,3.6107197934752118,1.0,synthetic,SPEC_V1,2026-10-07
OOD00054,3,37,ood,0.5482912161180817,0.12803064937727443,0.3236781345046437,6.950665014892888,22.8332226220196,45.67551520071341,6.2,3.1849775942911873,26.340530489766106,1.2561049888979663,32.24199896413515,71.65604578734292,194.08239228716658,6.150665014892888,0.7538427201085024,2.783031408328736,0.717031901418703,0.8229462313529713,0.021411264501033707,0.4310621431038556,0.7216028706557837,2.6,3.6030898791147443,1.0,synthetic,SPEC_V1,2026-10-07
OOD00054,4,37,ood,0.5482912161180817,0.12803064937727443,0.3236781345046437,6.950665014892888,22.8332226220196,45.67551520071341,6.2,3.1849775942911873,26.340530489766106,1.2561049888979663,32.24199896413515,71.65604578734292,194.08239228716658,6.150665014892888,0.7538427201085024,2.783031408328736,0.717031901418703,0.8229462313529713,0.021411264501033707,0.4310621431038556,0.7199157776216271,2.6,3.6115335721486392,1.0,synthetic,SPEC_V1,2026-10-07
OOD00054,5,37,ood,0.5482912161180817,0.12803064937727443,0.3236781345046437,6.950665014892888,22.8332226220196,45.67551520071341,6.2,3.1849775942911873,26.340530489766106,1.2561049888979663,32.24199896413515,71.65604578734292,194.08239228716658,6.150665014892888,0.7538427201085024,2.783031408328736,0.717031901418703,0.8229462313529713,0.021411264501033707,0.4310621431038556,0.7048452823825684,2.7,3.83062789449802,1.0,synthetic,SPEC_V1,2026-10-07
OOD00054,6,37,ood,0.5482912161180817,0.12803064937727443,0.3236781345046437,6.950665014892888,22.8332226220196,45.67551520071341,6.2,3.1849775942911873,26.340530489766106,1.2561049888979663,32.24199896413515,71.65604578734292,194.08239228716658,6.150665014892888,0.7538427201085024,2.783031408328736,0.717031901418703,0.8229462313529713,0.021411264501033707,0.4310621431038556,0.716945092283008,2.4000000000000004,3.347536688419956,1.0,synthetic,SPEC_V1,2026-10-07
OOD00054,7,37,ood,0.5482912161180817,0.12803064937727443,0.3236781345046437,6.950665014892888,22.8332226220196,45.67551520071341,6.2,3.1849775942911873,26.340530489766106,1.2561049888979663,32.24199896413515,71.65604578734292,194.08239228716658,6.150665014892888,0.7538427201085024,2.783031408328736,0.717031901418703,0.8229462313529713,0.021411264501033707,0.4310621431038556,0.704444508790617,2.6,3.6908513978817905,1.0,synthetic,SPEC_V1,2026-10-07
OOD00055,0,37,ood,0.5309252063874548,0.12581631031604595,0.34325848329649933,6.612760026803243,27.160995255456054,30.17639330004013,5.9,2.8889356017947785,24.744589067955555,2.374298074587033,28.502884583602928,6.074728985604208,230.86845967137646,5.85194661251043,0.9509706876935484,3.2532659895905613,0.6142439987049446,0.7728018469507373,0.013443400780501491,0.28297991626681873,0.7174951123500786,0.5,0.6968688586076962,0.9510167678660169,synthetic,SPEC_V1,2026-10-07
OOD00055,1,37,ood,0.5309252063874548,0.12581631031604595,0.34325848329649933,6.612760026803243,27.160995255456054,30.17639330004013,5.9,2.8889356017947785,24.744589067955555,2.374298074587033,28.502884583602928,6.074728985604208,230.86845967137646,5.85194661251043,0.9509706876935484,3.2532659895905613,0.6142439987049446,0.7728018469507373,0.013443400780501491,0.28297991626681873,0.7181583986616111,0.5,0.6962252351734939,0.9510167678660169,synthetic,SPEC_V1,2026-10-07
OOD00055,2,37,ood,0.5309252063874548,0.12581631031604595,0.34325848329649933,6.612760026803243,27.160995255456054,30.17639330004013,5.9,2.8889356017947785,24.744589067955555,2.374298074587033,28.502884583602928,6.074728985604208,230.86845967137646,5.85194661251043,0.9509706876935484,3.2532659895905613,0.6142439987049446,0.7728018469507373,0.013443400780501491,0.28297991626681873,0.7275996972562772,0.5,0.6871910500862792,0.9510167678660169,synthetic,SPEC_V1,2026-10-07
OOD00055,3,37,ood,0.5309252063874548,0.12581631031604595,0.34325848329649933,6.612760026803243,27.160995255456054,30.17639330004013,5.9,2.8889356017947785,24.744589067955555,2.374298074587033,28.502884583602928,6.074728985604208,230.86845967137646,5.85194661251043,0.9509706876935484,3.2532659895905613,0.6142439987049446,0.7728018469507373,0.013443400780501491,0.28297991626681873,0.7215255321221086,0.5,0.6929761702672244,0.9510167678660169,synthetic,SPEC_V1,2026-10-07
OOD00055,4,37,ood,0.5309252063874548,0.12581631031604595,0.34325848329649933,6.612760026803243,27.160995255456054,30.17639330004013,5.9,2.8889356017947785,24.744589067955555,2.374298074587033,28.502884583602928,6.074728985604208,230.86845967137646,5.85194661251043,0.9509706876935484,3.2532659895905613,0.6142439987049446,0.7728018469507373,0.013443400780501491,0.28297991626681873,0.7219984455854455,0.5,0.6925222665743636,0.9510167678660169,synthetic,SPEC_V1,2026-10-07
OOD00055,5,37,ood,0.5309252063874548,0.12581631031604595,0.34325848329649933,6.612760026803243,27.160995255456054,30.17639330004013,5.9,2.8889356017947785,24.744589067955555,2.374298074587033,28.502884583602928,6.074728985604208,230.86845967137646,5.85194661251043,0.9509706876935484,3.2532659895905613,0.6142439987049446,0.7728018469507373,0.013443400780501491,0.28297991626681873,0.7214022828582742,0.5,0.6930945630209897,0.9510167678660169,synthetic,SPEC_V1,2026-10-07
OOD00055,6,37,ood,0.5309252063874548,0.12581631031604595,0.34325848329649933,6.612760026803243,27.160995255456054,30.17639330004013,5.9,2.8889356017947785,24.744589067955555,2.374298074587033,28.502884583602928,6.074728985604208,230.86845967137646,5.85194661251043,0.9509706876935484,3.2532659895905613,0.6142439987049446,0.7728018469507373,0.013443400780501491,0.28297991626681873,0.7225926408006073,0.5,0.691952798531158,0.9510167678660169,synthetic,SPEC_V1,2026-10-07
OOD00055,7,37,ood,0.5309252063874548,0.12581631031604595,0.34325848329649933,6.612760026803243,27.160995255456054,30.17639330004013,5.9,2.8889356017947785,24.744589067955555,2.374298074587033,28.502884583602928,6.074728985604208,230.86845967137646,5.85194661251043,0.9509706876935484,3.2532659895905613,0.6142439987049446,0.7728018469507373,0.013443400780501491,0.28297991626681873,0.7320009127425596,0.5,0.6830592575720559,0.9510167678660169,synthetic,SPEC_V1,2026-10-07
OOD00056,0,37,ood,0.525797031223219,0.13386386532998687,0.3403391034467942,7.151202952582281,27.253391689302724,31.434507459118315,7.1000000000000005,1.5877096036594696,23.716934085065063,1.1475009243546028,25.691661142618404,43.02731020328134,231.65382935907317,7.087213921335132,0.9460902791290035,3.473128625847857,0.6166794270651159,0.7490227990823829,0.09808867218460943,0.9023497022680639,0.7282606582491746,91.5,125.64182750167625,0.07998628905893668,synthetic,SPEC_V1,2026-10-07
OOD00056,1,37,ood,0.525797031223219,0.13386386532998687,0.3403391034467942,7.151202952582281,27.253391689302724,31.434507459118315,7.1000000000000005,1.5877096036594696,23.716934085065063,1.1475009243546028,25.691661142618404,43.02731020328134,231.65382935907317,7.087213921335132,0.9460902791290035,3.473128625847857,0.6166794270651159,0.7490227990823829,0.09808867218460943,0.9023497022680639,0.7032857866281129,87.60000000000001,124.55818340933085,0.07998628905893668,synthetic,SPEC_V1,2026-10-07
OOD00056,2,37,ood,0.525797031223219,0.13386386532998687,0.3403391034467942,7.151202952582281,27.253391689302724,31.434507459118315,7.1000000000000005,1.5877096036594696,23.716934085065063,1.1475009243546028,25.691661142618404,43.02731020328134,231.65382935907317,7.087213921335132,0.9460902791290035,3.473128625847857,0.6166794270651159,0.7490227990823829,0.09808867218460943,0.9023497022680639,0.7169247368343715,91.10000000000001,127.0705212408461,0.07998628905893668,synthetic,SPEC_V1,2026-10-07
OOD00056,3,37,ood,0.525797031223219,0.13386386532998687,0.3403391034467942,7.151202952582281,27.253391689302724,31.434507459118315,7.1000000000000005,1.5877096036594696,23.716934085065063,1.1475009243546028,25.691661142618404,43.02731020328134,231.65382935907317,7.087213921335132,0.9460902791290035,3.473128625847857,0.6166794270651159,0.7490227990823829,0.09808867218460943,0.9023497022680639,0.7294133126532936,80.0,109.67718659945241,0.07998628905893668,synthetic,SPEC_V1,2026-10-07
OOD00056,4,37,ood,0.525797031223219,0.13386386532998687,0.3403391034467942,7.151202952582281,27.253391689302724,31.434507459118315,7.1000000000000005,1.5877096036594696,23.716934085065063,1.1475009243546028,25.691661142618404,43.02731020328134,231.65382935907317,7.087213921335132,0.9460902791290035,3.473128625847857,0.6166794270651159,0.7490227990823829,0.09808867218460943,0.9023497022680639,0.7248514908850806,91.80000000000001,126.64663197134013,0.07998628905893668,synthetic,SPEC_V1,2026-10-07
OOD00056,5,37,ood,0.525797031223219,0.13386386532998687,0.3403391034467942,7.151202952582281,27.253391689302724,31.434507459118315,7.1000000000000005,1.5877096036594696,23.716934085065063,1.1475009243546028,25.691661142618404,43.02731020328134,231.65382935907317,7.087213921335132,0.9460902791290035,3.473128625847857,0.6166794270651159,0.7490227990823829,0.09808867218460943,0.9023497022680639,0.727725330596943,85.2,117.0771394340659,0.07998628905893668,synthetic,SPEC_V1,2026-10-07
OOD00056,6,37,ood,0.525797031223219,0.13386386532998687,0.3403391034467942,7.151202952582281,27.253391689302724,31.434507459118315,7.1000000000000005,1.5877096036594696,23.716934085065063,1.1475009243546028,25.691661142618404,43.02731020328134,231.65382935907317,7.087213921335132,0.9460902791290035,3.473128625847857,0.6166794270651159,0.7490227990823829,0.09808867218460943,0.9023497022680639,0.7130925440896477,88.7,124.38778211211941,0.07998628905893668,synthetic,SPEC_V1,2026-10-07
OOD00056,7,37,ood,0.525797031223219,0.13386386532998687,0.3403391034467942,7.151202952582281,27.253391689302724,31.434507459118315,7.1000000000000005,1.5877096036594696,23.716934085065063,1.1475009243546028,25.691661142618404,43.02731020328134,231.65382935907317,7.087213921335132,0.9460902791290035,3.473128625847857,0.6166794270651159,0.7490227990823829,0.09808867218460943,0.9023497022680639,0.7287968329185255,84.60000000000001,116.08173386430963,0.07998628905893668,synthetic,SPEC_V1,2026-10-07
OOD00057,0,37,ood,0.574136687417744,0.054019584722718283,0.3718437278595377,7.329503140646449,26.408587324882653,43.60539297166889,6.6000000000000005,2.9847239295228922,25.561879602338884,1.7752995362292614,26.195791244203413,33.41129259912828,224.47299226150255,6.621702837563479,1.0016264909556272,1.3581050362244202,0.5893775435776905,0.9512623561962131,0.059603390167777034,0.7820685430645472,0.7372390573274998,34.1,46.25365362981839,0.8847503788537121,synthetic,SPEC_V1,2026-10-07
OOD00057,1,37,ood,0.574136687417744,0.054019584722718283,0.3718437278595377,7.329503140646449,26.408587324882653,43.60539297166889,6.6000000000000005,2.9847239295228922,25.561879602338884,1.7752995362292614,26.195791244203413,33.41129259912828,224.47299226150255,6.621702837563479,1.0016264909556272,1.3581050362244202,0.5893775435776905,0.9512623561962131,0.059603390167777034,0.7820685430645472,0.7443575700068643,30.5,40.97493090547697,0.8847503788537121,synthetic,SPEC_V1,2026-10-07
OOD00057,2,37,ood,0.574136687417744,0.054019584722718283,0.3718437278595377,7.329503140646449,26.408587324882653,43.60539297166889,6.6000000000000005,2.9847239295228922,25.561879602338884,1.7752995362292614,26.195791244203413,33.41129259912828,224.47299226150255,6.621702837563479,1.0016264909556272,1.3581050362244202,0.5893775435776905,0.9512623561962131,0.059603390167777034,0.7820685430645472,0.75,33.0,44.0,0.8847503788537121,synthetic,SPEC_V1,2026-10-07
OOD00057,3,37,ood,0.574136687417744,0.054019584722718283,0.3718437278595377,7.329503140646449,26.408587324882653,43.60539297166889,6.6000000000000005,2.9847239295228922,25.561879602338884,1.7752995362292614,26.195791244203413,33.41129259912828,224.47299226150255,6.621702837563479,1.0016264909556272,1.3581050362244202,0.5893775435776905,0.9512623561962131,0.059603390167777034,0.7820685430645472,0.7362726496671889,32.7,44.41289516156971,0.8847503788537121,synthetic,SPEC_V1,2026-10-07
OOD00057,4,37,ood,0.574136687417744,0.054019584722718283,0.3718437278595377,7.329503140646449,26.408587324882653,43.60539297166889,6.6000000000000005,2.9847239295228922,25.561879602338884,1.7752995362292614,26.195791244203413,33.41129259912828,224.47299226150255,6.621702837563479,1.0016264909556272,1.3581050362244202,0.5893775435776905,0.9512623561962131,0.059603390167777034,0.7820685430645472,0.7453840932498069,32.4,43.46752270864668,0.8847503788537121,synthetic,SPEC_V1,2026-10-07
OOD00057,5,37,ood,0.574136687417744,0.054019584722718283,0.3718437278595377,7.329503140646449,26.408587324882653,43.60539297166889,6.6000000000000005,2.9847239295228922,25.561879602338884,1.7752995362292614,26.195791244203413,33.41129259912828,224.47299226150255,6.621702837563479,1.0016264909556272,1.3581050362244202,0.5893775435776905,0.9512623561962131,0.059603390167777034,0.7820685430645472,0.7358833600744006,33.0,44.844063326372236,0.8847503788537121,synthetic,SPEC_V1,2026-10-07
OOD00057,6,37,ood,0.574136687417744,0.054019584722718283,0.3718437278595377,7.329503140646449,26.408587324882653,43.60539297166889,6.6000000000000005,2.9847239295228922,25.561879602338884,1.7752995362292614,26.195791244203413,33.41129259912828,224.47299226150255,6.621702837563479,1.0016264909556272,1.3581050362244202,0.5893775435776905,0.9512623561962131,0.059603390167777034,0.7820685430645472,0.748025029227387,32.4,43.31405866654623,0.8847503788537121,synthetic,SPEC_V1,2026-10-07
OOD00057,7,37,ood,0.574136687417744,0.054019584722718283,0.3718437278595377,7.329503140646449,26.408587324882653,43.60539297166889,6.6000000000000005,2.9847239295228922,25.561879602338884,1.7752995362292614,26.195791244203413,33.41129259912828,224.47299226150255,6.621702837563479,1.0016264909556272,1.3581050362244202,0.5893775435776905,0.9512623561962131,0.059603390167777034,0.7820685430645472,0.7270570827801186,32.7,44.975835838036055,0.8847503788537121,synthetic,SPEC_V1,2026-10-07
OOD00058,0,37,ood,0.5846546251099851,0.08992758420417601,0.32541779068583887,7.311161141224694,26.878671843611748,34.26168356109598,6.5,3.422197056083168,31.445260511052226,2.8205692618228944,27.111445867765543,24.315955538631837,228.4687106706998,6.511161141224695,0.8921733968076152,2.301111592288195,0.644014825641024,0.8717738256313922,0.09679821781922215,0.9451935030501571,0.7221826552929163,27.200000000000003,37.663601861176964,1.0,synthetic,SPEC_V1,2026-10-07
OOD00058,1,37,ood,0.5846546251099851,0.08992758420417601,0.32541779068583887,7.311161141224694,26.878671843611748,34.26168356109598,6.5,3.422197056083168,31.445260511052226,2.8205692618228944,27.111445867765543,24.315955538631837,228.4687106706998,6.511161141224695,0.8921733968076152,2.301111592288195,0.644014825641024,0.8717738256313922,0.09679821781922215,0.9451935030501571,0.7067204204414215,25.0,35.374667657664205,1.0,synthetic,SPEC_V1,2026-10-07
OOD00058,2,37,ood,0.5846546251099851,0.08992758420417601,0.32541779068583887,7.311161141224694,26.878671843611748,34.26168356109598,6.5,3.422197056083168,31.445260511052226,2.8205692618228944,27.111445867765543,24.315955538631837,228.4687106706998,6.511161141224695,0.8921733968076152,2.301111592288195,0.644014825641024,0.8717738256313922,0.09679821781922215,0.9451935030501571,0.7093713822252983,26.400000000000002,37.21604883070303,1.0,synthetic,SPEC_V1,2026-10-07
OOD00058,3,37,ood,0.5846546251099851,0.08992758420417601,0.32541779068583887,7.311161141224694,26.878671843611748,34.26168356109598,6.5,3.422197056083168,31.445260511052226,2.8205692618228944,27.111445867765543,24.315955538631837,228.4687106706998,6.511161141224695,0.8921733968076152,2.301111592288195,0.644014825641024,0.8717738256313922,0.09679821781922215,0.9451935030501571,0.7175621924737985,27.400000000000002,38.18484347055465,1.0,synthetic,SPEC_V1,2026-10-07
OOD00058,4,37,ood,0.5846546251099851,0.08992758420417601,0.32541779068583887,7.311161141224694,26.878671843611748,34.26168356109598,6.5,3.422197056083168,31.445260511052226,2.8205692618228944,27.111445867765543,24.315955538631837,228.4687106706998,6.511161141224695,0.8921733968076152,2.301111592288195,0.644014825641024,0.8717738256313922,0.09679821781922215,0.9451935030501571,0.6965147521164824,27.8,39.913009617563475,1.0,synthetic,SPEC_V1,2026-10-07
OOD00058,5,37,ood,0.5846546251099851,0.08992758420417601,0.32541779068583887,7.311161141224694,26.878671843611748,34.26168356109598,6.5,3.422197056083168,31.445260511052226,2.8205692618228944,27.111445867765543,24.315955538631837,228.4687106706998,6.511161141224695,0.8921733968076152,2.301111592288195,0.644014825641024,0.8717738256313922,0.09679821781922215,0.9451935030501571,0.7238336866684926,25.8,35.64354695723923,1.0,synthetic,SPEC_V1,2026-10-07
OOD00058,6,37,ood,0.5846546251099851,0.08992758420417601,0.32541779068583887,7.311161141224694,26.878671843611748,34.26168356109598,6.5,3.422197056083168,31.445260511052226,2.8205692618228944,27.111445867765543,24.315955538631837,228.4687106706998,6.511161141224695,0.8921733968076152,2.301111592288195,0.644014825641024,0.8717738256313922,0.09679821781922215,0.9451935030501571,0.7134621421290098,26.700000000000003,37.423148928863625,1.0,synthetic,SPEC_V1,2026-10-07
OOD00058,7,37,ood,0.5846546251099851,0.08992758420417601,0.32541779068583887,7.311161141224694,26.878671843611748,34.26168356109598,6.5,3.422197056083168,31.445260511052226,2.8205692618228944,27.111445867765543,24.315955538631837,228.4687106706998,6.511161141224695,0.8921733968076152,2.301111592288195,0.644014825641024,0.8717738256313922,0.09679821781922215,0.9451935030501571,0.7080360056103455,28.0,39.54601147135627,1.0,synthetic,SPEC_V1,2026-10-07
OOD00059,0,37,ood,0.5564125133811745,0.14347295082375922,0.3001145357950663,6.647929917197929,22.557021905281825,52.43531721571682,6.6000000000000005,1.6368693567042545,31.83256102182629,1.6572339370249152,27.26402812303231,35.75736085295872,191.73468619489554,6.589087520919504,0.6905083961183254,3.0809790148087055,0.7512513636574865,0.7913404199968813,0.08393130191706703,0.9193743996354582,0.7069654459169253,119.7,169.31520584397248,0.0735529953480305,synthetic,SPEC_V1,2026-10-07
OOD00059,1,37,ood,0.5564125133811745,0.14347295082375922,0.3001145357950663,6.647929917197929,22.557021905281825,52.43531721571682,6.6000000000000005,1.6368693567042545,31.83256102182629,1.6572339370249152,27.26402812303231,35.75736085295872,191.73468619489554,6.589087520919504,0.6905083961183254,3.0809790148087055,0.7512513636574865,0.7913404199968813,0.08393130191706703,0.9193743996354582,0.7058356791263142,135.6,192.1127027296865,0.0735529953480305,synthetic,SPEC_V1,2026-10-07
OOD00059,2,37,ood,0.5564125133811745,0.14347295082375922,0.3001145357950663,6.647929917197929,22.557021905281825,52.43531721571682,6.6000000000000005,1.6368693567042545,31.83256102182629,1.6572339370249152,27.26402812303231,35.75736085295872,191.73468619489554,6.589087520919504,0.6905083961183254,3.0809790148087055,0.7512513636574865,0.7913404199968813,0.08393130191706703,0.9193743996354582,0.7096712920063524,122.80000000000001,173.03785764367768,0.0735529953480305,synthetic,SPEC_V1,2026-10-07
OOD00059,3,37,ood,0.5564125133811745,0.14347295082375922,0.3001145357950663,6.647929917197929,22.557021905281825,52.43531721571682,6.6000000000000005,1.6368693567042545,31.83256102182629,1.6572339370249152,27.26402812303231,35.75736085295872,191.73468619489554,6.589087520919504,0.6905083961183254,3.0809790148087055,0.7512513636574865,0.7913404199968813,0.08393130191706703,0.9193743996354582,0.6996906895352073,137.9,197.0870872836748,0.0735529953480305,synthetic,SPEC_V1,2026-10-07
OOD00059,4,37,ood,0.5564125133811745,0.14347295082375922,0.3001145357950663,6.647929917197929,22.557021905281825,52.43531721571682,6.6000000000000005,1.6368693567042545,31.83256102182629,1.6572339370249152,27.26402812303231,35.75736085295872,191.73468619489554,6.589087520919504,0.6905083961183254,3.0809790148087055,0.7512513636574865,0.7913404199968813,0.08393130191706703,0.9193743996354582,0.693682712000154,131.0,188.84714543667468,0.0735529953480305,synthetic,SPEC_V1,2026-10-07
OOD00059,5,37,ood,0.5564125133811745,0.14347295082375922,0.3001145357950663,6.647929917197929,22.557021905281825,52.43531721571682,6.6000000000000005,1.6368693567042545,31.83256102182629,1.6572339370249152,27.26402812303231,35.75736085295872,191.73468619489554,6.589087520919504,0.6905083961183254,3.0809790148087055,0.7512513636574865,0.7913404199968813,0.08393130191706703,0.9193743996354582,0.6711295044389973,125.4,186.84918360849431,0.0735529953480305,synthetic,SPEC_V1,2026-10-07
OOD00059,6,37,ood,0.5564125133811745,0.14347295082375922,0.3001145357950663,6.647929917197929,22.557021905281825,52.43531721571682,6.6000000000000005,1.6368693567042545,31.83256102182629,1.6572339370249152,27.26402812303231,35.75736085295872,191.73468619489554,6.589087520919504,0.6905083961183254,3.0809790148087055,0.7512513636574865,0.7913404199968813,0.08393130191706703,0.9193743996354582,0.6869823848704304,124.80000000000001,181.66404663132397,0.0735529953480305,synthetic,SPEC_V1,2026-10-07
OOD00059,7,37,ood,0.5564125133811745,0.14347295082375922,0.3001145357950663,6.647929917197929,22.557021905281825,52.43531721571682,6.6000000000000005,1.6368693567042545,31.83256102182629,1.6572339370249152,27.26402812303231,35.75736085295872,191.73468619489554,6.589087520919504,0.6905083961183254,3.0809790148087055,0.7512513636574865,0.7913404199968813,0.08393130191706703,0.9193743996354582,0.707185960820853,127.5,180.29204065647278,0.0735529953480305,synthetic,SPEC_V1,2026-10-07
