scenario_id,replicate_id,seed,split,carb_fraction,protein_fraction,lipid_fraction,ph_setpoint,total_solids_pct,temperature_c,ph_measured,olr_kg_vs_m3_d,hrt_days,inoculum_ratio,pretreatment_temp_c,pretreatment_hours,vs_slurry_g_per_l,ph_effective,c_lcfa_g_per_l,tan_g_per_l,f_lcfa,f_tan,rate_constant_per_day,window_completeness,simulated_methane_fraction,simulated_methane_yield_ml_per_g_vs,simulated_biogas_yield_ml_per_g_vs,simulated_stability_indicator,data_provenance,simulator_version,as_of
OOD00000,0,59,ood,0.4883357511545726,0.15513652620744214,0.35652772263798527,7.428954550686478,25.5361792997736,32.595815449210725,6.6000000000000005,2.799759386201007,30.589712396463824,1.5981680418416353,28.67948335808726,79.27932288557857,217.05752404807558,6.632518758653182,0.9286442967636014,3.771437630016759,0.6254396998775965,0.7167924712864403,0.08913175085213934,0.9310209556485592,0.730838686574628,47.5,64.9938226760108,0.9955447400416197,synthetic,SPEC_V1,2026-10-07
OOD00000,1,59,ood,0.4883357511545726,0.15513652620744214,0.35652772263798527,7.428954550686478,25.5361792997736,32.595815449210725,6.6000000000000005,2.799759386201007,30.589712396463824,1.5981680418416353,28.67948335808726,79.27932288557857,217.05752404807558,6.632518758653182,0.9286442967636014,3.771437630016759,0.6254396998775965,0.7167924712864403,0.08913175085213934,0.9310209556485592,0.7259922932055984,43.300000000000004,59.642506408449705,0.9955447400416197,synthetic,SPEC_V1,2026-10-07
OOD00000,2,59,ood,0.4883357511545726,0.15513652620744214,0.35652772263798527,7.428954550686478,25.5361792997736,32.595815449210725,6.6000000000000005,2.799759386201007,30.589712396463824,1.5981680418416353,28.67948335808726,79.27932288557857,217.05752404807558,6.632518758653182,0.9286442967636014,3.771437630016759,0.6254396998775965,0.7167924712864403,0.08913175085213934,0.9310209556485592,0.7199440129713492,47.400000000000006,65.8384529157635,0.9955447400416197,synthetic,SPEC_V1,2026-10-07
OOD00000,3,59,ood,0.4883357511545726,0.15513652620744214,0.35652772263798527,7.428954550686478,25.5361792997736,32.595815449210725,6.6000000000000005,2.799759386201007,30.589712396463824,1.5981680418416353,28.67948335808726,79.27932288557857,217.05752404807558,6.632518758653182,0.9286442967636014,3.771437630016759,0.6254396998775965,0.7167924712864403,0.08913175085213934,0.9310209556485592,0.7332652730887084,43.900000000000006,59.86919278896371,0.9955447400416197,synthetic,SPEC_V1,2026-10-07
OOD00000,4,59,ood,0.4883357511545726,0.15513652620744214,0.35652772263798527,7.428954550686478,25.5361792997736,32.595815449210725,6.6000000000000005,2.799759386201007,30.589712396463824,1.5981680418416353,28.67948335808726,79.27932288557857,217.05752404807558,6.632518758653182,0.9286442967636014,3.771437630016759,0.6254396998775965,0.7167924712864403,0.08913175085213934,0.9310209556485592,0.7168122781952757,47.5,66.26560599602333,0.9955447400416197,synthetic,SPEC_V1,2026-10-07
OOD00000,5,59,ood,0.4883357511545726,0.15513652620744214,0.35652772263798527,7.428954550686478,25.5361792997736,32.595815449210725,6.6000000000000005,2.799759386201007,30.589712396463824,1.5981680418416353,28.67948335808726,79.27932288557857,217.05752404807558,6.632518758653182,0.9286442967636014,3.771437630016759,0.6254396998775965,0.7167924712864403,0.08913175085213934,0.9310209556485592,0.7267136815520745,44.7,61.50978182292129,0.9955447400416197,synthetic,SPEC_V1,2026-10-07
OOD00000,6,59,ood,0.4883357511545726,0.15513652620744214,0.35652772263798527,7.428954550686478,25.5361792997736,32.595815449210725,6.6000000000000005,2.799759386201007,30.589712396463824,1.5981680418416353,28.67948335808726,79.27932288557857,217.05752404807558,6.632518758653182,0.9286442967636014,3.771437630016759,0.6254396998775965,0.7167924712864403,0.08913175085213934,0.9310209556485592,0.7389418629237279,48.800000000000004,66.04037807103784,0.9955447400416197,synthetic,SPEC_V1,2026-10-07
OOD00000,7,59,ood,0.4883357511545726,0.15513652620744214,0.35652772263798527,7.428954550686478,25.5361792997736,32.595815449210725,6.6000000000000005,2.799759386201007,30.589712396463824,1.5981680418416353,28.67948335808726,79.27932288557857,217.05752404807558,6.632518758653182,0.9286442967636014,3.771437630016759,0.6254396998775965,0.7167924712864403,0.08913175085213934,0.9310209556485592,0.7245539843990536,47.7,65.8336038819281,0.9955447400416197,synthetic,SPEC_V1,2026-10-07
OOD00001,0,59,ood,0.46995552287658887,0.1909295519860747,0.3391149251373364,7.493537182953816,23.44870610717906,40.679218818520816,7.2,1.822372564724036,25.282437434545592,1.0277472297607149,31.142230972641315,70.54981512748955,199.314001911022,7.2288304802995995,0.8110842340425498,4.262152506015383,0.6864145479525926,0.6646242519151814,0.0565901248349428,0.7608672138032273,0.7403367585899042,77.80000000000001,105.08731208778987,0.3308833783177709,synthetic,SPEC_V1,2026-10-07
OOD00001,1,59,ood,0.46995552287658887,0.1909295519860747,0.3391149251373364,7.493537182953816,23.44870610717906,40.679218818520816,7.2,1.822372564724036,25.282437434545592,1.0277472297607149,31.142230972641315,70.54981512748955,199.314001911022,7.2288304802995995,0.8110842340425498,4.262152506015383,0.6864145479525926,0.6646242519151814,0.0565901248349428,0.7608672138032273,0.7162758259857364,85.80000000000001,119.78625675649788,0.3308833783177709,synthetic,SPEC_V1,2026-10-07
OOD00001,2,59,ood,0.46995552287658887,0.1909295519860747,0.3391149251373364,7.493537182953816,23.44870610717906,40.679218818520816,7.2,1.822372564724036,25.282437434545592,1.0277472297607149,31.142230972641315,70.54981512748955,199.314001911022,7.2288304802995995,0.8110842340425498,4.262152506015383,0.6864145479525926,0.6646242519151814,0.0565901248349428,0.7608672138032273,0.7160512216900075,81.5,113.81867320559218,0.3308833783177709,synthetic,SPEC_V1,2026-10-07
OOD00001,3,59,ood,0.46995552287658887,0.1909295519860747,0.3391149251373364,7.493537182953816,23.44870610717906,40.679218818520816,7.2,1.822372564724036,25.282437434545592,1.0277472297607149,31.142230972641315,70.54981512748955,199.314001911022,7.2288304802995995,0.8110842340425498,4.262152506015383,0.6864145479525926,0.6646242519151814,0.0565901248349428,0.7608672138032273,0.7400668794082473,75.4,101.8826839816009,0.3308833783177709,synthetic,SPEC_V1,2026-10-07
OOD00001,4,59,ood,0.46995552287658887,0.1909295519860747,0.3391149251373364,7.493537182953816,23.44870610717906,40.679218818520816,7.2,1.822372564724036,25.282437434545592,1.0277472297607149,31.142230972641315,70.54981512748955,199.314001911022,7.2288304802995995,0.8110842340425498,4.262152506015383,0.6864145479525926,0.6646242519151814,0.0565901248349428,0.7608672138032273,0.7280650200367511,78.9,108.36944205342719,0.3308833783177709,synthetic,SPEC_V1,2026-10-07
OOD00001,5,59,ood,0.46995552287658887,0.1909295519860747,0.3391149251373364,7.493537182953816,23.44870610717906,40.679218818520816,7.2,1.822372564724036,25.282437434545592,1.0277472297607149,31.142230972641315,70.54981512748955,199.314001911022,7.2288304802995995,0.8110842340425498,4.262152506015383,0.6864145479525926,0.6646242519151814,0.0565901248349428,0.7608672138032273,0.7148415581164902,82.10000000000001,114.85062538378754,0.3308833783177709,synthetic,SPEC_V1,2026-10-07
OOD00001,6,59,ood,0.46995552287658887,0.1909295519860747,0.3391149251373364,7.493537182953816,23.44870610717906,40.679218818520816,7.2,1.822372564724036,25.282437434545592,1.0277472297607149,31.142230972641315,70.54981512748955,199.314001911022,7.2288304802995995,0.8110842340425498,4.262152506015383,0.6864145479525926,0.6646242519151814,0.0565901248349428,0.7608672138032273,0.7265936712236618,73.2,100.74406494172092,0.3308833783177709,synthetic,SPEC_V1,2026-10-07
OOD00001,7,59,ood,0.46995552287658887,0.1909295519860747,0.3391149251373364,7.493537182953816,23.44870610717906,40.679218818520816,7.2,1.822372564724036,25.282437434545592,1.0277472297607149,31.142230972641315,70.54981512748955,199.314001911022,7.2288304802995995,0.8110842340425498,4.262152506015383,0.6864145479525926,0.6646242519151814,0.0565901248349428,0.7608672138032273,0.7247828152129185,73.7,101.6856338934433,0.3308833783177709,synthetic,SPEC_V1,2026-10-07
OOD00002,0,59,ood,0.44390331099018465,0.19920088094250787,0.3568958080673075,6.892626775453623,26.763350115070686,39.3612422595801,6.1000000000000005,3.4391324690678307,24.081622220236504,1.94127835639997,31.712305550116703,16.410786235050995,227.48847597810084,6.092626775453623,0.9742762015224548,5.075381339739897,0.6027086437513228,0.5829063137003625,0.017995287148568764,0.351670164583359,0.75,0.6000000000000001,0.8000000000000002,1.0,synthetic,SPEC_V1,2026-10-07
OOD00002,1,59,ood,0.44390331099018465,0.19920088094250787,0.3568958080673075,6.892626775453623,26.763350115070686,39.3612422595801,6.1000000000000005,3.4391324690678307,24.081622220236504,1.94127835639997,31.712305550116703,16.410786235050995,227.48847597810084,6.092626775453623,0.9742762015224548,5.075381339739897,0.6027086437513228,0.5829063137003625,0.017995287148568764,0.351670164583359,0.7426412070963561,0.7000000000000001,0.9425816845484802,1.0,synthetic,SPEC_V1,2026-10-07
OOD00002,2,59,ood,0.44390331099018465,0.19920088094250787,0.3568958080673075,6.892626775453623,26.763350115070686,39.3612422595801,6.1000000000000005,3.4391324690678307,24.081622220236504,1.94127835639997,31.712305550116703,16.410786235050995,227.48847597810084,6.092626775453623,0.9742762015224548,5.075381339739897,0.6027086437513228,0.5829063137003625,0.017995287148568764,0.351670164583359,0.7287683601124076,0.7000000000000001,0.9605246856381495,1.0,synthetic,SPEC_V1,2026-10-07
OOD00002,3,59,ood,0.44390331099018465,0.19920088094250787,0.3568958080673075,6.892626775453623,26.763350115070686,39.3612422595801,6.1000000000000005,3.4391324690678307,24.081622220236504,1.94127835639997,31.712305550116703,16.410786235050995,227.48847597810084,6.092626775453623,0.9742762015224548,5.075381339739897,0.6027086437513228,0.5829063137003625,0.017995287148568764,0.351670164583359,0.7252170221639289,0.7000000000000001,0.9652283090533571,1.0,synthetic,SPEC_V1,2026-10-07
OOD00002,4,59,ood,0.44390331099018465,0.19920088094250787,0.3568958080673075,6.892626775453623,26.763350115070686,39.3612422595801,6.1000000000000005,3.4391324690678307,24.081622220236504,1.94127835639997,31.712305550116703,16.410786235050995,227.48847597810084,6.092626775453623,0.9742762015224548,5.075381339739897,0.6027086437513228,0.5829063137003625,0.017995287148568764,0.351670164583359,0.7393532632348077,0.7000000000000001,0.9467733961670369,1.0,synthetic,SPEC_V1,2026-10-07
OOD00002,5,59,ood,0.44390331099018465,0.19920088094250787,0.3568958080673075,6.892626775453623,26.763350115070686,39.3612422595801,6.1000000000000005,3.4391324690678307,24.081622220236504,1.94127835639997,31.712305550116703,16.410786235050995,227.48847597810084,6.092626775453623,0.9742762015224548,5.075381339739897,0.6027086437513228,0.5829063137003625,0.017995287148568764,0.351670164583359,0.7169880763739919,0.7000000000000001,0.9763063334889679,1.0,synthetic,SPEC_V1,2026-10-07
OOD00002,6,59,ood,0.44390331099018465,0.19920088094250787,0.3568958080673075,6.892626775453623,26.763350115070686,39.3612422595801,6.1000000000000005,3.4391324690678307,24.081622220236504,1.94127835639997,31.712305550116703,16.410786235050995,227.48847597810084,6.092626775453623,0.9742762015224548,5.075381339739897,0.6027086437513228,0.5829063137003625,0.017995287148568764,0.351670164583359,0.746490708706346,0.7000000000000001,0.9377209814347007,1.0,synthetic,SPEC_V1,2026-10-07
OOD00002,7,59,ood,0.44390331099018465,0.19920088094250787,0.3568958080673075,6.892626775453623,26.763350115070686,39.3612422595801,6.1000000000000005,3.4391324690678307,24.081622220236504,1.94127835639997,31.712305550116703,16.410786235050995,227.48847597810084,6.092626775453623,0.9742762015224548,5.075381339739897,0.6027086437513228,0.5829063137003625,0.017995287148568764,0.351670164583359,0.7372283569357242,0.6000000000000001,0.8138590904097732,1.0,synthetic,SPEC_V1,2026-10-07
OOD00003,0,59,ood,0.5220399568881126,0.10031401882208249,0.377646024289805,7.372580619020328,22.777719428373423,37.755511708336485,6.6000000000000005,3.1279265050224607,24.89110039562437,1.8066943528007593,25.6559923611357,58.713758379503204,193.6106151411741,6.572580619020328,0.877395348820415,2.1752481958397913,0.6516360187543802,0.8838323918238682,0.0938897890303068,0.9033848931980665,0.7416674187290362,45.400000000000006,61.21342107463754,1.0,synthetic,SPEC_V1,2026-10-07
OOD00003,1,59,ood,0.5220399568881126,0.10031401882208249,0.377646024289805,7.372580619020328,22.777719428373423,37.755511708336485,6.6000000000000005,3.1279265050224607,24.89110039562437,1.8066943528007593,25.6559923611357,58.713758379503204,193.6106151411741,6.572580619020328,0.877395348820415,2.1752481958397913,0.6516360187543802,0.8838323918238682,0.0938897890303068,0.9033848931980665,0.7467197684289939,44.400000000000006,59.4600570082832,1.0,synthetic,SPEC_V1,2026-10-07
OOD00003,2,59,ood,0.5220399568881126,0.10031401882208249,0.377646024289805,7.372580619020328,22.777719428373423,37.755511708336485,6.6000000000000005,3.1279265050224607,24.89110039562437,1.8066943528007593,25.6559923611357,58.713758379503204,193.6106151411741,6.572580619020328,0.877395348820415,2.1752481958397913,0.6516360187543802,0.8838323918238682,0.0938897890303068,0.9033848931980665,0.7459272812931342,45.800000000000004,61.40008704414383,1.0,synthetic,SPEC_V1,2026-10-07
OOD00003,3,59,ood,0.5220399568881126,0.10031401882208249,0.377646024289805,7.372580619020328,22.777719428373423,37.755511708336485,6.6000000000000005,3.1279265050224607,24.89110039562437,1.8066943528007593,25.6559923611357,58.713758379503204,193.6106151411741,6.572580619020328,0.877395348820415,2.1752481958397913,0.6516360187543802,0.8838323918238682,0.0938897890303068,0.9033848931980665,0.7464078307905491,45.0,60.288756553289076,1.0,synthetic,SPEC_V1,2026-10-07
OOD00003,4,59,ood,0.5220399568881126,0.10031401882208249,0.377646024289805,7.372580619020328,22.777719428373423,37.755511708336485,6.6000000000000005,3.1279265050224607,24.89110039562437,1.8066943528007593,25.6559923611357,58.713758379503204,193.6106151411741,6.572580619020328,0.877395348820415,2.1752481958397913,0.6516360187543802,0.8838323918238682,0.0938897890303068,0.9033848931980665,0.75,48.1,64.13333333333334,1.0,synthetic,SPEC_V1,2026-10-07
OOD00003,5,59,ood,0.5220399568881126,0.10031401882208249,0.377646024289805,7.372580619020328,22.777719428373423,37.755511708336485,6.6000000000000005,3.1279265050224607,24.89110039562437,1.8066943528007593,25.6559923611357,58.713758379503204,193.6106151411741,6.572580619020328,0.877395348820415,2.1752481958397913,0.6516360187543802,0.8838323918238682,0.0938897890303068,0.9033848931980665,0.7376889077789224,46.7,63.30581835723562,1.0,synthetic,SPEC_V1,2026-10-07
OOD00003,6,59,ood,0.5220399568881126,0.10031401882208249,0.377646024289805,7.372580619020328,22.777719428373423,37.755511708336485,6.6000000000000005,3.1279265050224607,24.89110039562437,1.8066943528007593,25.6559923611357,58.713758379503204,193.6106151411741,6.572580619020328,0.877395348820415,2.1752481958397913,0.6516360187543802,0.8838323918238682,0.0938897890303068,0.9033848931980665,0.75,48.900000000000006,65.2,1.0,synthetic,SPEC_V1,2026-10-07
OOD00003,7,59,ood,0.5220399568881126,0.10031401882208249,0.377646024289805,7.372580619020328,22.777719428373423,37.755511708336485,6.6000000000000005,3.1279265050224607,24.89110039562437,1.8066943528007593,25.6559923611357,58.713758379503204,193.6106151411741,6.572580619020328,0.877395348820415,2.1752481958397913,0.6516360187543802,0.8838323918238682,0.0938897890303068,0.9033848931980665,0.75,47.400000000000006,63.20000000000001,1.0,synthetic,SPEC_V1,2026-10-07
OOD00004,0,59,ood,0.596708119765424,0.07405168585998242,0.32924019437459356,6.519482872127598,25.64736723305275,42.07178219920415,6.0,2.725703373579452,27.73963283396347,1.2367272453789515,25.340419005882797,33.63486814377989,218.0026214809484,5.971181630483903,0.8613027056467008,1.8080677039667028,0.6599926889778033,0.9167511328832261,0.019645531941088083,0.42013493141288616,0.7241319271294188,5.4,7.457204685624776,0.6853765520546182,synthetic,SPEC_V1,2026-10-07
OOD00004,1,59,ood,0.596708119765424,0.07405168585998242,0.32924019437459356,6.519482872127598,25.64736723305275,42.07178219920415,6.0,2.725703373579452,27.73963283396347,1.2367272453789515,25.340419005882797,33.63486814377989,218.0026214809484,5.971181630483903,0.8613027056467008,1.8080677039667028,0.6599926889778033,0.9167511328832261,0.019645531941088083,0.42013493141288616,0.7248328777243561,5.300000000000001,7.312030349174527,0.6853765520546182,synthetic,SPEC_V1,2026-10-07
OOD00004,2,59,ood,0.596708119765424,0.07405168585998242,0.32924019437459356,6.519482872127598,25.64736723305275,42.07178219920415,6.0,2.725703373579452,27.73963283396347,1.2367272453789515,25.340419005882797,33.63486814377989,218.0026214809484,5.971181630483903,0.8613027056467008,1.8080677039667028,0.6599926889778033,0.9167511328832261,0.019645531941088083,0.42013493141288616,0.7091012081124483,5.4,7.6152740091562166,0.6853765520546182,synthetic,SPEC_V1,2026-10-07
OOD00004,3,59,ood,0.596708119765424,0.07405168585998242,0.32924019437459356,6.519482872127598,25.64736723305275,42.07178219920415,6.0,2.725703373579452,27.73963283396347,1.2367272453789515,25.340419005882797,33.63486814377989,218.0026214809484,5.971181630483903,0.8613027056467008,1.8080677039667028,0.6599926889778033,0.9167511328832261,0.019645531941088083,0.42013493141288616,0.7356823098237328,5.7,7.747909558088603,0.6853765520546182,synthetic,SPEC_V1,2026-10-07
OOD00004,4,59,ood,0.596708119765424,0.07405168585998242,0.32924019437459356,6.519482872127598,25.64736723305275,42.07178219920415,6.0,2.725703373579452,27.73963283396347,1.2367272453789515,25.340419005882797,33.63486814377989,218.0026214809484,5.971181630483903,0.8613027056467008,1.8080677039667028,0.6599926889778033,0.9167511328832261,0.019645531941088083,0.42013493141288616,0.714854082521044,5.6000000000000005,7.833766550301749,0.6853765520546182,synthetic,SPEC_V1,2026-10-07
OOD00004,5,59,ood,0.596708119765424,0.07405168585998242,0.32924019437459356,6.519482872127598,25.64736723305275,42.07178219920415,6.0,2.725703373579452,27.73963283396347,1.2367272453789515,25.340419005882797,33.63486814377989,218.0026214809484,5.971181630483903,0.8613027056467008,1.8080677039667028,0.6599926889778033,0.9167511328832261,0.019645531941088083,0.42013493141288616,0.7143391730146091,5.5,7.699423758029742,0.6853765520546182,synthetic,SPEC_V1,2026-10-07
OOD00004,6,59,ood,0.596708119765424,0.07405168585998242,0.32924019437459356,6.519482872127598,25.64736723305275,42.07178219920415,6.0,2.725703373579452,27.73963283396347,1.2367272453789515,25.340419005882797,33.63486814377989,218.0026214809484,5.971181630483903,0.8613027056467008,1.8080677039667028,0.6599926889778033,0.9167511328832261,0.019645531941088083,0.42013493141288616,0.7149175878725491,6.1000000000000005,8.532451996533437,0.6853765520546182,synthetic,SPEC_V1,2026-10-07
OOD00004,7,59,ood,0.596708119765424,0.07405168585998242,0.32924019437459356,6.519482872127598,25.64736723305275,42.07178219920415,6.0,2.725703373579452,27.73963283396347,1.2367272453789515,25.340419005882797,33.63486814377989,218.0026214809484,5.971181630483903,0.8613027056467008,1.8080677039667028,0.6599926889778033,0.9167511328832261,0.019645531941088083,0.42013493141288616,0.7074863358071911,5.300000000000001,7.49131076002066,0.6853765520546182,synthetic,SPEC_V1,2026-10-07
OOD00005,0,59,ood,0.5111122554501409,0.11733356064405147,0.3715541839058077,6.926521292028062,26.68907557940068,38.36556690708183,6.6000000000000005,2.1149678762110415,29.694202021049687,1.9008510484384273,32.36402104121685,92.80763571239106,226.85714242490576,6.55886244738686,1.0114766450026733,2.9812111031638766,0.5846326854414334,0.8020028748999326,0.07251356909760541,0.8838917774805289,0.75,59.0,78.66666666666667,0.4595735558015026,synthetic,SPEC_V1,2026-10-07
OOD00005,1,59,ood,0.5111122554501409,0.11733356064405147,0.3715541839058077,6.926521292028062,26.68907557940068,38.36556690708183,6.6000000000000005,2.1149678762110415,29.694202021049687,1.9008510484384273,32.36402104121685,92.80763571239106,226.85714242490576,6.55886244738686,1.0114766450026733,2.9812111031638766,0.5846326854414334,0.8020028748999326,0.07251356909760541,0.8838917774805289,0.7396455271705219,59.0,79.76793995591596,0.4595735558015026,synthetic,SPEC_V1,2026-10-07
OOD00005,2,59,ood,0.5111122554501409,0.11733356064405147,0.3715541839058077,6.926521292028062,26.68907557940068,38.36556690708183,6.6000000000000005,2.1149678762110415,29.694202021049687,1.9008510484384273,32.36402104121685,92.80763571239106,226.85714242490576,6.55886244738686,1.0114766450026733,2.9812111031638766,0.5846326854414334,0.8020028748999326,0.07251356909760541,0.8838917774805289,0.7400267583733598,67.8,91.61830870687706,0.4595735558015026,synthetic,SPEC_V1,2026-10-07
OOD00005,3,59,ood,0.5111122554501409,0.11733356064405147,0.3715541839058077,6.926521292028062,26.68907557940068,38.36556690708183,6.6000000000000005,2.1149678762110415,29.694202021049687,1.9008510484384273,32.36402104121685,92.80763571239106,226.85714242490576,6.55886244738686,1.0114766450026733,2.9812111031638766,0.5846326854414334,0.8020028748999326,0.07251356909760541,0.8838917774805289,0.7372175437692048,68.4,92.78129715997845,0.4595735558015026,synthetic,SPEC_V1,2026-10-07
OOD00005,4,59,ood,0.5111122554501409,0.11733356064405147,0.3715541839058077,6.926521292028062,26.68907557940068,38.36556690708183,6.6000000000000005,2.1149678762110415,29.694202021049687,1.9008510484384273,32.36402104121685,92.80763571239106,226.85714242490576,6.55886244738686,1.0114766450026733,2.9812111031638766,0.5846326854414334,0.8020028748999326,0.07251356909760541,0.8838917774805289,0.75,64.3,85.73333333333333,0.4595735558015026,synthetic,SPEC_V1,2026-10-07
OOD00005,5,59,ood,0.5111122554501409,0.11733356064405147,0.3715541839058077,6.926521292028062,26.68907557940068,38.36556690708183,6.6000000000000005,2.1149678762110415,29.694202021049687,1.9008510484384273,32.36402104121685,92.80763571239106,226.85714242490576,6.55886244738686,1.0114766450026733,2.9812111031638766,0.5846326854414334,0.8020028748999326,0.07251356909760541,0.8838917774805289,0.747493269945318,61.7,82.54254918510985,0.4595735558015026,synthetic,SPEC_V1,2026-10-07
OOD00005,6,59,ood,0.5111122554501409,0.11733356064405147,0.3715541839058077,6.926521292028062,26.68907557940068,38.36556690708183,6.6000000000000005,2.1149678762110415,29.694202021049687,1.9008510484384273,32.36402104121685,92.80763571239106,226.85714242490576,6.55886244738686,1.0114766450026733,2.9812111031638766,0.5846326854414334,0.8020028748999326,0.07251356909760541,0.8838917774805289,0.7433299419256587,63.300000000000004,85.1573391972023,0.4595735558015026,synthetic,SPEC_V1,2026-10-07
OOD00005,7,59,ood,0.5111122554501409,0.11733356064405147,0.3715541839058077,6.926521292028062,26.68907557940068,38.36556690708183,6.6000000000000005,2.1149678762110415,29.694202021049687,1.9008510484384273,32.36402104121685,92.80763571239106,226.85714242490576,6.55886244738686,1.0114766450026733,2.9812111031638766,0.5846326854414334,0.8020028748999326,0.07251356909760541,0.8838917774805289,0.73682702265313,60.900000000000006,82.65169181867722,0.4595735558015026,synthetic,SPEC_V1,2026-10-07
OOD00006,0,59,ood,0.4872212731335297,0.18010925950632584,0.3326694673601445,6.86732864344532,25.16891541589465,37.308381662384896,6.1000000000000005,3.698836503624588,26.642797043513767,2.9416004619965515,31.865393419071257,95.90894200435778,213.93578103510453,6.06732864344532,0.8540388279146968,4.315563291663696,0.663783412909379,0.6590499226737404,0.019473936797036105,0.4047894947810883,0.7227772448734936,0.7000000000000001,0.9684864942344993,1.0,synthetic,SPEC_V1,2026-10-07
OOD00006,1,59,ood,0.4872212731335297,0.18010925950632584,0.3326694673601445,6.86732864344532,25.16891541589465,37.308381662384896,6.1000000000000005,3.698836503624588,26.642797043513767,2.9416004619965515,31.865393419071257,95.90894200435778,213.93578103510453,6.06732864344532,0.8540388279146968,4.315563291663696,0.663783412909379,0.6590499226737404,0.019473936797036105,0.4047894947810883,0.7086421385804236,0.7000000000000001,0.9878046504576545,1.0,synthetic,SPEC_V1,2026-10-07
OOD00006,2,59,ood,0.4872212731335297,0.18010925950632584,0.3326694673601445,6.86732864344532,25.16891541589465,37.308381662384896,6.1000000000000005,3.698836503624588,26.642797043513767,2.9416004619965515,31.865393419071257,95.90894200435778,213.93578103510453,6.06732864344532,0.8540388279146968,4.315563291663696,0.663783412909379,0.6590499226737404,0.019473936797036105,0.4047894947810883,0.7281667275157649,0.7000000000000001,0.961318299159508,1.0,synthetic,SPEC_V1,2026-10-07
OOD00006,3,59,ood,0.4872212731335297,0.18010925950632584,0.3326694673601445,6.86732864344532,25.16891541589465,37.308381662384896,6.1000000000000005,3.698836503624588,26.642797043513767,2.9416004619965515,31.865393419071257,95.90894200435778,213.93578103510453,6.06732864344532,0.8540388279146968,4.315563291663696,0.663783412909379,0.6590499226737404,0.019473936797036105,0.4047894947810883,0.7212721358090413,0.7000000000000001,0.9705074759540232,1.0,synthetic,SPEC_V1,2026-10-07
OOD00006,4,59,ood,0.4872212731335297,0.18010925950632584,0.3326694673601445,6.86732864344532,25.16891541589465,37.308381662384896,6.1000000000000005,3.698836503624588,26.642797043513767,2.9416004619965515,31.865393419071257,95.90894200435778,213.93578103510453,6.06732864344532,0.8540388279146968,4.315563291663696,0.663783412909379,0.6590499226737404,0.019473936797036105,0.4047894947810883,0.7034216687102451,0.6000000000000001,0.8529734392460879,1.0,synthetic,SPEC_V1,2026-10-07
OOD00006,5,59,ood,0.4872212731335297,0.18010925950632584,0.3326694673601445,6.86732864344532,25.16891541589465,37.308381662384896,6.1000000000000005,3.698836503624588,26.642797043513767,2.9416004619965515,31.865393419071257,95.90894200435778,213.93578103510453,6.06732864344532,0.8540388279146968,4.315563291663696,0.663783412909379,0.6590499226737404,0.019473936797036105,0.4047894947810883,0.7280367516082324,0.7000000000000001,0.9614899226635204,1.0,synthetic,SPEC_V1,2026-10-07
OOD00006,6,59,ood,0.4872212731335297,0.18010925950632584,0.3326694673601445,6.86732864344532,25.16891541589465,37.308381662384896,6.1000000000000005,3.698836503624588,26.642797043513767,2.9416004619965515,31.865393419071257,95.90894200435778,213.93578103510453,6.06732864344532,0.8540388279146968,4.315563291663696,0.663783412909379,0.6590499226737404,0.019473936797036105,0.4047894947810883,0.7247066748319358,0.7000000000000001,0.9659080346711786,1.0,synthetic,SPEC_V1,2026-10-07
OOD00006,7,59,ood,0.4872212731335297,0.18010925950632584,0.3326694673601445,6.86732864344532,25.16891541589465,37.308381662384896,6.1000000000000005,3.698836503624588,26.642797043513767,2.9416004619965515,31.865393419071257,95.90894200435778,213.93578103510453,6.06732864344532,0.8540388279146968,4.315563291663696,0.663783412909379,0.6590499226737404,0.019473936797036105,0.4047894947810883,0.7102512876999197,0.7000000000000001,0.985566674953709,1.0,synthetic,SPEC_V1,2026-10-07
OOD00007,0,59,ood,0.5941950571264425,0.07762585492453727,0.32817908794902023,7.011422565752521,26.537607694593884,51.621583777228594,6.2,3.220685049086069,33.354403991959714,1.3847543238196158,34.906028409672444,1.9592258309672421,225.569665404048,6.212176265654841,0.8883269647351937,1.961124269667477,0.6459934420925695,0.9034782013202942,0.04483346330854412,0.7394613080491472,0.71611519638982,5.6000000000000005,7.819970904445965,0.9990578751221004,synthetic,SPEC_V1,2026-10-07
OOD00007,1,59,ood,0.5941950571264425,0.07762585492453727,0.32817908794902023,7.011422565752521,26.537607694593884,51.621583777228594,6.2,3.220685049086069,33.354403991959714,1.3847543238196158,34.906028409672444,1.9592258309672421,225.569665404048,6.212176265654841,0.8883269647351937,1.961124269667477,0.6459934420925695,0.9034782013202942,0.04483346330854412,0.7394613080491472,0.7132261370177515,5.5,7.711439211969191,0.9990578751221004,synthetic,SPEC_V1,2026-10-07
OOD00007,2,59,ood,0.5941950571264425,0.07762585492453727,0.32817908794902023,7.011422565752521,26.537607694593884,51.621583777228594,6.2,3.220685049086069,33.354403991959714,1.3847543238196158,34.906028409672444,1.9592258309672421,225.569665404048,6.212176265654841,0.8883269647351937,1.961124269667477,0.6459934420925695,0.9034782013202942,0.04483346330854412,0.7394613080491472,0.7113005550617854,5.5,7.732315068307877,0.9990578751221004,synthetic,SPEC_V1,2026-10-07
OOD00007,3,59,ood,0.5941950571264425,0.07762585492453727,0.32817908794902023,7.011422565752521,26.537607694593884,51.621583777228594,6.2,3.220685049086069,33.354403991959714,1.3847543238196158,34.906028409672444,1.9592258309672421,225.569665404048,6.212176265654841,0.8883269647351937,1.961124269667477,0.6459934420925695,0.9034782013202942,0.04483346330854412,0.7394613080491472,0.7190623664897349,5.6000000000000005,7.787919742396843,0.9990578751221004,synthetic,SPEC_V1,2026-10-07
OOD00007,4,59,ood,0.5941950571264425,0.07762585492453727,0.32817908794902023,7.011422565752521,26.537607694593884,51.621583777228594,6.2,3.220685049086069,33.354403991959714,1.3847543238196158,34.906028409672444,1.9592258309672421,225.569665404048,6.212176265654841,0.8883269647351937,1.961124269667477,0.6459934420925695,0.9034782013202942,0.04483346330854412,0.7394613080491472,0.7053709619082053,5.300000000000001,7.51377684397749,0.9990578751221004,synthetic,SPEC_V1,2026-10-07
OOD00007,5,59,ood,0.5941950571264425,0.07762585492453727,0.32817908794902023,7.011422565752521,26.537607694593884,51.621583777228594,6.2,3.220685049086069,33.354403991959714,1.3847543238196158,34.906028409672444,1.9592258309672421,225.569665404048,6.212176265654841,0.8883269647351937,1.961124269667477,0.6459934420925695,0.9034782013202942,0.04483346330854412,0.7394613080491472,0.7144861110137763,5.5,7.6978403291788435,0.9990578751221004,synthetic,SPEC_V1,2026-10-07
OOD00007,6,59,ood,0.5941950571264425,0.07762585492453727,0.32817908794902023,7.011422565752521,26.537607694593884,51.621583777228594,6.2,3.220685049086069,33.354403991959714,1.3847543238196158,34.906028409672444,1.9592258309672421,225.569665404048,6.212176265654841,0.8883269647351937,1.961124269667477,0.6459934420925695,0.9034782013202942,0.04483346330854412,0.7394613080491472,0.7231431488195624,6.0,8.297112417913691,0.9990578751221004,synthetic,SPEC_V1,2026-10-07
OOD00007,7,59,ood,0.5941950571264425,0.07762585492453727,0.32817908794902023,7.011422565752521,26.537607694593884,51.621583777228594,6.2,3.220685049086069,33.354403991959714,1.3847543238196158,34.906028409672444,1.9592258309672421,225.569665404048,6.212176265654841,0.8883269647351937,1.961124269667477,0.6459934420925695,0.9034782013202942,0.04483346330854412,0.7394613080491472,0.7101569816393093,5.800000000000001,8.167208307396233,0.9990578751221004,synthetic,SPEC_V1,2026-10-07
OOD00008,0,59,ood,0.595555483112685,0.0995411871997682,0.3049033296875468,7.339727619184332,22.16743451635576,51.8542976688378,6.7,2.886679735729339,28.055036055638514,1.4058794228803504,27.7722772986653,90.22509386750015,188.42319338902394,6.703166472037239,0.6894103086560874,2.100657256982475,0.75184571321473,0.8908077346906079,0.08227298507038881,0.9005570894256796,0.7023763534358273,69.0,98.23793136325196,0.7957014339338668,synthetic,SPEC_V1,2026-10-07
OOD00008,1,59,ood,0.595555483112685,0.0995411871997682,0.3049033296875468,7.339727619184332,22.16743451635576,51.8542976688378,6.7,2.886679735729339,28.055036055638514,1.4058794228803504,27.7722772986653,90.22509386750015,188.42319338902394,6.703166472037239,0.6894103086560874,2.100657256982475,0.75184571321473,0.8908077346906079,0.08227298507038881,0.9005570894256796,0.6940039222769679,71.10000000000001,102.44898871281151,0.7957014339338668,synthetic,SPEC_V1,2026-10-07
OOD00008,2,59,ood,0.595555483112685,0.0995411871997682,0.3049033296875468,7.339727619184332,22.16743451635576,51.8542976688378,6.7,2.886679735729339,28.055036055638514,1.4058794228803504,27.7722772986653,90.22509386750015,188.42319338902394,6.703166472037239,0.6894103086560874,2.100657256982475,0.75184571321473,0.8908077346906079,0.08227298507038881,0.9005570894256796,0.7081071435648754,81.60000000000001,115.23679819016539,0.7957014339338668,synthetic,SPEC_V1,2026-10-07
OOD00008,3,59,ood,0.595555483112685,0.0995411871997682,0.3049033296875468,7.339727619184332,22.16743451635576,51.8542976688378,6.7,2.886679735729339,28.055036055638514,1.4058794228803504,27.7722772986653,90.22509386750015,188.42319338902394,6.703166472037239,0.6894103086560874,2.100657256982475,0.75184571321473,0.8908077346906079,0.08227298507038881,0.9005570894256796,0.670086963895271,79.10000000000001,118.04437970287492,0.7957014339338668,synthetic,SPEC_V1,2026-10-07
OOD00008,4,59,ood,0.595555483112685,0.0995411871997682,0.3049033296875468,7.339727619184332,22.16743451635576,51.8542976688378,6.7,2.886679735729339,28.055036055638514,1.4058794228803504,27.7722772986653,90.22509386750015,188.42319338902394,6.703166472037239,0.6894103086560874,2.100657256982475,0.75184571321473,0.8908077346906079,0.08227298507038881,0.9005570894256796,0.7123495407504282,71.7,100.6528338945334,0.7957014339338668,synthetic,SPEC_V1,2026-10-07
OOD00008,5,59,ood,0.595555483112685,0.0995411871997682,0.3049033296875468,7.339727619184332,22.16743451635576,51.8542976688378,6.7,2.886679735729339,28.055036055638514,1.4058794228803504,27.7722772986653,90.22509386750015,188.42319338902394,6.703166472037239,0.6894103086560874,2.100657256982475,0.75184571321473,0.8908077346906079,0.08227298507038881,0.9005570894256796,0.6900294480891533,78.2,113.3284966555462,0.7957014339338668,synthetic,SPEC_V1,2026-10-07
OOD00008,6,59,ood,0.595555483112685,0.0995411871997682,0.3049033296875468,7.339727619184332,22.16743451635576,51.8542976688378,6.7,2.886679735729339,28.055036055638514,1.4058794228803504,27.7722772986653,90.22509386750015,188.42319338902394,6.703166472037239,0.6894103086560874,2.100657256982475,0.75184571321473,0.8908077346906079,0.08227298507038881,0.9005570894256796,0.7106932948017394,79.10000000000001,111.29976964545074,0.7957014339338668,synthetic,SPEC_V1,2026-10-07
OOD00008,7,59,ood,0.595555483112685,0.0995411871997682,0.3049033296875468,7.339727619184332,22.16743451635576,51.8542976688378,6.7,2.886679735729339,28.055036055638514,1.4058794228803504,27.7722772986653,90.22509386750015,188.42319338902394,6.703166472037239,0.6894103086560874,2.100657256982475,0.75184571321473,0.8908077346906079,0.08227298507038881,0.9005570894256796,0.7031863360531002,83.2,118.31856754639394,0.7957014339338668,synthetic,SPEC_V1,2026-10-07
OOD00009,0,59,ood,0.5592403627260859,0.11450433188422084,0.32625530538969333,7.394328643782322,27.674248379754815,42.37661955329981,6.6000000000000005,3.4152996158220477,32.050304739279454,2.8151857757802894,26.32586401264798,85.53262608389,235.2311112279159,6.5943286437823225,0.9209447763698475,3.016717897707959,0.6293323190069607,0.7982157771093886,0.0447839851003536,0.7390742912574844,0.7095659459764042,9.1,12.824741733452086,1.0,synthetic,SPEC_V1,2026-10-07
OOD00009,1,59,ood,0.5592403627260859,0.11450433188422084,0.32625530538969333,7.394328643782322,27.674248379754815,42.37661955329981,6.6000000000000005,3.4152996158220477,32.050304739279454,2.8151857757802894,26.32586401264798,85.53262608389,235.2311112279159,6.5943286437823225,0.9209447763698475,3.016717897707959,0.6293323190069607,0.7982157771093886,0.0447839851003536,0.7390742912574844,0.7247662336615514,7.800000000000001,10.762090778697088,1.0,synthetic,SPEC_V1,2026-10-07
OOD00009,2,59,ood,0.5592403627260859,0.11450433188422084,0.32625530538969333,7.394328643782322,27.674248379754815,42.37661955329981,6.6000000000000005,3.4152996158220477,32.050304739279454,2.8151857757802894,26.32586401264798,85.53262608389,235.2311112279159,6.5943286437823225,0.9209447763698475,3.016717897707959,0.6293323190069607,0.7982157771093886,0.0447839851003536,0.7390742912574844,0.7125061295910621,8.4,11.78937226100935,1.0,synthetic,SPEC_V1,2026-10-07
OOD00009,3,59,ood,0.5592403627260859,0.11450433188422084,0.32625530538969333,7.394328643782322,27.674248379754815,42.37661955329981,6.6000000000000005,3.4152996158220477,32.050304739279454,2.8151857757802894,26.32586401264798,85.53262608389,235.2311112279159,6.5943286437823225,0.9209447763698475,3.016717897707959,0.6293323190069607,0.7982157771093886,0.0447839851003536,0.7390742912574844,0.723150521009552,8.1,11.20098757405584,1.0,synthetic,SPEC_V1,2026-10-07
OOD00009,4,59,ood,0.5592403627260859,0.11450433188422084,0.32625530538969333,7.394328643782322,27.674248379754815,42.37661955329981,6.6000000000000005,3.4152996158220477,32.050304739279454,2.8151857757802894,26.32586401264798,85.53262608389,235.2311112279159,6.5943286437823225,0.9209447763698475,3.016717897707959,0.6293323190069607,0.7982157771093886,0.0447839851003536,0.7390742912574844,0.7067263581855587,8.1,11.461296025233654,1.0,synthetic,SPEC_V1,2026-10-07
OOD00009,5,59,ood,0.5592403627260859,0.11450433188422084,0.32625530538969333,7.394328643782322,27.674248379754815,42.37661955329981,6.6000000000000005,3.4152996158220477,32.050304739279454,2.8151857757802894,26.32586401264798,85.53262608389,235.2311112279159,6.5943286437823225,0.9209447763698475,3.016717897707959,0.6293323190069607,0.7982157771093886,0.0447839851003536,0.7390742912574844,0.7063784888692989,8.4,11.891641849748133,1.0,synthetic,SPEC_V1,2026-10-07
OOD00009,6,59,ood,0.5592403627260859,0.11450433188422084,0.32625530538969333,7.394328643782322,27.674248379754815,42.37661955329981,6.6000000000000005,3.4152996158220477,32.050304739279454,2.8151857757802894,26.32586401264798,85.53262608389,235.2311112279159,6.5943286437823225,0.9209447763698475,3.016717897707959,0.6293323190069607,0.7982157771093886,0.0447839851003536,0.7390742912574844,0.7009687261239116,7.2,10.27149961427415,1.0,synthetic,SPEC_V1,2026-10-07
OOD00009,7,59,ood,0.5592403627260859,0.11450433188422084,0.32625530538969333,7.394328643782322,27.674248379754815,42.37661955329981,6.6000000000000005,3.4152996158220477,32.050304739279454,2.8151857757802894,26.32586401264798,85.53262608389,235.2311112279159,6.5943286437823225,0.9209447763698475,3.016717897707959,0.6293323190069607,0.7982157771093886,0.0447839851003536,0.7390742912574844,0.7212993878974973,8.200000000000001,11.36837232581333,1.0,synthetic,SPEC_V1,2026-10-07
OOD00010,0,59,ood,0.4839783510505131,0.17101389376671516,0.3450077551827717,6.603008845454271,24.656346417884727,48.79312059966692,5.800000000000001,3.642763601135734,30.32011073683489,2.065347345306413,28.459907106674304,24.172294596401898,209.5789445520202,5.803008845454271,0.8676763343216048,4.014182072248261,0.6566760036798948,0.6907977981686123,0.00597000096056119,0.1639777311040308,0.7307261479185567,0.2,0.27370034666159376,1.0,synthetic,SPEC_V1,2026-10-07
OOD00010,1,59,ood,0.4839783510505131,0.17101389376671516,0.3450077551827717,6.603008845454271,24.656346417884727,48.79312059966692,5.800000000000001,3.642763601135734,30.32011073683489,2.065347345306413,28.459907106674304,24.172294596401898,209.5789445520202,5.803008845454271,0.8676763343216048,4.014182072248261,0.6566760036798948,0.6907977981686123,0.00597000096056119,0.1639777311040308,0.7322871896801627,0.2,0.27311689022902746,1.0,synthetic,SPEC_V1,2026-10-07
OOD00010,2,59,ood,0.4839783510505131,0.17101389376671516,0.3450077551827717,6.603008845454271,24.656346417884727,48.79312059966692,5.800000000000001,3.642763601135734,30.32011073683489,2.065347345306413,28.459907106674304,24.172294596401898,209.5789445520202,5.803008845454271,0.8676763343216048,4.014182072248261,0.6566760036798948,0.6907977981686123,0.00597000096056119,0.1639777311040308,0.7350225293057029,0.2,0.2721005030810669,1.0,synthetic,SPEC_V1,2026-10-07
OOD00010,3,59,ood,0.4839783510505131,0.17101389376671516,0.3450077551827717,6.603008845454271,24.656346417884727,48.79312059966692,5.800000000000001,3.642763601135734,30.32011073683489,2.065347345306413,28.459907106674304,24.172294596401898,209.5789445520202,5.803008845454271,0.8676763343216048,4.014182072248261,0.6566760036798948,0.6907977981686123,0.00597000096056119,0.1639777311040308,0.7462614171286742,0.2,0.26800259990597236,1.0,synthetic,SPEC_V1,2026-10-07
OOD00010,4,59,ood,0.4839783510505131,0.17101389376671516,0.3450077551827717,6.603008845454271,24.656346417884727,48.79312059966692,5.800000000000001,3.642763601135734,30.32011073683489,2.065347345306413,28.459907106674304,24.172294596401898,209.5789445520202,5.803008845454271,0.8676763343216048,4.014182072248261,0.6566760036798948,0.6907977981686123,0.00597000096056119,0.1639777311040308,0.714970406840812,0.2,0.2797318575515951,1.0,synthetic,SPEC_V1,2026-10-07
OOD00010,5,59,ood,0.4839783510505131,0.17101389376671516,0.3450077551827717,6.603008845454271,24.656346417884727,48.79312059966692,5.800000000000001,3.642763601135734,30.32011073683489,2.065347345306413,28.459907106674304,24.172294596401898,209.5789445520202,5.803008845454271,0.8676763343216048,4.014182072248261,0.6566760036798948,0.6907977981686123,0.00597000096056119,0.1639777311040308,0.75,0.2,0.26666666666666666,1.0,synthetic,SPEC_V1,2026-10-07
OOD00010,6,59,ood,0.4839783510505131,0.17101389376671516,0.3450077551827717,6.603008845454271,24.656346417884727,48.79312059966692,5.800000000000001,3.642763601135734,30.32011073683489,2.065347345306413,28.459907106674304,24.172294596401898,209.5789445520202,5.803008845454271,0.8676763343216048,4.014182072248261,0.6566760036798948,0.6907977981686123,0.00597000096056119,0.1639777311040308,0.7355658230750345,0.2,0.2718995278544884,1.0,synthetic,SPEC_V1,2026-10-07
OOD00010,7,59,ood,0.4839783510505131,0.17101389376671516,0.3450077551827717,6.603008845454271,24.656346417884727,48.79312059966692,5.800000000000001,3.642763601135734,30.32011073683489,2.065347345306413,28.459907106674304,24.172294596401898,209.5789445520202,5.803008845454271,0.8676763343216048,4.014182072248261,0.6566760036798948,0.6907977981686123,0.00597000096056119,0.1639777311040308,0.728939270323947,0.2,0.2743712791205751,1.0,synthetic,SPEC_V1,2026-10-07
OOD00011,0,59,ood,0.556079564962802,0.0964585698105381,0.34746186522665984,6.689512183171287,27.77561897468055,43.144324209193854,6.6000000000000005,1.6840294924336596,22.47052678136672,2.225704493639718,32.93436915427772,35.26159504457897,236.09276128478464,6.610894449318779,0.9843987744302859,2.5505950507689237,0.5977482457214188,0.8469485186879532,0.046016127227345605,0.6444205686939776,0.7244476672708654,38.400000000000006,53.00589916268243,0.09827216731563526,synthetic,SPEC_V1,2026-10-07
OOD00011,1,59,ood,0.556079564962802,0.0964585698105381,0.34746186522665984,6.689512183171287,27.77561897468055,43.144324209193854,6.6000000000000005,1.6840294924336596,22.47052678136672,2.225704493639718,32.93436915427772,35.26159504457897,236.09276128478464,6.610894449318779,0.9843987744302859,2.5505950507689237,0.5977482457214188,0.8469485186879532,0.046016127227345605,0.6444205686939776,0.7366299170979675,37.5,50.90751696283972,0.09827216731563526,synthetic,SPEC_V1,2026-10-07
OOD00011,2,59,ood,0.556079564962802,0.0964585698105381,0.34746186522665984,6.689512183171287,27.77561897468055,43.144324209193854,6.6000000000000005,1.6840294924336596,22.47052678136672,2.225704493639718,32.93436915427772,35.26159504457897,236.09276128478464,6.610894449318779,0.9843987744302859,2.5505950507689237,0.5977482457214188,0.8469485186879532,0.046016127227345605,0.6444205686939776,0.7298621060197583,39.300000000000004,53.84578768490839,0.09827216731563526,synthetic,SPEC_V1,2026-10-07
OOD00011,3,59,ood,0.556079564962802,0.0964585698105381,0.34746186522665984,6.689512183171287,27.77561897468055,43.144324209193854,6.6000000000000005,1.6840294924336596,22.47052678136672,2.225704493639718,32.93436915427772,35.26159504457897,236.09276128478464,6.610894449318779,0.9843987744302859,2.5505950507689237,0.5977482457214188,0.8469485186879532,0.046016127227345605,0.6444205686939776,0.7342254170037843,41.300000000000004,56.249755243473324,0.09827216731563526,synthetic,SPEC_V1,2026-10-07
OOD00011,4,59,ood,0.556079564962802,0.0964585698105381,0.34746186522665984,6.689512183171287,27.77561897468055,43.144324209193854,6.6000000000000005,1.6840294924336596,22.47052678136672,2.225704493639718,32.93436915427772,35.26159504457897,236.09276128478464,6.610894449318779,0.9843987744302859,2.5505950507689237,0.5977482457214188,0.8469485186879532,0.046016127227345605,0.6444205686939776,0.7230292678612837,41.400000000000006,57.259092875259334,0.09827216731563526,synthetic,SPEC_V1,2026-10-07
OOD00011,5,59,ood,0.556079564962802,0.0964585698105381,0.34746186522665984,6.689512183171287,27.77561897468055,43.144324209193854,6.6000000000000005,1.6840294924336596,22.47052678136672,2.225704493639718,32.93436915427772,35.26159504457897,236.09276128478464,6.610894449318779,0.9843987744302859,2.5505950507689237,0.5977482457214188,0.8469485186879532,0.046016127227345605,0.6444205686939776,0.7079134379984601,42.7,60.31810911900346,0.09827216731563526,synthetic,SPEC_V1,2026-10-07
OOD00011,6,59,ood,0.556079564962802,0.0964585698105381,0.34746186522665984,6.689512183171287,27.77561897468055,43.144324209193854,6.6000000000000005,1.6840294924336596,22.47052678136672,2.225704493639718,32.93436915427772,35.26159504457897,236.09276128478464,6.610894449318779,0.9843987744302859,2.5505950507689237,0.5977482457214188,0.8469485186879532,0.046016127227345605,0.6444205686939776,0.7166619132459353,39.400000000000006,54.977108831621685,0.09827216731563526,synthetic,SPEC_V1,2026-10-07
OOD00011,7,59,ood,0.556079564962802,0.0964585698105381,0.34746186522665984,6.689512183171287,27.77561897468055,43.144324209193854,6.6000000000000005,1.6840294924336596,22.47052678136672,2.225704493639718,32.93436915427772,35.26159504457897,236.09276128478464,6.610894449318779,0.9843987744302859,2.5505950507689237,0.5977482457214188,0.8469485186879532,0.046016127227345605,0.6444205686939776,0.7340755730395458,41.0,55.85256001672087,0.09827216731563526,synthetic,SPEC_V1,2026-10-07
OOD00012,0,59,ood,0.5904758893608306,0.05202398638686594,0.35750012425230354,6.543098748767448,22.99716511489022,40.05890165167051,5.7,3.779199714392635,22.50182353827741,1.4517228820032584,26.91270748748814,60.701800703387235,195.47590347656686,5.743098748767448,0.8385919173744473,1.1389768030396263,0.671881084788051,0.9652181454048692,0.009905218671544383,0.19979351843068116,0.7340599537391942,0.30000000000000004,0.40868596423472475,1.0,synthetic,SPEC_V1,2026-10-07
OOD00012,1,59,ood,0.5904758893608306,0.05202398638686594,0.35750012425230354,6.543098748767448,22.99716511489022,40.05890165167051,5.7,3.779199714392635,22.50182353827741,1.4517228820032584,26.91270748748814,60.701800703387235,195.47590347656686,5.743098748767448,0.8385919173744473,1.1389768030396263,0.671881084788051,0.9652181454048692,0.009905218671544383,0.19979351843068116,0.7437683525179829,0.30000000000000004,0.40335139157826244,1.0,synthetic,SPEC_V1,2026-10-07
OOD00012,2,59,ood,0.5904758893608306,0.05202398638686594,0.35750012425230354,6.543098748767448,22.99716511489022,40.05890165167051,5.7,3.779199714392635,22.50182353827741,1.4517228820032584,26.91270748748814,60.701800703387235,195.47590347656686,5.743098748767448,0.8385919173744473,1.1389768030396263,0.671881084788051,0.9652181454048692,0.009905218671544383,0.19979351843068116,0.731850352786933,0.30000000000000004,0.40991986798609964,1.0,synthetic,SPEC_V1,2026-10-07
OOD00012,3,59,ood,0.5904758893608306,0.05202398638686594,0.35750012425230354,6.543098748767448,22.99716511489022,40.05890165167051,5.7,3.779199714392635,22.50182353827741,1.4517228820032584,26.91270748748814,60.701800703387235,195.47590347656686,5.743098748767448,0.8385919173744473,1.1389768030396263,0.671881084788051,0.9652181454048692,0.009905218671544383,0.19979351843068116,0.732706965242538,0.30000000000000004,0.4094406280151781,1.0,synthetic,SPEC_V1,2026-10-07
OOD00012,4,59,ood,0.5904758893608306,0.05202398638686594,0.35750012425230354,6.543098748767448,22.99716511489022,40.05890165167051,5.7,3.779199714392635,22.50182353827741,1.4517228820032584,26.91270748748814,60.701800703387235,195.47590347656686,5.743098748767448,0.8385919173744473,1.1389768030396263,0.671881084788051,0.9652181454048692,0.009905218671544383,0.19979351843068116,0.7266913296437886,0.30000000000000004,0.41283002529706087,1.0,synthetic,SPEC_V1,2026-10-07
OOD00012,5,59,ood,0.5904758893608306,0.05202398638686594,0.35750012425230354,6.543098748767448,22.99716511489022,40.05890165167051,5.7,3.779199714392635,22.50182353827741,1.4517228820032584,26.91270748748814,60.701800703387235,195.47590347656686,5.743098748767448,0.8385919173744473,1.1389768030396263,0.671881084788051,0.9652181454048692,0.009905218671544383,0.19979351843068116,0.7219270581537791,0.30000000000000004,0.4155544477958831,1.0,synthetic,SPEC_V1,2026-10-07
OOD00012,6,59,ood,0.5904758893608306,0.05202398638686594,0.35750012425230354,6.543098748767448,22.99716511489022,40.05890165167051,5.7,3.779199714392635,22.50182353827741,1.4517228820032584,26.91270748748814,60.701800703387235,195.47590347656686,5.743098748767448,0.8385919173744473,1.1389768030396263,0.671881084788051,0.9652181454048692,0.009905218671544383,0.19979351843068116,0.7380829267028983,0.30000000000000004,0.40645839260926236,1.0,synthetic,SPEC_V1,2026-10-07
OOD00012,7,59,ood,0.5904758893608306,0.05202398638686594,0.35750012425230354,6.543098748767448,22.99716511489022,40.05890165167051,5.7,3.779199714392635,22.50182353827741,1.4517228820032584,26.91270748748814,60.701800703387235,195.47590347656686,5.743098748767448,0.8385919173744473,1.1389768030396263,0.671881084788051,0.9652181454048692,0.009905218671544383,0.19979351843068116,0.7423592965642014,0.30000000000000004,0.40411698403787033,1.0,synthetic,SPEC_V1,2026-10-07
OOD00013,0,59,ood,0.5078809787100294,0.11676046425867015,0.37535855703130055,7.401731895521934,24.116378095575712,33.89303633153021,6.6000000000000005,3.087595533246202,23.7438249440185,1.0347786497694287,28.5507382411923,89.57652522637176,204.98921381239356,6.601731895521934,0.9233334660432095,2.6806792065485454,0.628122979057132,0.8336026910403668,0.06939071056347877,0.8074887883014179,0.7463265938496441,17.900000000000002,23.984137973255926,1.0,synthetic,SPEC_V1,2026-10-07
OOD00013,1,59,ood,0.5078809787100294,0.11676046425867015,0.37535855703130055,7.401731895521934,24.116378095575712,33.89303633153021,6.6000000000000005,3.087595533246202,23.7438249440185,1.0347786497694287,28.5507382411923,89.57652522637176,204.98921381239356,6.601731895521934,0.9233334660432095,2.6806792065485454,0.628122979057132,0.8336026910403668,0.06939071056347877,0.8074887883014179,0.7481874082256235,18.900000000000002,25.261050630112337,1.0,synthetic,SPEC_V1,2026-10-07
OOD00013,2,59,ood,0.5078809787100294,0.11676046425867015,0.37535855703130055,7.401731895521934,24.116378095575712,33.89303633153021,6.6000000000000005,3.087595533246202,23.7438249440185,1.0347786497694287,28.5507382411923,89.57652522637176,204.98921381239356,6.601731895521934,0.9233334660432095,2.6806792065485454,0.628122979057132,0.8336026910403668,0.06939071056347877,0.8074887883014179,0.75,19.1,25.46666666666667,1.0,synthetic,SPEC_V1,2026-10-07
OOD00013,3,59,ood,0.5078809787100294,0.11676046425867015,0.37535855703130055,7.401731895521934,24.116378095575712,33.89303633153021,6.6000000000000005,3.087595533246202,23.7438249440185,1.0347786497694287,28.5507382411923,89.57652522637176,204.98921381239356,6.601731895521934,0.9233334660432095,2.6806792065485454,0.628122979057132,0.8336026910403668,0.06939071056347877,0.8074887883014179,0.7431658333020492,19.200000000000003,25.83541807175147,1.0,synthetic,SPEC_V1,2026-10-07
OOD00013,4,59,ood,0.5078809787100294,0.11676046425867015,0.37535855703130055,7.401731895521934,24.116378095575712,33.89303633153021,6.6000000000000005,3.087595533246202,23.7438249440185,1.0347786497694287,28.5507382411923,89.57652522637176,204.98921381239356,6.601731895521934,0.9233334660432095,2.6806792065485454,0.628122979057132,0.8336026910403668,0.06939071056347877,0.8074887883014179,0.7262032070418143,20.1,27.678203297775656,1.0,synthetic,SPEC_V1,2026-10-07
OOD00013,5,59,ood,0.5078809787100294,0.11676046425867015,0.37535855703130055,7.401731895521934,24.116378095575712,33.89303633153021,6.6000000000000005,3.087595533246202,23.7438249440185,1.0347786497694287,28.5507382411923,89.57652522637176,204.98921381239356,6.601731895521934,0.9233334660432095,2.6806792065485454,0.628122979057132,0.8336026910403668,0.06939071056347877,0.8074887883014179,0.7366150870905451,21.200000000000003,28.78029566803332,1.0,synthetic,SPEC_V1,2026-10-07
OOD00013,6,59,ood,0.5078809787100294,0.11676046425867015,0.37535855703130055,7.401731895521934,24.116378095575712,33.89303633153021,6.6000000000000005,3.087595533246202,23.7438249440185,1.0347786497694287,28.5507382411923,89.57652522637176,204.98921381239356,6.601731895521934,0.9233334660432095,2.6806792065485454,0.628122979057132,0.8336026910403668,0.06939071056347877,0.8074887883014179,0.7407731010406953,19.900000000000002,26.863826416000993,1.0,synthetic,SPEC_V1,2026-10-07
OOD00013,7,59,ood,0.5078809787100294,0.11676046425867015,0.37535855703130055,7.401731895521934,24.116378095575712,33.89303633153021,6.6000000000000005,3.087595533246202,23.7438249440185,1.0347786497694287,28.5507382411923,89.57652522637176,204.98921381239356,6.601731895521934,0.9233334660432095,2.6806792065485454,0.628122979057132,0.8336026910403668,0.06939071056347877,0.8074887883014179,0.75,19.6,26.133333333333336,1.0,synthetic,SPEC_V1,2026-10-07
OOD00014,0,59,ood,0.47012335515308146,0.1779680255237357,0.3519086193231828,7.016890608958067,23.51628442516586,45.14261632786271,6.300000000000001,2.6116803577018537,25.972466154954745,2.857754029282048,33.29077690424416,47.230025460938045,199.8884176139098,6.292381591606057,0.8441094847344813,3.984259664874881,0.6689830756274494,0.6939849327477481,0.02618830615430151,0.49347160479119023,0.7466165011393269,6.6000000000000005,8.839879630209737,0.9056362716900126,synthetic,SPEC_V1,2026-10-07
OOD00014,1,59,ood,0.47012335515308146,0.1779680255237357,0.3519086193231828,7.016890608958067,23.51628442516586,45.14261632786271,6.300000000000001,2.6116803577018537,25.972466154954745,2.857754029282048,33.29077690424416,47.230025460938045,199.8884176139098,6.292381591606057,0.8441094847344813,3.984259664874881,0.6689830756274494,0.6939849327477481,0.02618830615430151,0.49347160479119023,0.7374841484460597,7.7,10.440902379019995,0.9056362716900126,synthetic,SPEC_V1,2026-10-07
OOD00014,2,59,ood,0.47012335515308146,0.1779680255237357,0.3519086193231828,7.016890608958067,23.51628442516586,45.14261632786271,6.300000000000001,2.6116803577018537,25.972466154954745,2.857754029282048,33.29077690424416,47.230025460938045,199.8884176139098,6.292381591606057,0.8441094847344813,3.984259664874881,0.6689830756274494,0.6939849327477481,0.02618830615430151,0.49347160479119023,0.7317237037227805,6.7,9.156461606905042,0.9056362716900126,synthetic,SPEC_V1,2026-10-07
OOD00014,3,59,ood,0.47012335515308146,0.1779680255237357,0.3519086193231828,7.016890608958067,23.51628442516586,45.14261632786271,6.300000000000001,2.6116803577018537,25.972466154954745,2.857754029282048,33.29077690424416,47.230025460938045,199.8884176139098,6.292381591606057,0.8441094847344813,3.984259664874881,0.6689830756274494,0.6939849327477481,0.02618830615430151,0.49347160479119023,0.706096792104413,6.1000000000000005,8.639042222270813,0.9056362716900126,synthetic,SPEC_V1,2026-10-07
OOD00014,4,59,ood,0.47012335515308146,0.1779680255237357,0.3519086193231828,7.016890608958067,23.51628442516586,45.14261632786271,6.300000000000001,2.6116803577018537,25.972466154954745,2.857754029282048,33.29077690424416,47.230025460938045,199.8884176139098,6.292381591606057,0.8441094847344813,3.984259664874881,0.6689830756274494,0.6939849327477481,0.02618830615430151,0.49347160479119023,0.7141754096570063,7.0,9.80151361324784,0.9056362716900126,synthetic,SPEC_V1,2026-10-07
OOD00014,5,59,ood,0.47012335515308146,0.1779680255237357,0.3519086193231828,7.016890608958067,23.51628442516586,45.14261632786271,6.300000000000001,2.6116803577018537,25.972466154954745,2.857754029282048,33.29077690424416,47.230025460938045,199.8884176139098,6.292381591606057,0.8441094847344813,3.984259664874881,0.6689830756274494,0.6939849327477481,0.02618830615430151,0.49347160479119023,0.7332814502521343,6.7,9.13701007668508,0.9056362716900126,synthetic,SPEC_V1,2026-10-07
OOD00014,6,59,ood,0.47012335515308146,0.1779680255237357,0.3519086193231828,7.016890608958067,23.51628442516586,45.14261632786271,6.300000000000001,2.6116803577018537,25.972466154954745,2.857754029282048,33.29077690424416,47.230025460938045,199.8884176139098,6.292381591606057,0.8441094847344813,3.984259664874881,0.6689830756274494,0.6939849327477481,0.02618830615430151,0.49347160479119023,0.7456265195458925,6.4,8.583385692743036,0.9056362716900126,synthetic,SPEC_V1,2026-10-07
OOD00014,7,59,ood,0.47012335515308146,0.1779680255237357,0.3519086193231828,7.016890608958067,23.51628442516586,45.14261632786271,6.300000000000001,2.6116803577018537,25.972466154954745,2.857754029282048,33.29077690424416,47.230025460938045,199.8884176139098,6.292381591606057,0.8441094847344813,3.984259664874881,0.6689830756274494,0.6939849327477481,0.02618830615430151,0.49347160479119023,0.7205007238022667,6.9,9.576673238559616,0.9056362716900126,synthetic,SPEC_V1,2026-10-07
OOD00015,0,59,ood,0.5621541435930202,0.11363146852627287,0.324214387880707,7.185394654542145,24.04550817699012,47.56905858493522,6.800000000000001,2.2294442100032263,20.5948696597861,1.1540128972298636,25.204564304962798,52.43346340189624,204.386819504416,6.827195303177302,0.7951817709181054,2.6011747381425185,0.6948753741420297,0.8417880416187612,0.05815317070897107,0.6980992539393318,0.7140481296702338,107.30000000000001,150.26998257043817,0.44774918920605433,synthetic,SPEC_V1,2026-10-07
OOD00015,1,59,ood,0.5621541435930202,0.11363146852627287,0.324214387880707,7.185394654542145,24.04550817699012,47.56905858493522,6.800000000000001,2.2294442100032263,20.5948696597861,1.1540128972298636,25.204564304962798,52.43346340189624,204.386819504416,6.827195303177302,0.7951817709181054,2.6011747381425185,0.6948753741420297,0.8417880416187612,0.05815317070897107,0.6980992539393318,0.7109619595801503,92.0,129.4021413667891,0.44774918920605433,synthetic,SPEC_V1,2026-10-07
OOD00015,2,59,ood,0.5621541435930202,0.11363146852627287,0.324214387880707,7.185394654542145,24.04550817699012,47.56905858493522,6.800000000000001,2.2294442100032263,20.5948696597861,1.1540128972298636,25.204564304962798,52.43346340189624,204.386819504416,6.827195303177302,0.7951817709181054,2.6011747381425185,0.6948753741420297,0.8417880416187612,0.05815317070897107,0.6980992539393318,0.7186550806649813,104.80000000000001,145.82795393727287,0.44774918920605433,synthetic,SPEC_V1,2026-10-07
OOD00015,3,59,ood,0.5621541435930202,0.11363146852627287,0.324214387880707,7.185394654542145,24.04550817699012,47.56905858493522,6.800000000000001,2.2294442100032263,20.5948696597861,1.1540128972298636,25.204564304962798,52.43346340189624,204.386819504416,6.827195303177302,0.7951817709181054,2.6011747381425185,0.6948753741420297,0.8417880416187612,0.05815317070897107,0.6980992539393318,0.69292298068557,105.30000000000001,151.964941176893,0.44774918920605433,synthetic,SPEC_V1,2026-10-07
OOD00015,4,59,ood,0.5621541435930202,0.11363146852627287,0.324214387880707,7.185394654542145,24.04550817699012,47.56905858493522,6.800000000000001,2.2294442100032263,20.5948696597861,1.1540128972298636,25.204564304962798,52.43346340189624,204.386819504416,6.827195303177302,0.7951817709181054,2.6011747381425185,0.6948753741420297,0.8417880416187612,0.05815317070897107,0.6980992539393318,0.7140575551296805,103.7,145.22638862236667,0.44774918920605433,synthetic,SPEC_V1,2026-10-07
OOD00015,5,59,ood,0.5621541435930202,0.11363146852627287,0.324214387880707,7.185394654542145,24.04550817699012,47.56905858493522,6.800000000000001,2.2294442100032263,20.5948696597861,1.1540128972298636,25.204564304962798,52.43346340189624,204.386819504416,6.827195303177302,0.7951817709181054,2.6011747381425185,0.6948753741420297,0.8417880416187612,0.05815317070897107,0.6980992539393318,0.7108821583081465,101.2,142.35833438392862,0.44774918920605433,synthetic,SPEC_V1,2026-10-07
OOD00015,6,59,ood,0.5621541435930202,0.11363146852627287,0.324214387880707,7.185394654542145,24.04550817699012,47.56905858493522,6.800000000000001,2.2294442100032263,20.5948696597861,1.1540128972298636,25.204564304962798,52.43346340189624,204.386819504416,6.827195303177302,0.7951817709181054,2.6011747381425185,0.6948753741420297,0.8417880416187612,0.05815317070897107,0.6980992539393318,0.6923315395667238,101.7,146.8949400508983,0.44774918920605433,synthetic,SPEC_V1,2026-10-07
OOD00015,7,59,ood,0.5621541435930202,0.11363146852627287,0.324214387880707,7.185394654542145,24.04550817699012,47.56905858493522,6.800000000000001,2.2294442100032263,20.5948696597861,1.1540128972298636,25.204564304962798,52.43346340189624,204.386819504416,6.827195303177302,0.7951817709181054,2.6011747381425185,0.6948753741420297,0.8417880416187612,0.05815317070897107,0.6980992539393318,0.6792072263772877,109.2,160.7756745793828,0.44774918920605433,synthetic,SPEC_V1,2026-10-07
OOD00016,0,59,ood,0.5857125020671574,0.09391232661205356,0.3203751713207891,7.117949502892781,27.855632949414723,36.495248971662114,6.4,2.9259349671160493,23.469860581951558,1.8669146199296875,26.340046792772604,69.74708227981039,236.7728800700251,6.445393508896681,0.9102738241986112,2.490419909153432,0.6347531488033341,0.8530362730147093,0.08706655732758112,0.8704178144682491,0.7039504003175708,32.2,45.74185906489111,0.8406949924951244,synthetic,SPEC_V1,2026-10-07
OOD00016,1,59,ood,0.5857125020671574,0.09391232661205356,0.3203751713207891,7.117949502892781,27.855632949414723,36.495248971662114,6.4,2.9259349671160493,23.469860581951558,1.8669146199296875,26.340046792772604,69.74708227981039,236.7728800700251,6.445393508896681,0.9102738241986112,2.490419909153432,0.6347531488033341,0.8530362730147093,0.08706655732758112,0.8704178144682491,0.71327570612654,30.700000000000003,43.04086026806809,0.8406949924951244,synthetic,SPEC_V1,2026-10-07
OOD00016,2,59,ood,0.5857125020671574,0.09391232661205356,0.3203751713207891,7.117949502892781,27.855632949414723,36.495248971662114,6.4,2.9259349671160493,23.469860581951558,1.8669146199296875,26.340046792772604,69.74708227981039,236.7728800700251,6.445393508896681,0.9102738241986112,2.490419909153432,0.6347531488033341,0.8530362730147093,0.08706655732758112,0.8704178144682491,0.7312045743810855,30.200000000000003,41.30171098226817,0.8406949924951244,synthetic,SPEC_V1,2026-10-07
OOD00016,3,59,ood,0.5857125020671574,0.09391232661205356,0.3203751713207891,7.117949502892781,27.855632949414723,36.495248971662114,6.4,2.9259349671160493,23.469860581951558,1.8669146199296875,26.340046792772604,69.74708227981039,236.7728800700251,6.445393508896681,0.9102738241986112,2.490419909153432,0.6347531488033341,0.8530362730147093,0.08706655732758112,0.8704178144682491,0.7104790941017362,32.2,45.3215305943811,0.8406949924951244,synthetic,SPEC_V1,2026-10-07
OOD00016,4,59,ood,0.5857125020671574,0.09391232661205356,0.3203751713207891,7.117949502892781,27.855632949414723,36.495248971662114,6.4,2.9259349671160493,23.469860581951558,1.8669146199296875,26.340046792772604,69.74708227981039,236.7728800700251,6.445393508896681,0.9102738241986112,2.490419909153432,0.6347531488033341,0.8530362730147093,0.08706655732758112,0.8704178144682491,0.7133300585704775,32.1,45.00020658645566,0.8406949924951244,synthetic,SPEC_V1,2026-10-07
OOD00016,5,59,ood,0.5857125020671574,0.09391232661205356,0.3203751713207891,7.117949502892781,27.855632949414723,36.495248971662114,6.4,2.9259349671160493,23.469860581951558,1.8669146199296875,26.340046792772604,69.74708227981039,236.7728800700251,6.445393508896681,0.9102738241986112,2.490419909153432,0.6347531488033341,0.8530362730147093,0.08706655732758112,0.8704178144682491,0.7227716612342654,32.4,44.827435465124694,0.8406949924951244,synthetic,SPEC_V1,2026-10-07
OOD00016,6,59,ood,0.5857125020671574,0.09391232661205356,0.3203751713207891,7.117949502892781,27.855632949414723,36.495248971662114,6.4,2.9259349671160493,23.469860581951558,1.8669146199296875,26.340046792772604,69.74708227981039,236.7728800700251,6.445393508896681,0.9102738241986112,2.490419909153432,0.6347531488033341,0.8530362730147093,0.08706655732758112,0.8704178144682491,0.7170387415387826,31.8,44.3490681295078,0.8406949924951244,synthetic,SPEC_V1,2026-10-07
OOD00016,7,59,ood,0.5857125020671574,0.09391232661205356,0.3203751713207891,7.117949502892781,27.855632949414723,36.495248971662114,6.4,2.9259349671160493,23.469860581951558,1.8669146199296875,26.340046792772604,69.74708227981039,236.7728800700251,6.445393508896681,0.9102738241986112,2.490419909153432,0.6347531488033341,0.8530362730147093,0.08706655732758112,0.8704178144682491,0.7145384235118162,31.1,43.52460130436317,0.8406949924951244,synthetic,SPEC_V1,2026-10-07
OOD00017,0,59,ood,0.491781844229997,0.14146893172058322,0.3667492240494198,6.5541340118437095,24.57795889938931,51.16117115475022,5.800000000000001,3.0098012127988047,21.46493132125845,2.1440618606551274,33.52392877909988,87.29091514241912,208.9126506448091,5.75413401184371,0.9194226302170951,3.3101207450792947,0.6301037382833319,0.7666605014518847,0.006140113796000063,0.12348119564339122,0.7187679274505152,0.1,0.13912696460275029,1.0,synthetic,SPEC_V1,2026-10-07
OOD00017,1,59,ood,0.491781844229997,0.14146893172058322,0.3667492240494198,6.5541340118437095,24.57795889938931,51.16117115475022,5.800000000000001,3.0098012127988047,21.46493132125845,2.1440618606551274,33.52392877909988,87.29091514241912,208.9126506448091,5.75413401184371,0.9194226302170951,3.3101207450792947,0.6301037382833319,0.7666605014518847,0.006140113796000063,0.12348119564339122,0.7332528167478127,0.1,0.13637861010003177,1.0,synthetic,SPEC_V1,2026-10-07
OOD00017,2,59,ood,0.491781844229997,0.14146893172058322,0.3667492240494198,6.5541340118437095,24.57795889938931,51.16117115475022,5.800000000000001,3.0098012127988047,21.46493132125845,2.1440618606551274,33.52392877909988,87.29091514241912,208.9126506448091,5.75413401184371,0.9194226302170951,3.3101207450792947,0.6301037382833319,0.7666605014518847,0.006140113796000063,0.12348119564339122,0.7267880074609216,0.1,0.13759170345883406,1.0,synthetic,SPEC_V1,2026-10-07
OOD00017,3,59,ood,0.491781844229997,0.14146893172058322,0.3667492240494198,6.5541340118437095,24.57795889938931,51.16117115475022,5.800000000000001,3.0098012127988047,21.46493132125845,2.1440618606551274,33.52392877909988,87.29091514241912,208.9126506448091,5.75413401184371,0.9194226302170951,3.3101207450792947,0.6301037382833319,0.7666605014518847,0.006140113796000063,0.12348119564339122,0.7327532802668479,0.1,0.13647158285471317,1.0,synthetic,SPEC_V1,2026-10-07
OOD00017,4,59,ood,0.491781844229997,0.14146893172058322,0.3667492240494198,6.5541340118437095,24.57795889938931,51.16117115475022,5.800000000000001,3.0098012127988047,21.46493132125845,2.1440618606551274,33.52392877909988,87.29091514241912,208.9126506448091,5.75413401184371,0.9194226302170951,3.3101207450792947,0.6301037382833319,0.7666605014518847,0.006140113796000063,0.12348119564339122,0.7362777431098873,0.1,0.13581831168442002,1.0,synthetic,SPEC_V1,2026-10-07
OOD00017,5,59,ood,0.491781844229997,0.14146893172058322,0.3667492240494198,6.5541340118437095,24.57795889938931,51.16117115475022,5.800000000000001,3.0098012127988047,21.46493132125845,2.1440618606551274,33.52392877909988,87.29091514241912,208.9126506448091,5.75413401184371,0.9194226302170951,3.3101207450792947,0.6301037382833319,0.7666605014518847,0.006140113796000063,0.12348119564339122,0.7222088947563065,0.1,0.1384640935968295,1.0,synthetic,SPEC_V1,2026-10-07
OOD00017,6,59,ood,0.491781844229997,0.14146893172058322,0.3667492240494198,6.5541340118437095,24.57795889938931,51.16117115475022,5.800000000000001,3.0098012127988047,21.46493132125845,2.1440618606551274,33.52392877909988,87.29091514241912,208.9126506448091,5.75413401184371,0.9194226302170951,3.3101207450792947,0.6301037382833319,0.7666605014518847,0.006140113796000063,0.12348119564339122,0.7362973323389824,0.1,0.1358146982311233,1.0,synthetic,SPEC_V1,2026-10-07
OOD00017,7,59,ood,0.491781844229997,0.14146893172058322,0.3667492240494198,6.5541340118437095,24.57795889938931,51.16117115475022,5.800000000000001,3.0098012127988047,21.46493132125845,2.1440618606551274,33.52392877909988,87.29091514241912,208.9126506448091,5.75413401184371,0.9194226302170951,3.3101207450792947,0.6301037382833319,0.7666605014518847,0.006140113796000063,0.12348119564339122,0.743864727123514,0.1,0.13443304454923513,1.0,synthetic,SPEC_V1,2026-10-07
OOD00018,0,59,ood,0.4959984755346468,0.15070094127694744,0.3533005831884058,6.949808659264846,26.45757504790323,35.684344958530176,6.6000000000000005,2.07799309886864,30.190824169203843,1.8375392631334806,29.2533070372726,74.95695260145308,224.88938790717748,6.576103070907135,0.953442622805873,3.7957967533705195,0.613013031701544,0.7141713194446437,0.08020245573505276,0.9098313679209362,0.75,71.8,95.73333333333333,0.4671319854471394,synthetic,SPEC_V1,2026-10-07
OOD00018,1,59,ood,0.4959984755346468,0.15070094127694744,0.3533005831884058,6.949808659264846,26.45757504790323,35.684344958530176,6.6000000000000005,2.07799309886864,30.190824169203843,1.8375392631334806,29.2533070372726,74.95695260145308,224.88938790717748,6.576103070907135,0.953442622805873,3.7957967533705195,0.613013031701544,0.7141713194446437,0.08020245573505276,0.9098313679209362,0.75,71.10000000000001,94.80000000000001,0.4671319854471394,synthetic,SPEC_V1,2026-10-07
OOD00018,2,59,ood,0.4959984755346468,0.15070094127694744,0.3533005831884058,6.949808659264846,26.45757504790323,35.684344958530176,6.6000000000000005,2.07799309886864,30.190824169203843,1.8375392631334806,29.2533070372726,74.95695260145308,224.88938790717748,6.576103070907135,0.953442622805873,3.7957967533705195,0.613013031701544,0.7141713194446437,0.08020245573505276,0.9098313679209362,0.7393266300252556,72.60000000000001,98.19746381585088,0.4671319854471394,synthetic,SPEC_V1,2026-10-07
OOD00018,3,59,ood,0.4959984755346468,0.15070094127694744,0.3533005831884058,6.949808659264846,26.45757504790323,35.684344958530176,6.6000000000000005,2.07799309886864,30.190824169203843,1.8375392631334806,29.2533070372726,74.95695260145308,224.88938790717748,6.576103070907135,0.953442622805873,3.7957967533705195,0.613013031701544,0.7141713194446437,0.08020245573505276,0.9098313679209362,0.7340388766053375,72.60000000000001,98.90484320905259,0.4671319854471394,synthetic,SPEC_V1,2026-10-07
OOD00018,4,59,ood,0.4959984755346468,0.15070094127694744,0.3533005831884058,6.949808659264846,26.45757504790323,35.684344958530176,6.6000000000000005,2.07799309886864,30.190824169203843,1.8375392631334806,29.2533070372726,74.95695260145308,224.88938790717748,6.576103070907135,0.953442622805873,3.7957967533705195,0.613013031701544,0.7141713194446437,0.08020245573505276,0.9098313679209362,0.7296562538647086,66.60000000000001,91.27585715498965,0.4671319854471394,synthetic,SPEC_V1,2026-10-07
OOD00018,5,59,ood,0.4959984755346468,0.15070094127694744,0.3533005831884058,6.949808659264846,26.45757504790323,35.684344958530176,6.6000000000000005,2.07799309886864,30.190824169203843,1.8375392631334806,29.2533070372726,74.95695260145308,224.88938790717748,6.576103070907135,0.953442622805873,3.7957967533705195,0.613013031701544,0.7141713194446437,0.08020245573505276,0.9098313679209362,0.7067308668909298,66.60000000000001,94.23672167170028,0.4671319854471394,synthetic,SPEC_V1,2026-10-07
OOD00018,6,59,ood,0.4959984755346468,0.15070094127694744,0.3533005831884058,6.949808659264846,26.45757504790323,35.684344958530176,6.6000000000000005,2.07799309886864,30.190824169203843,1.8375392631334806,29.2533070372726,74.95695260145308,224.88938790717748,6.576103070907135,0.953442622805873,3.7957967533705195,0.613013031701544,0.7141713194446437,0.08020245573505276,0.9098313679209362,0.7120338677094874,71.7,100.6974573142831,0.4671319854471394,synthetic,SPEC_V1,2026-10-07
OOD00018,7,59,ood,0.4959984755346468,0.15070094127694744,0.3533005831884058,6.949808659264846,26.45757504790323,35.684344958530176,6.6000000000000005,2.07799309886864,30.190824169203843,1.8375392631334806,29.2533070372726,74.95695260145308,224.88938790717748,6.576103070907135,0.953442622805873,3.7957967533705195,0.613013031701544,0.7141713194446437,0.08020245573505276,0.9098313679209362,0.7236651688176802,68.8,95.0715924498688,0.4671319854471394,synthetic,SPEC_V1,2026-10-07
OOD00019,0,59,ood,0.48576640632991697,0.15969806318979773,0.3545355304802853,7.449096702434528,27.50581797607159,44.48463595384202,7.2,1.7554407609718108,28.811948359443413,1.628215069172097,31.336720963844655,18.288557716049894,233.7994527966085,7.2446252590971065,0.9946825562789523,4.181779816082726,0.5927405611836298,0.6730571897531248,0.03578674602605295,0.6433804951946699,0.7230443689338485,33.0,45.6403526780238,0.25558930417177694,synthetic,SPEC_V1,2026-10-07
OOD00019,1,59,ood,0.48576640632991697,0.15969806318979773,0.3545355304802853,7.449096702434528,27.50581797607159,44.48463595384202,7.2,1.7554407609718108,28.811948359443413,1.628215069172097,31.336720963844655,18.288557716049894,233.7994527966085,7.2446252590971065,0.9946825562789523,4.181779816082726,0.5927405611836298,0.6730571897531248,0.03578674602605295,0.6433804951946699,0.7228931040063672,38.400000000000006,53.1198870029085,0.25558930417177694,synthetic,SPEC_V1,2026-10-07
OOD00019,2,59,ood,0.48576640632991697,0.15969806318979773,0.3545355304802853,7.449096702434528,27.50581797607159,44.48463595384202,7.2,1.7554407609718108,28.811948359443413,1.628215069172097,31.336720963844655,18.288557716049894,233.7994527966085,7.2446252590971065,0.9946825562789523,4.181779816082726,0.5927405611836298,0.6730571897531248,0.03578674602605295,0.6433804951946699,0.7234802891110237,36.5,50.450579717727166,0.25558930417177694,synthetic,SPEC_V1,2026-10-07
OOD00019,3,59,ood,0.48576640632991697,0.15969806318979773,0.3545355304802853,7.449096702434528,27.50581797607159,44.48463595384202,7.2,1.7554407609718108,28.811948359443413,1.628215069172097,31.336720963844655,18.288557716049894,233.7994527966085,7.2446252590971065,0.9946825562789523,4.181779816082726,0.5927405611836298,0.6730571897531248,0.03578674602605295,0.6433804951946699,0.7285309020653521,35.9,49.27725083208568,0.25558930417177694,synthetic,SPEC_V1,2026-10-07
OOD00019,4,59,ood,0.48576640632991697,0.15969806318979773,0.3545355304802853,7.449096702434528,27.50581797607159,44.48463595384202,7.2,1.7554407609718108,28.811948359443413,1.628215069172097,31.336720963844655,18.288557716049894,233.7994527966085,7.2446252590971065,0.9946825562789523,4.181779816082726,0.5927405611836298,0.6730571897531248,0.03578674602605295,0.6433804951946699,0.7200757336900868,35.2,48.88374701868473,0.25558930417177694,synthetic,SPEC_V1,2026-10-07
OOD00019,5,59,ood,0.48576640632991697,0.15969806318979773,0.3545355304802853,7.449096702434528,27.50581797607159,44.48463595384202,7.2,1.7554407609718108,28.811948359443413,1.628215069172097,31.336720963844655,18.288557716049894,233.7994527966085,7.2446252590971065,0.9946825562789523,4.181779816082726,0.5927405611836298,0.6730571897531248,0.03578674602605295,0.6433804951946699,0.7359433167654393,37.6,51.09089130023843,0.25558930417177694,synthetic,SPEC_V1,2026-10-07
OOD00019,6,59,ood,0.48576640632991697,0.15969806318979773,0.3545355304802853,7.449096702434528,27.50581797607159,44.48463595384202,7.2,1.7554407609718108,28.811948359443413,1.628215069172097,31.336720963844655,18.288557716049894,233.7994527966085,7.2446252590971065,0.9946825562789523,4.181779816082726,0.5927405611836298,0.6730571897531248,0.03578674602605295,0.6433804951946699,0.7314014397682248,34.7,47.443166109976694,0.25558930417177694,synthetic,SPEC_V1,2026-10-07
OOD00019,7,59,ood,0.48576640632991697,0.15969806318979773,0.3545355304802853,7.449096702434528,27.50581797607159,44.48463595384202,7.2,1.7554407609718108,28.811948359443413,1.628215069172097,31.336720963844655,18.288557716049894,233.7994527966085,7.2446252590971065,0.9946825562789523,4.181779816082726,0.5927405611836298,0.6730571897531248,0.03578674602605295,0.6433804951946699,0.7237881055605159,35.300000000000004,48.771180030187125,0.25558930417177694,synthetic,SPEC_V1,2026-10-07
OOD00020,0,59,ood,0.496091035682823,0.1722399956135565,0.3316689687036205,6.911179842760249,22.57257245626923,30.481171718198965,6.800000000000001,1.5281214520218442,26.015148703207853,2.301101362911027,33.07014534358616,25.887600534133192,191.86686587828848,6.846577996675351,0.7636354264109737,3.7012805913734823,0.711765209465385,0.7243536841242844,0.09617189522271152,0.9180729576572807,0.7095311717497675,142.4,200.69590409795362,0.08075230760612206,synthetic,SPEC_V1,2026-10-07
OOD00020,1,59,ood,0.496091035682823,0.1722399956135565,0.3316689687036205,6.911179842760249,22.57257245626923,30.481171718198965,6.800000000000001,1.5281214520218442,26.015148703207853,2.301101362911027,33.07014534358616,25.887600534133192,191.86686587828848,6.846577996675351,0.7636354264109737,3.7012805913734823,0.711765209465385,0.7243536841242844,0.09617189522271152,0.9180729576572807,0.7214844567065445,139.3,193.0741524715323,0.08075230760612206,synthetic,SPEC_V1,2026-10-07
OOD00020,2,59,ood,0.496091035682823,0.1722399956135565,0.3316689687036205,6.911179842760249,22.57257245626923,30.481171718198965,6.800000000000001,1.5281214520218442,26.015148703207853,2.301101362911027,33.07014534358616,25.887600534133192,191.86686587828848,6.846577996675351,0.7636354264109737,3.7012805913734823,0.711765209465385,0.7243536841242844,0.09617189522271152,0.9180729576572807,0.7179488776654582,133.8,186.36424425521093,0.08075230760612206,synthetic,SPEC_V1,2026-10-07
OOD00020,3,59,ood,0.496091035682823,0.1722399956135565,0.3316689687036205,6.911179842760249,22.57257245626923,30.481171718198965,6.800000000000001,1.5281214520218442,26.015148703207853,2.301101362911027,33.07014534358616,25.887600534133192,191.86686587828848,6.846577996675351,0.7636354264109737,3.7012805913734823,0.711765209465385,0.7243536841242844,0.09617189522271152,0.9180729576572807,0.709413045599904,141.20000000000002,199.03778324318301,0.08075230760612206,synthetic,SPEC_V1,2026-10-07
OOD00020,4,59,ood,0.496091035682823,0.1722399956135565,0.3316689687036205,6.911179842760249,22.57257245626923,30.481171718198965,6.800000000000001,1.5281214520218442,26.015148703207853,2.301101362911027,33.07014534358616,25.887600534133192,191.86686587828848,6.846577996675351,0.7636354264109737,3.7012805913734823,0.711765209465385,0.7243536841242844,0.09617189522271152,0.9180729576572807,0.7193335723693141,129.3,179.7497085727787,0.08075230760612206,synthetic,SPEC_V1,2026-10-07
OOD00020,5,59,ood,0.496091035682823,0.1722399956135565,0.3316689687036205,6.911179842760249,22.57257245626923,30.481171718198965,6.800000000000001,1.5281214520218442,26.015148703207853,2.301101362911027,33.07014534358616,25.887600534133192,191.86686587828848,6.846577996675351,0.7636354264109737,3.7012805913734823,0.711765209465385,0.7243536841242844,0.09617189522271152,0.9180729576572807,0.7285491916481498,146.5,201.0845687284101,0.08075230760612206,synthetic,SPEC_V1,2026-10-07
OOD00020,6,59,ood,0.496091035682823,0.1722399956135565,0.3316689687036205,6.911179842760249,22.57257245626923,30.481171718198965,6.800000000000001,1.5281214520218442,26.015148703207853,2.301101362911027,33.07014534358616,25.887600534133192,191.86686587828848,6.846577996675351,0.7636354264109737,3.7012805913734823,0.711765209465385,0.7243536841242844,0.09617189522271152,0.9180729576572807,0.7257736630999103,132.20000000000002,182.15045092067678,0.08075230760612206,synthetic,SPEC_V1,2026-10-07
OOD00020,7,59,ood,0.496091035682823,0.1722399956135565,0.3316689687036205,6.911179842760249,22.57257245626923,30.481171718198965,6.800000000000001,1.5281214520218442,26.015148703207853,2.301101362911027,33.07014534358616,25.887600534133192,191.86686587828848,6.846577996675351,0.7636354264109737,3.7012805913734823,0.711765209465385,0.7243536841242844,0.09617189522271152,0.9180729576572807,0.7213579704090729,136.3,188.94918416539574,0.08075230760612206,synthetic,SPEC_V1,2026-10-07
OOD00021,0,59,ood,0.585296374139752,0.08776725016603669,0.3269363756942113,6.767383742440596,23.048331088796047,35.068333653340304,6.6000000000000005,1.9700120058808677,33.049292894078604,2.23823489875628,34.02937460784927,42.393914303954716,195.9108142547664,6.576534876683627,0.7686044588610618,1.9257899858321632,0.7090966413756641,0.9066030833259293,0.08771162920165887,0.9280186971299474,0.712381333250458,141.0,197.92770166596634,0.2385610821962112,synthetic,SPEC_V1,2026-10-07
OOD00021,1,59,ood,0.585296374139752,0.08776725016603669,0.3269363756942113,6.767383742440596,23.048331088796047,35.068333653340304,6.6000000000000005,1.9700120058808677,33.049292894078604,2.23823489875628,34.02937460784927,42.393914303954716,195.9108142547664,6.576534876683627,0.7686044588610618,1.9257899858321632,0.7090966413756641,0.9066030833259293,0.08771162920165887,0.9280186971299474,0.704676556322216,129.9,184.339891592197,0.2385610821962112,synthetic,SPEC_V1,2026-10-07
OOD00021,2,59,ood,0.585296374139752,0.08776725016603669,0.3269363756942113,6.767383742440596,23.048331088796047,35.068333653340304,6.6000000000000005,1.9700120058808677,33.049292894078604,2.23823489875628,34.02937460784927,42.393914303954716,195.9108142547664,6.576534876683627,0.7686044588610618,1.9257899858321632,0.7090966413756641,0.9066030833259293,0.08771162920165887,0.9280186971299474,0.7275624410753042,132.70000000000002,182.3898438240922,0.2385610821962112,synthetic,SPEC_V1,2026-10-07
OOD00021,3,59,ood,0.585296374139752,0.08776725016603669,0.3269363756942113,6.767383742440596,23.048331088796047,35.068333653340304,6.6000000000000005,1.9700120058808677,33.049292894078604,2.23823489875628,34.02937460784927,42.393914303954716,195.9108142547664,6.576534876683627,0.7686044588610618,1.9257899858321632,0.7090966413756641,0.9066030833259293,0.08771162920165887,0.9280186971299474,0.7147380231006777,115.4,161.4577597248451,0.2385610821962112,synthetic,SPEC_V1,2026-10-07
OOD00021,4,59,ood,0.585296374139752,0.08776725016603669,0.3269363756942113,6.767383742440596,23.048331088796047,35.068333653340304,6.6000000000000005,1.9700120058808677,33.049292894078604,2.23823489875628,34.02937460784927,42.393914303954716,195.9108142547664,6.576534876683627,0.7686044588610618,1.9257899858321632,0.7090966413756641,0.9066030833259293,0.08771162920165887,0.9280186971299474,0.7006996095491024,123.30000000000001,175.96698830664843,0.2385610821962112,synthetic,SPEC_V1,2026-10-07
OOD00021,5,59,ood,0.585296374139752,0.08776725016603669,0.3269363756942113,6.767383742440596,23.048331088796047,35.068333653340304,6.6000000000000005,1.9700120058808677,33.049292894078604,2.23823489875628,34.02937460784927,42.393914303954716,195.9108142547664,6.576534876683627,0.7686044588610618,1.9257899858321632,0.7090966413756641,0.9066030833259293,0.08771162920165887,0.9280186971299474,0.7058095865014792,120.30000000000001,170.44257020692635,0.2385610821962112,synthetic,SPEC_V1,2026-10-07
OOD00021,6,59,ood,0.585296374139752,0.08776725016603669,0.3269363756942113,6.767383742440596,23.048331088796047,35.068333653340304,6.6000000000000005,1.9700120058808677,33.049292894078604,2.23823489875628,34.02937460784927,42.393914303954716,195.9108142547664,6.576534876683627,0.7686044588610618,1.9257899858321632,0.7090966413756641,0.9066030833259293,0.08771162920165887,0.9280186971299474,0.7262446420115038,118.0,162.47968408162225,0.2385610821962112,synthetic,SPEC_V1,2026-10-07
OOD00021,7,59,ood,0.585296374139752,0.08776725016603669,0.3269363756942113,6.767383742440596,23.048331088796047,35.068333653340304,6.6000000000000005,1.9700120058808677,33.049292894078604,2.23823489875628,34.02937460784927,42.393914303954716,195.9108142547664,6.576534876683627,0.7686044588610618,1.9257899858321632,0.7090966413756641,0.9066030833259293,0.08771162920165887,0.9280186971299474,0.7258208660532177,121.5,167.3966755195097,0.2385610821962112,synthetic,SPEC_V1,2026-10-07
OOD00022,0,59,ood,0.4677155691174632,0.16766575507296883,0.36461867580956797,7.111389288571107,25.093474715955296,54.61077617091057,6.300000000000001,3.266596922878224,29.960214855857256,1.5298390115668759,26.109918759928902,27.874808263865816,213.29453508562,6.311389288571108,0.9332540512840345,4.005365199143651,0.6231168229803647,0.6917363396611865,0.041211006988062286,0.7090752463553557,0.7283977983824065,5.5,7.550819088435133,1.0,synthetic,SPEC_V1,2026-10-07
OOD00022,1,59,ood,0.4677155691174632,0.16766575507296883,0.36461867580956797,7.111389288571107,25.093474715955296,54.61077617091057,6.300000000000001,3.266596922878224,29.960214855857256,1.5298390115668759,26.109918759928902,27.874808263865816,213.29453508562,6.311389288571108,0.9332540512840345,4.005365199143651,0.6231168229803647,0.6917363396611865,0.041211006988062286,0.7090752463553557,0.7320759840063633,5.5,7.512881340404951,1.0,synthetic,SPEC_V1,2026-10-07
OOD00022,2,59,ood,0.4677155691174632,0.16766575507296883,0.36461867580956797,7.111389288571107,25.093474715955296,54.61077617091057,6.300000000000001,3.266596922878224,29.960214855857256,1.5298390115668759,26.109918759928902,27.874808263865816,213.29453508562,6.311389288571108,0.9332540512840345,4.005365199143651,0.6231168229803647,0.6917363396611865,0.041211006988062286,0.7090752463553557,0.7373443055711246,4.9,6.645470729179373,1.0,synthetic,SPEC_V1,2026-10-07
OOD00022,3,59,ood,0.4677155691174632,0.16766575507296883,0.36461867580956797,7.111389288571107,25.093474715955296,54.61077617091057,6.300000000000001,3.266596922878224,29.960214855857256,1.5298390115668759,26.109918759928902,27.874808263865816,213.29453508562,6.311389288571108,0.9332540512840345,4.005365199143651,0.6231168229803647,0.6917363396611865,0.041211006988062286,0.7090752463553557,0.7313126823864982,5.4,7.383982433311754,1.0,synthetic,SPEC_V1,2026-10-07
OOD00022,4,59,ood,0.4677155691174632,0.16766575507296883,0.36461867580956797,7.111389288571107,25.093474715955296,54.61077617091057,6.300000000000001,3.266596922878224,29.960214855857256,1.5298390115668759,26.109918759928902,27.874808263865816,213.29453508562,6.311389288571108,0.9332540512840345,4.005365199143651,0.6231168229803647,0.6917363396611865,0.041211006988062286,0.7090752463553557,0.75,5.6000000000000005,7.466666666666668,1.0,synthetic,SPEC_V1,2026-10-07
OOD00022,5,59,ood,0.4677155691174632,0.16766575507296883,0.36461867580956797,7.111389288571107,25.093474715955296,54.61077617091057,6.300000000000001,3.266596922878224,29.960214855857256,1.5298390115668759,26.109918759928902,27.874808263865816,213.29453508562,6.311389288571108,0.9332540512840345,4.005365199143651,0.6231168229803647,0.6917363396611865,0.041211006988062286,0.7090752463553557,0.75,5.4,7.2,1.0,synthetic,SPEC_V1,2026-10-07
OOD00022,6,59,ood,0.4677155691174632,0.16766575507296883,0.36461867580956797,7.111389288571107,25.093474715955296,54.61077617091057,6.300000000000001,3.266596922878224,29.960214855857256,1.5298390115668759,26.109918759928902,27.874808263865816,213.29453508562,6.311389288571108,0.9332540512840345,4.005365199143651,0.6231168229803647,0.6917363396611865,0.041211006988062286,0.7090752463553557,0.7396138824784643,4.800000000000001,6.489872775122991,1.0,synthetic,SPEC_V1,2026-10-07
OOD00022,7,59,ood,0.4677155691174632,0.16766575507296883,0.36461867580956797,7.111389288571107,25.093474715955296,54.61077617091057,6.300000000000001,3.266596922878224,29.960214855857256,1.5298390115668759,26.109918759928902,27.874808263865816,213.29453508562,6.311389288571108,0.9332540512840345,4.005365199143651,0.6231168229803647,0.6917363396611865,0.041211006988062286,0.7090752463553557,0.7327492785018257,5.4,7.369505721030261,1.0,synthetic,SPEC_V1,2026-10-07
OOD00023,0,59,ood,0.4781698100397953,0.14560692266757935,0.37622326729262534,6.629177063665045,24.326299842626938,48.18939993579488,5.800000000000001,3.9543343059449,31.53812560148549,1.190791226846397,30.649926816863093,23.144346850416444,206.77354866232898,5.829177063665045,0.9335162408091848,3.372057932294989,0.6229848786577815,0.7599622389318291,0.006329482065588231,0.1729453153056989,0.75,0.2,0.26666666666666666,1.0,synthetic,SPEC_V1,2026-10-07
OOD00023,1,59,ood,0.4781698100397953,0.14560692266757935,0.37622326729262534,6.629177063665045,24.326299842626938,48.18939993579488,5.800000000000001,3.9543343059449,31.53812560148549,1.190791226846397,30.649926816863093,23.144346850416444,206.77354866232898,5.829177063665045,0.9335162408091848,3.372057932294989,0.6229848786577815,0.7599622389318291,0.006329482065588231,0.1729453153056989,0.7469666490682628,0.2,0.26774957121509,1.0,synthetic,SPEC_V1,2026-10-07
OOD00023,2,59,ood,0.4781698100397953,0.14560692266757935,0.37622326729262534,6.629177063665045,24.326299842626938,48.18939993579488,5.800000000000001,3.9543343059449,31.53812560148549,1.190791226846397,30.649926816863093,23.144346850416444,206.77354866232898,5.829177063665045,0.9335162408091848,3.372057932294989,0.6229848786577815,0.7599622389318291,0.006329482065588231,0.1729453153056989,0.738339743096723,0.2,0.27087800957478714,1.0,synthetic,SPEC_V1,2026-10-07
OOD00023,3,59,ood,0.4781698100397953,0.14560692266757935,0.37622326729262534,6.629177063665045,24.326299842626938,48.18939993579488,5.800000000000001,3.9543343059449,31.53812560148549,1.190791226846397,30.649926816863093,23.144346850416444,206.77354866232898,5.829177063665045,0.9335162408091848,3.372057932294989,0.6229848786577815,0.7599622389318291,0.006329482065588231,0.1729453153056989,0.7455044462957425,0.2,0.268274724575767,1.0,synthetic,SPEC_V1,2026-10-07
OOD00023,4,59,ood,0.4781698100397953,0.14560692266757935,0.37622326729262534,6.629177063665045,24.326299842626938,48.18939993579488,5.800000000000001,3.9543343059449,31.53812560148549,1.190791226846397,30.649926816863093,23.144346850416444,206.77354866232898,5.829177063665045,0.9335162408091848,3.372057932294989,0.6229848786577815,0.7599622389318291,0.006329482065588231,0.1729453153056989,0.7488668036766465,0.2,0.2670701906107699,1.0,synthetic,SPEC_V1,2026-10-07
OOD00023,5,59,ood,0.4781698100397953,0.14560692266757935,0.37622326729262534,6.629177063665045,24.326299842626938,48.18939993579488,5.800000000000001,3.9543343059449,31.53812560148549,1.190791226846397,30.649926816863093,23.144346850416444,206.77354866232898,5.829177063665045,0.9335162408091848,3.372057932294989,0.6229848786577815,0.7599622389318291,0.006329482065588231,0.1729453153056989,0.7419826316518247,0.2,0.26954808841650896,1.0,synthetic,SPEC_V1,2026-10-07
OOD00023,6,59,ood,0.4781698100397953,0.14560692266757935,0.37622326729262534,6.629177063665045,24.326299842626938,48.18939993579488,5.800000000000001,3.9543343059449,31.53812560148549,1.190791226846397,30.649926816863093,23.144346850416444,206.77354866232898,5.829177063665045,0.9335162408091848,3.372057932294989,0.6229848786577815,0.7599622389318291,0.006329482065588231,0.1729453153056989,0.7327593703498765,0.2,0.2729408972341144,1.0,synthetic,SPEC_V1,2026-10-07
OOD00023,7,59,ood,0.4781698100397953,0.14560692266757935,0.37622326729262534,6.629177063665045,24.326299842626938,48.18939993579488,5.800000000000001,3.9543343059449,31.53812560148549,1.190791226846397,30.649926816863093,23.144346850416444,206.77354866232898,5.829177063665045,0.9335162408091848,3.372057932294989,0.6229848786577815,0.7599622389318291,0.006329482065588231,0.1729453153056989,0.7384138291949174,0.2,0.2708508320030481,1.0,synthetic,SPEC_V1,2026-10-07
OOD00024,0,59,ood,0.48760756221771134,0.1816952576525835,0.33069718012970517,7.322810174816872,23.72912634434743,50.22206351395445,7.0,1.8834648633520443,26.415924573075372,2.1279185432114147,30.02049390456415,39.8198662416722,201.69757392695317,7.045778506051575,0.800409827239754,4.104519178206581,0.6920894540292373,0.681210798732934,0.06710021416013004,0.830094723807279,0.7291708522431496,122.2,167.58760943896198,0.3462895859566202,synthetic,SPEC_V1,2026-10-07
OOD00024,1,59,ood,0.48760756221771134,0.1816952576525835,0.33069718012970517,7.322810174816872,23.72912634434743,50.22206351395445,7.0,1.8834648633520443,26.415924573075372,2.1279185432114147,30.02049390456415,39.8198662416722,201.69757392695317,7.045778506051575,0.800409827239754,4.104519178206581,0.6920894540292373,0.681210798732934,0.06710021416013004,0.830094723807279,0.7297959492572903,112.2,153.7416042308612,0.3462895859566202,synthetic,SPEC_V1,2026-10-07
OOD00024,2,59,ood,0.48760756221771134,0.1816952576525835,0.33069718012970517,7.322810174816872,23.72912634434743,50.22206351395445,7.0,1.8834648633520443,26.415924573075372,2.1279185432114147,30.02049390456415,39.8198662416722,201.69757392695317,7.045778506051575,0.800409827239754,4.104519178206581,0.6920894540292373,0.681210798732934,0.06710021416013004,0.830094723807279,0.7100021259564431,110.5,155.6333368032463,0.3462895859566202,synthetic,SPEC_V1,2026-10-07
OOD00024,3,59,ood,0.48760756221771134,0.1816952576525835,0.33069718012970517,7.322810174816872,23.72912634434743,50.22206351395445,7.0,1.8834648633520443,26.415924573075372,2.1279185432114147,30.02049390456415,39.8198662416722,201.69757392695317,7.045778506051575,0.800409827239754,4.104519178206581,0.6920894540292373,0.681210798732934,0.06710021416013004,0.830094723807279,0.7088993437134272,114.30000000000001,161.23586657770392,0.3462895859566202,synthetic,SPEC_V1,2026-10-07
OOD00024,4,59,ood,0.48760756221771134,0.1816952576525835,0.33069718012970517,7.322810174816872,23.72912634434743,50.22206351395445,7.0,1.8834648633520443,26.415924573075372,2.1279185432114147,30.02049390456415,39.8198662416722,201.69757392695317,7.045778506051575,0.800409827239754,4.104519178206581,0.6920894540292373,0.681210798732934,0.06710021416013004,0.830094723807279,0.7150072611178082,121.7,170.20806167721994,0.3462895859566202,synthetic,SPEC_V1,2026-10-07
OOD00024,5,59,ood,0.48760756221771134,0.1816952576525835,0.33069718012970517,7.322810174816872,23.72912634434743,50.22206351395445,7.0,1.8834648633520443,26.415924573075372,2.1279185432114147,30.02049390456415,39.8198662416722,201.69757392695317,7.045778506051575,0.800409827239754,4.104519178206581,0.6920894540292373,0.681210798732934,0.06710021416013004,0.830094723807279,0.7200669572604975,124.9,173.45609146569285,0.3462895859566202,synthetic,SPEC_V1,2026-10-07
OOD00024,6,59,ood,0.48760756221771134,0.1816952576525835,0.33069718012970517,7.322810174816872,23.72912634434743,50.22206351395445,7.0,1.8834648633520443,26.415924573075372,2.1279185432114147,30.02049390456415,39.8198662416722,201.69757392695317,7.045778506051575,0.800409827239754,4.104519178206581,0.6920894540292373,0.681210798732934,0.06710021416013004,0.830094723807279,0.7217679053002156,120.2,166.53552910475207,0.3462895859566202,synthetic,SPEC_V1,2026-10-07
OOD00024,7,59,ood,0.48760756221771134,0.1816952576525835,0.33069718012970517,7.322810174816872,23.72912634434743,50.22206351395445,7.0,1.8834648633520443,26.415924573075372,2.1279185432114147,30.02049390456415,39.8198662416722,201.69757392695317,7.045778506051575,0.800409827239754,4.104519178206581,0.6920894540292373,0.681210798732934,0.06710021416013004,0.830094723807279,0.7198211357979594,115.5,160.45652767886875,0.3462895859566202,synthetic,SPEC_V1,2026-10-07
OOD00025,0,59,ood,0.5617414354367811,0.12128768567621084,0.31697087888700803,6.984824178124684,26.219846220310476,54.30349606045514,6.5,2.3908197279459347,20.341964241091137,2.595909820523226,31.31402054774286,57.067462472107145,222.86869287263906,6.540944441170493,0.8477146254748689,3.0274975324389173,0.6670928382333375,0.7970643004344359,0.06719888788481122,0.7451187107049988,0.7096119738117416,34.4,48.47719777784674,0.5548496711927384,synthetic,SPEC_V1,2026-10-07
OOD00025,1,59,ood,0.5617414354367811,0.12128768567621084,0.31697087888700803,6.984824178124684,26.219846220310476,54.30349606045514,6.5,2.3908197279459347,20.341964241091137,2.595909820523226,31.31402054774286,57.067462472107145,222.86869287263906,6.540944441170493,0.8477146254748689,3.0274975324389173,0.6670928382333375,0.7970643004344359,0.06719888788481122,0.7451187107049988,0.7029282158581801,36.2,51.49885746982671,0.5548496711927384,synthetic,SPEC_V1,2026-10-07
OOD00025,2,59,ood,0.5617414354367811,0.12128768567621084,0.31697087888700803,6.984824178124684,26.219846220310476,54.30349606045514,6.5,2.3908197279459347,20.341964241091137,2.595909820523226,31.31402054774286,57.067462472107145,222.86869287263906,6.540944441170493,0.8477146254748689,3.0274975324389173,0.6670928382333375,0.7970643004344359,0.06719888788481122,0.7451187107049988,0.6962585824693116,35.5,50.98680417568096,0.5548496711927384,synthetic,SPEC_V1,2026-10-07
OOD00025,3,59,ood,0.5617414354367811,0.12128768567621084,0.31697087888700803,6.984824178124684,26.219846220310476,54.30349606045514,6.5,2.3908197279459347,20.341964241091137,2.595909820523226,31.31402054774286,57.067462472107145,222.86869287263906,6.540944441170493,0.8477146254748689,3.0274975324389173,0.6670928382333375,0.7970643004344359,0.06719888788481122,0.7451187107049988,0.7019434375748934,34.4,49.00679764005873,0.5548496711927384,synthetic,SPEC_V1,2026-10-07
OOD00025,4,59,ood,0.5617414354367811,0.12128768567621084,0.31697087888700803,6.984824178124684,26.219846220310476,54.30349606045514,6.5,2.3908197279459347,20.341964241091137,2.595909820523226,31.31402054774286,57.067462472107145,222.86869287263906,6.540944441170493,0.8477146254748689,3.0274975324389173,0.6670928382333375,0.7970643004344359,0.06719888788481122,0.7451187107049988,0.6971750803051379,35.9,51.49352151870858,0.5548496711927384,synthetic,SPEC_V1,2026-10-07
OOD00025,5,59,ood,0.5617414354367811,0.12128768567621084,0.31697087888700803,6.984824178124684,26.219846220310476,54.30349606045514,6.5,2.3908197279459347,20.341964241091137,2.595909820523226,31.31402054774286,57.067462472107145,222.86869287263906,6.540944441170493,0.8477146254748689,3.0274975324389173,0.6670928382333375,0.7970643004344359,0.06719888788481122,0.7451187107049988,0.7050578817358006,36.7,52.05246399011568,0.5548496711927384,synthetic,SPEC_V1,2026-10-07
OOD00025,6,59,ood,0.5617414354367811,0.12128768567621084,0.31697087888700803,6.984824178124684,26.219846220310476,54.30349606045514,6.5,2.3908197279459347,20.341964241091137,2.595909820523226,31.31402054774286,57.067462472107145,222.86869287263906,6.540944441170493,0.8477146254748689,3.0274975324389173,0.6670928382333375,0.7970643004344359,0.06719888788481122,0.7451187107049988,0.7092333699133266,35.800000000000004,50.477038332777575,0.5548496711927384,synthetic,SPEC_V1,2026-10-07
OOD00025,7,59,ood,0.5617414354367811,0.12128768567621084,0.31697087888700803,6.984824178124684,26.219846220310476,54.30349606045514,6.5,2.3908197279459347,20.341964241091137,2.595909820523226,31.31402054774286,57.067462472107145,222.86869287263906,6.540944441170493,0.8477146254748689,3.0274975324389173,0.6670928382333375,0.7970643004344359,0.06719888788481122,0.7451187107049988,0.7050960544552384,36.5,51.76599666012899,0.5548496711927384,synthetic,SPEC_V1,2026-10-07
OOD00026,0,59,ood,0.5699477160637596,0.07037202764217522,0.3596802562940652,6.5998587573393985,27.22788376796712,34.437319313571976,6.5,1.7201217127171833,31.151359372151816,2.6243260416383603,26.546896743196307,14.877176409478011,231.43701202772053,6.522389200746079,0.9989198856247581,1.824109482477765,0.5906866102767403,0.9153928943928115,0.07789862340593169,0.9033789547903055,0.7249325909801553,62.900000000000006,86.76668807917048,0.09683694574164914,synthetic,SPEC_V1,2026-10-07
OOD00026,1,59,ood,0.5699477160637596,0.07037202764217522,0.3596802562940652,6.5998587573393985,27.22788376796712,34.437319313571976,6.5,1.7201217127171833,31.151359372151816,2.6243260416383603,26.546896743196307,14.877176409478011,231.43701202772053,6.522389200746079,0.9989198856247581,1.824109482477765,0.5906866102767403,0.9153928943928115,0.07789862340593169,0.9033789547903055,0.7395305425532401,66.60000000000001,90.0571324208768,0.09683694574164914,synthetic,SPEC_V1,2026-10-07
OOD00026,2,59,ood,0.5699477160637596,0.07037202764217522,0.3596802562940652,6.5998587573393985,27.22788376796712,34.437319313571976,6.5,1.7201217127171833,31.151359372151816,2.6243260416383603,26.546896743196307,14.877176409478011,231.43701202772053,6.522389200746079,0.9989198856247581,1.824109482477765,0.5906866102767403,0.9153928943928115,0.07789862340593169,0.9033789547903055,0.7166406666652942,65.3,91.11958480371621,0.09683694574164914,synthetic,SPEC_V1,2026-10-07
OOD00026,3,59,ood,0.5699477160637596,0.07037202764217522,0.3596802562940652,6.5998587573393985,27.22788376796712,34.437319313571976,6.5,1.7201217127171833,31.151359372151816,2.6243260416383603,26.546896743196307,14.877176409478011,231.43701202772053,6.522389200746079,0.9989198856247581,1.824109482477765,0.5906866102767403,0.9153928943928115,0.07789862340593169,0.9033789547903055,0.7237919671611593,67.7,93.53516351601887,0.09683694574164914,synthetic,SPEC_V1,2026-10-07
OOD00026,4,59,ood,0.5699477160637596,0.07037202764217522,0.3596802562940652,6.5998587573393985,27.22788376796712,34.437319313571976,6.5,1.7201217127171833,31.151359372151816,2.6243260416383603,26.546896743196307,14.877176409478011,231.43701202772053,6.522389200746079,0.9989198856247581,1.824109482477765,0.5906866102767403,0.9153928943928115,0.07789862340593169,0.9033789547903055,0.7203387398278187,56.6,78.5741441776809,0.09683694574164914,synthetic,SPEC_V1,2026-10-07
OOD00026,5,59,ood,0.5699477160637596,0.07037202764217522,0.3596802562940652,6.5998587573393985,27.22788376796712,34.437319313571976,6.5,1.7201217127171833,31.151359372151816,2.6243260416383603,26.546896743196307,14.877176409478011,231.43701202772053,6.522389200746079,0.9989198856247581,1.824109482477765,0.5906866102767403,0.9153928943928115,0.07789862340593169,0.9033789547903055,0.7361025632281428,65.7,89.25386662406903,0.09683694574164914,synthetic,SPEC_V1,2026-10-07
OOD00026,6,59,ood,0.5699477160637596,0.07037202764217522,0.3596802562940652,6.5998587573393985,27.22788376796712,34.437319313571976,6.5,1.7201217127171833,31.151359372151816,2.6243260416383603,26.546896743196307,14.877176409478011,231.43701202772053,6.522389200746079,0.9989198856247581,1.824109482477765,0.5906866102767403,0.9153928943928115,0.07789862340593169,0.9033789547903055,0.75,62.800000000000004,83.73333333333333,0.09683694574164914,synthetic,SPEC_V1,2026-10-07
OOD00026,7,59,ood,0.5699477160637596,0.07037202764217522,0.3596802562940652,6.5998587573393985,27.22788376796712,34.437319313571976,6.5,1.7201217127171833,31.151359372151816,2.6243260416383603,26.546896743196307,14.877176409478011,231.43701202772053,6.522389200746079,0.9989198856247581,1.824109482477765,0.5906866102767403,0.9153928943928115,0.07789862340593169,0.9033789547903055,0.7274426558579158,65.4,89.90399376961192,0.09683694574164914,synthetic,SPEC_V1,2026-10-07
OOD00027,0,59,ood,0.5620460195316057,0.08643116731720152,0.3515228131511928,7.293680254017742,23.968244955032283,39.020025035477346,6.800000000000001,2.4947110421719256,28.573979184598237,2.006120332101811,32.74147048985688,83.74741637698365,203.7300821177744,6.804041322873821,0.8593892590747629,1.972166427287679,0.6609901388610594,0.902494485350795,0.0798664546998774,0.8979306111499735,0.7219894749653967,105.60000000000001,146.26251996964524,0.6120486639299012,synthetic,SPEC_V1,2026-10-07
OOD00027,1,59,ood,0.5620460195316057,0.08643116731720152,0.3515228131511928,7.293680254017742,23.968244955032283,39.020025035477346,6.800000000000001,2.4947110421719256,28.573979184598237,2.006120332101811,32.74147048985688,83.74741637698365,203.7300821177744,6.804041322873821,0.8593892590747629,1.972166427287679,0.6609901388610594,0.902494485350795,0.0798664546998774,0.8979306111499735,0.7374877721502843,109.30000000000001,148.20584710349206,0.6120486639299012,synthetic,SPEC_V1,2026-10-07
OOD00027,2,59,ood,0.5620460195316057,0.08643116731720152,0.3515228131511928,7.293680254017742,23.968244955032283,39.020025035477346,6.800000000000001,2.4947110421719256,28.573979184598237,2.006120332101811,32.74147048985688,83.74741637698365,203.7300821177744,6.804041322873821,0.8593892590747629,1.972166427287679,0.6609901388610594,0.902494485350795,0.0798664546998774,0.8979306111499735,0.7225248723003004,114.10000000000001,157.9184390382855,0.6120486639299012,synthetic,SPEC_V1,2026-10-07
OOD00027,3,59,ood,0.5620460195316057,0.08643116731720152,0.3515228131511928,7.293680254017742,23.968244955032283,39.020025035477346,6.800000000000001,2.4947110421719256,28.573979184598237,2.006120332101811,32.74147048985688,83.74741637698365,203.7300821177744,6.804041322873821,0.8593892590747629,1.972166427287679,0.6609901388610594,0.902494485350795,0.0798664546998774,0.8979306111499735,0.728969989950875,116.80000000000001,160.22607461230484,0.6120486639299012,synthetic,SPEC_V1,2026-10-07
OOD00027,4,59,ood,0.5620460195316057,0.08643116731720152,0.3515228131511928,7.293680254017742,23.968244955032283,39.020025035477346,6.800000000000001,2.4947110421719256,28.573979184598237,2.006120332101811,32.74147048985688,83.74741637698365,203.7300821177744,6.804041322873821,0.8593892590747629,1.972166427287679,0.6609901388610594,0.902494485350795,0.0798664546998774,0.8979306111499735,0.7394630280550853,108.9,147.26902612890018,0.6120486639299012,synthetic,SPEC_V1,2026-10-07
OOD00027,5,59,ood,0.5620460195316057,0.08643116731720152,0.3515228131511928,7.293680254017742,23.968244955032283,39.020025035477346,6.800000000000001,2.4947110421719256,28.573979184598237,2.006120332101811,32.74147048985688,83.74741637698365,203.7300821177744,6.804041322873821,0.8593892590747629,1.972166427287679,0.6609901388610594,0.902494485350795,0.0798664546998774,0.8979306111499735,0.7146423813444677,110.2,154.2030012167471,0.6120486639299012,synthetic,SPEC_V1,2026-10-07
OOD00027,6,59,ood,0.5620460195316057,0.08643116731720152,0.3515228131511928,7.293680254017742,23.968244955032283,39.020025035477346,6.800000000000001,2.4947110421719256,28.573979184598237,2.006120332101811,32.74147048985688,83.74741637698365,203.7300821177744,6.804041322873821,0.8593892590747629,1.972166427287679,0.6609901388610594,0.902494485350795,0.0798664546998774,0.8979306111499735,0.7262811900370464,95.60000000000001,131.6294588258903,0.6120486639299012,synthetic,SPEC_V1,2026-10-07
OOD00027,7,59,ood,0.5620460195316057,0.08643116731720152,0.3515228131511928,7.293680254017742,23.968244955032283,39.020025035477346,6.800000000000001,2.4947110421719256,28.573979184598237,2.006120332101811,32.74147048985688,83.74741637698365,203.7300821177744,6.804041322873821,0.8593892590747629,1.972166427287679,0.6609901388610594,0.902494485350795,0.0798664546998774,0.8979306111499735,0.7396066326856735,98.60000000000001,133.3141100181347,0.6120486639299012,synthetic,SPEC_V1,2026-10-07
OOD00028,0,59,ood,0.5968950185868531,0.06115959655635535,0.34194538485679155,7.081602897818004,24.472023297906073,31.913136848430877,6.300000000000001,3.363429897961505,32.43290187756483,2.644882355669138,30.675992701115003,12.454078331062295,208.0121980322016,6.281602897818004,0.8535457333323397,1.4248575163704162,0.664041146690411,0.9466156388671901,0.06054432190214855,0.8373784663011079,0.7463851298309772,10.4,13.933825292520412,1.0,synthetic,SPEC_V1,2026-10-07
OOD00028,1,59,ood,0.5968950185868531,0.06115959655635535,0.34194538485679155,7.081602897818004,24.472023297906073,31.913136848430877,6.300000000000001,3.363429897961505,32.43290187756483,2.644882355669138,30.675992701115003,12.454078331062295,208.0121980322016,6.281602897818004,0.8535457333323397,1.4248575163704162,0.664041146690411,0.9466156388671901,0.06054432190214855,0.8373784663011079,0.7348472048372914,12.9,17.55466975322618,1.0,synthetic,SPEC_V1,2026-10-07
OOD00028,2,59,ood,0.5968950185868531,0.06115959655635535,0.34194538485679155,7.081602897818004,24.472023297906073,31.913136848430877,6.300000000000001,3.363429897961505,32.43290187756483,2.644882355669138,30.675992701115003,12.454078331062295,208.0121980322016,6.281602897818004,0.8535457333323397,1.4248575163704162,0.664041146690411,0.9466156388671901,0.06054432190214855,0.8373784663011079,0.7345245847079136,11.5,15.656385421834475,1.0,synthetic,SPEC_V1,2026-10-07
OOD00028,3,59,ood,0.5968950185868531,0.06115959655635535,0.34194538485679155,7.081602897818004,24.472023297906073,31.913136848430877,6.300000000000001,3.363429897961505,32.43290187756483,2.644882355669138,30.675992701115003,12.454078331062295,208.0121980322016,6.281602897818004,0.8535457333323397,1.4248575163704162,0.664041146690411,0.9466156388671901,0.06054432190214855,0.8373784663011079,0.7260421026208881,11.600000000000001,15.97703488286145,1.0,synthetic,SPEC_V1,2026-10-07
OOD00028,4,59,ood,0.5968950185868531,0.06115959655635535,0.34194538485679155,7.081602897818004,24.472023297906073,31.913136848430877,6.300000000000001,3.363429897961505,32.43290187756483,2.644882355669138,30.675992701115003,12.454078331062295,208.0121980322016,6.281602897818004,0.8535457333323397,1.4248575163704162,0.664041146690411,0.9466156388671901,0.06054432190214855,0.8373784663011079,0.7034397935108964,11.200000000000001,15.921760615930397,1.0,synthetic,SPEC_V1,2026-10-07
OOD00028,5,59,ood,0.5968950185868531,0.06115959655635535,0.34194538485679155,7.081602897818004,24.472023297906073,31.913136848430877,6.300000000000001,3.363429897961505,32.43290187756483,2.644882355669138,30.675992701115003,12.454078331062295,208.0121980322016,6.281602897818004,0.8535457333323397,1.4248575163704162,0.664041146690411,0.9466156388671901,0.06054432190214855,0.8373784663011079,0.7180884965823323,11.200000000000001,15.596963401175815,1.0,synthetic,SPEC_V1,2026-10-07
OOD00028,6,59,ood,0.5968950185868531,0.06115959655635535,0.34194538485679155,7.081602897818004,24.472023297906073,31.913136848430877,6.300000000000001,3.363429897961505,32.43290187756483,2.644882355669138,30.675992701115003,12.454078331062295,208.0121980322016,6.281602897818004,0.8535457333323397,1.4248575163704162,0.664041146690411,0.9466156388671901,0.06054432190214855,0.8373784663011079,0.7271162318556963,12.3,16.916140035285395,1.0,synthetic,SPEC_V1,2026-10-07
OOD00028,7,59,ood,0.5968950185868531,0.06115959655635535,0.34194538485679155,7.081602897818004,24.472023297906073,31.913136848430877,6.300000000000001,3.363429897961505,32.43290187756483,2.644882355669138,30.675992701115003,12.454078331062295,208.0121980322016,6.281602897818004,0.8535457333323397,1.4248575163704162,0.664041146690411,0.9466156388671901,0.06054432190214855,0.8373784663011079,0.7153082785443572,12.100000000000001,16.91578353409154,1.0,synthetic,SPEC_V1,2026-10-07
OOD00029,0,59,ood,0.4620274826908399,0.16957916687868152,0.3683933504304786,6.73238188459365,22.26479680957063,48.54716611641312,5.9,3.794504189082249,21.91264482922463,2.0763210371344876,33.46278448953121,21.20470585687621,189.25077288135037,5.93238188459365,0.8366247155198188,3.594414700392989,0.6729157754603885,0.7358980916003961,0.01291118566099055,0.24641859107776476,0.7384084927954706,0.7000000000000001,0.947984762945963,1.0,synthetic,SPEC_V1,2026-10-07
OOD00029,1,59,ood,0.4620274826908399,0.16957916687868152,0.3683933504304786,6.73238188459365,22.26479680957063,48.54716611641312,5.9,3.794504189082249,21.91264482922463,2.0763210371344876,33.46278448953121,21.20470585687621,189.25077288135037,5.93238188459365,0.8366247155198188,3.594414700392989,0.6729157754603885,0.7358980916003961,0.01291118566099055,0.24641859107776476,0.75,0.7000000000000001,0.9333333333333335,1.0,synthetic,SPEC_V1,2026-10-07
OOD00029,2,59,ood,0.4620274826908399,0.16957916687868152,0.3683933504304786,6.73238188459365,22.26479680957063,48.54716611641312,5.9,3.794504189082249,21.91264482922463,2.0763210371344876,33.46278448953121,21.20470585687621,189.25077288135037,5.93238188459365,0.8366247155198188,3.594414700392989,0.6729157754603885,0.7358980916003961,0.01291118566099055,0.24641859107776476,0.7328107600003764,0.8,1.0916870270840309,1.0,synthetic,SPEC_V1,2026-10-07
OOD00029,3,59,ood,0.4620274826908399,0.16957916687868152,0.3683933504304786,6.73238188459365,22.26479680957063,48.54716611641312,5.9,3.794504189082249,21.91264482922463,2.0763210371344876,33.46278448953121,21.20470585687621,189.25077288135037,5.93238188459365,0.8366247155198188,3.594414700392989,0.6729157754603885,0.7358980916003961,0.01291118566099055,0.24641859107776476,0.741167580656999,0.8,1.0793780258047037,1.0,synthetic,SPEC_V1,2026-10-07
OOD00029,4,59,ood,0.4620274826908399,0.16957916687868152,0.3683933504304786,6.73238188459365,22.26479680957063,48.54716611641312,5.9,3.794504189082249,21.91264482922463,2.0763210371344876,33.46278448953121,21.20470585687621,189.25077288135037,5.93238188459365,0.8366247155198188,3.594414700392989,0.6729157754603885,0.7358980916003961,0.01291118566099055,0.24641859107776476,0.737805977383638,0.8,1.0842959050520447,1.0,synthetic,SPEC_V1,2026-10-07
OOD00029,5,59,ood,0.4620274826908399,0.16957916687868152,0.3683933504304786,6.73238188459365,22.26479680957063,48.54716611641312,5.9,3.794504189082249,21.91264482922463,2.0763210371344876,33.46278448953121,21.20470585687621,189.25077288135037,5.93238188459365,0.8366247155198188,3.594414700392989,0.6729157754603885,0.7358980916003961,0.01291118566099055,0.24641859107776476,0.7431701342049499,0.8,1.076469523167595,1.0,synthetic,SPEC_V1,2026-10-07
OOD00029,6,59,ood,0.4620274826908399,0.16957916687868152,0.3683933504304786,6.73238188459365,22.26479680957063,48.54716611641312,5.9,3.794504189082249,21.91264482922463,2.0763210371344876,33.46278448953121,21.20470585687621,189.25077288135037,5.93238188459365,0.8366247155198188,3.594414700392989,0.6729157754603885,0.7358980916003961,0.01291118566099055,0.24641859107776476,0.7462859289566652,0.8,1.0719751893465672,1.0,synthetic,SPEC_V1,2026-10-07
OOD00029,7,59,ood,0.4620274826908399,0.16957916687868152,0.3683933504304786,6.73238188459365,22.26479680957063,48.54716611641312,5.9,3.794504189082249,21.91264482922463,2.0763210371344876,33.46278448953121,21.20470585687621,189.25077288135037,5.93238188459365,0.8366247155198188,3.594414700392989,0.6729157754603885,0.7358980916003961,0.01291118566099055,0.24641859107776476,0.7254207094924777,0.8,1.102808328369478,1.0,synthetic,SPEC_V1,2026-10-07
OOD00030,0,59,ood,0.44804629338714014,0.1749614624867521,0.3769922441261077,7.04006014192389,26.174521577519087,42.58234222519114,6.2,3.9062050574343585,24.39518450820168,2.287811201038669,32.05264828463906,91.27560154160582,222.48343340891225,6.24006014192389,1.0064943461004874,4.359715011489287,0.5870288948887982,0.6544607913388963,0.024470780825840532,0.44952250975273056,0.7447090595180407,1.6,2.148490043931364,1.0,synthetic,SPEC_V1,2026-10-07
OOD00030,1,59,ood,0.44804629338714014,0.1749614624867521,0.3769922441261077,7.04006014192389,26.174521577519087,42.58234222519114,6.2,3.9062050574343585,24.39518450820168,2.287811201038669,32.05264828463906,91.27560154160582,222.48343340891225,6.24006014192389,1.0064943461004874,4.359715011489287,0.5870288948887982,0.6544607913388963,0.024470780825840532,0.44952250975273056,0.7434278619692887,1.9000000000000001,2.5557288032856778,1.0,synthetic,SPEC_V1,2026-10-07
OOD00030,2,59,ood,0.44804629338714014,0.1749614624867521,0.3769922441261077,7.04006014192389,26.174521577519087,42.58234222519114,6.2,3.9062050574343585,24.39518450820168,2.287811201038669,32.05264828463906,91.27560154160582,222.48343340891225,6.24006014192389,1.0064943461004874,4.359715011489287,0.5870288948887982,0.6544607913388963,0.024470780825840532,0.44952250975273056,0.7403580242979516,1.7000000000000002,2.296186364174325,1.0,synthetic,SPEC_V1,2026-10-07
OOD00030,3,59,ood,0.44804629338714014,0.1749614624867521,0.3769922441261077,7.04006014192389,26.174521577519087,42.58234222519114,6.2,3.9062050574343585,24.39518450820168,2.287811201038669,32.05264828463906,91.27560154160582,222.48343340891225,6.24006014192389,1.0064943461004874,4.359715011489287,0.5870288948887982,0.6544607913388963,0.024470780825840532,0.44952250975273056,0.7423079046406903,1.5,2.020724810583913,1.0,synthetic,SPEC_V1,2026-10-07
OOD00030,4,59,ood,0.44804629338714014,0.1749614624867521,0.3769922441261077,7.04006014192389,26.174521577519087,42.58234222519114,6.2,3.9062050574343585,24.39518450820168,2.287811201038669,32.05264828463906,91.27560154160582,222.48343340891225,6.24006014192389,1.0064943461004874,4.359715011489287,0.5870288948887982,0.6544607913388963,0.024470780825840532,0.44952250975273056,0.7328468397070588,1.6,2.183266561727371,1.0,synthetic,SPEC_V1,2026-10-07
OOD00030,5,59,ood,0.44804629338714014,0.1749614624867521,0.3769922441261077,7.04006014192389,26.174521577519087,42.58234222519114,6.2,3.9062050574343585,24.39518450820168,2.287811201038669,32.05264828463906,91.27560154160582,222.48343340891225,6.24006014192389,1.0064943461004874,4.359715011489287,0.5870288948887982,0.6544607913388963,0.024470780825840532,0.44952250975273056,0.75,1.6,2.1333333333333333,1.0,synthetic,SPEC_V1,2026-10-07
OOD00030,6,59,ood,0.44804629338714014,0.1749614624867521,0.3769922441261077,7.04006014192389,26.174521577519087,42.58234222519114,6.2,3.9062050574343585,24.39518450820168,2.287811201038669,32.05264828463906,91.27560154160582,222.48343340891225,6.24006014192389,1.0064943461004874,4.359715011489287,0.5870288948887982,0.6544607913388963,0.024470780825840532,0.44952250975273056,0.7453901572753098,1.7000000000000002,2.2806847976288815,1.0,synthetic,SPEC_V1,2026-10-07
OOD00030,7,59,ood,0.44804629338714014,0.1749614624867521,0.3769922441261077,7.04006014192389,26.174521577519087,42.58234222519114,6.2,3.9062050574343585,24.39518450820168,2.287811201038669,32.05264828463906,91.27560154160582,222.48343340891225,6.24006014192389,1.0064943461004874,4.359715011489287,0.5870288948887982,0.6544607913388963,0.024470780825840532,0.44952250975273056,0.75,1.7000000000000002,2.266666666666667,1.0,synthetic,SPEC_V1,2026-10-07
OOD00031,0,59,ood,0.5497324119199775,0.13779451023939704,0.31247307784062545,7.08759190798491,24.777620586414066,41.32602417569741,6.5,2.5701293608813423,25.202243360375615,2.535376682306423,31.582370381680864,67.66432955977086,210.6097749845196,6.528370420721685,0.7897186153528127,3.2503375291096073,0.6977908890203544,0.7731179326319162,0.07408962368225493,0.845448008782719,0.6948435853915392,68.7,98.87117251185109,0.6990268590790314,synthetic,SPEC_V1,2026-10-07
OOD00031,1,59,ood,0.5497324119199775,0.13779451023939704,0.31247307784062545,7.08759190798491,24.777620586414066,41.32602417569741,6.5,2.5701293608813423,25.202243360375615,2.535376682306423,31.582370381680864,67.66432955977086,210.6097749845196,6.528370420721685,0.7897186153528127,3.2503375291096073,0.6977908890203544,0.7731179326319162,0.07408962368225493,0.845448008782719,0.7107340362994385,68.5,96.37923119125864,0.6990268590790314,synthetic,SPEC_V1,2026-10-07
OOD00031,2,59,ood,0.5497324119199775,0.13779451023939704,0.31247307784062545,7.08759190798491,24.777620586414066,41.32602417569741,6.5,2.5701293608813423,25.202243360375615,2.535376682306423,31.582370381680864,67.66432955977086,210.6097749845196,6.528370420721685,0.7897186153528127,3.2503375291096073,0.6977908890203544,0.7731179326319162,0.07408962368225493,0.845448008782719,0.6994292834300229,66.8,95.5064387244565,0.6990268590790314,synthetic,SPEC_V1,2026-10-07
OOD00031,3,59,ood,0.5497324119199775,0.13779451023939704,0.31247307784062545,7.08759190798491,24.777620586414066,41.32602417569741,6.5,2.5701293608813423,25.202243360375615,2.535376682306423,31.582370381680864,67.66432955977086,210.6097749845196,6.528370420721685,0.7897186153528127,3.2503375291096073,0.6977908890203544,0.7731179326319162,0.07408962368225493,0.845448008782719,0.7049632279927789,67.60000000000001,95.89152641688206,0.6990268590790314,synthetic,SPEC_V1,2026-10-07
OOD00031,4,59,ood,0.5497324119199775,0.13779451023939704,0.31247307784062545,7.08759190798491,24.777620586414066,41.32602417569741,6.5,2.5701293608813423,25.202243360375615,2.535376682306423,31.582370381680864,67.66432955977086,210.6097749845196,6.528370420721685,0.7897186153528127,3.2503375291096073,0.6977908890203544,0.7731179326319162,0.07408962368225493,0.845448008782719,0.7020756310362415,68.0,96.85566197424363,0.6990268590790314,synthetic,SPEC_V1,2026-10-07
OOD00031,5,59,ood,0.5497324119199775,0.13779451023939704,0.31247307784062545,7.08759190798491,24.777620586414066,41.32602417569741,6.5,2.5701293608813423,25.202243360375615,2.535376682306423,31.582370381680864,67.66432955977086,210.6097749845196,6.528370420721685,0.7897186153528127,3.2503375291096073,0.6977908890203544,0.7731179326319162,0.07408962368225493,0.845448008782719,0.7088145179173191,69.9,98.61536161164466,0.6990268590790314,synthetic,SPEC_V1,2026-10-07
OOD00031,6,59,ood,0.5497324119199775,0.13779451023939704,0.31247307784062545,7.08759190798491,24.777620586414066,41.32602417569741,6.5,2.5701293608813423,25.202243360375615,2.535376682306423,31.582370381680864,67.66432955977086,210.6097749845196,6.528370420721685,0.7897186153528127,3.2503375291096073,0.6977908890203544,0.7731179326319162,0.07408962368225493,0.845448008782719,0.6991189996069953,70.9,101.41335028779926,0.6990268590790314,synthetic,SPEC_V1,2026-10-07
OOD00031,7,59,ood,0.5497324119199775,0.13779451023939704,0.31247307784062545,7.08759190798491,24.777620586414066,41.32602417569741,6.5,2.5701293608813423,25.202243360375615,2.535376682306423,31.582370381680864,67.66432955977086,210.6097749845196,6.528370420721685,0.7897186153528127,3.2503375291096073,0.6977908890203544,0.7731179326319162,0.07408962368225493,0.845448008782719,0.7048371266230098,75.8,107.54257563470048,0.6990268590790314,synthetic,SPEC_V1,2026-10-07
OOD00032,0,59,ood,0.5418075417284516,0.13670096771060852,0.32149149056093984,7.276845920862355,23.256518557037094,40.905058067666786,6.7,2.6352031211286686,31.787866758974697,2.764564781625811,32.62699213140117,8.926924504039565,197.6804077348153,6.669760759028544,0.7626308272483214,3.026587539895014,0.7123050474003645,0.797161535642015,0.0763232396045622,0.8987028688168457,0.6960377872465315,96.7,138.92923886005858,0.7588564522922634,synthetic,SPEC_V1,2026-10-07
OOD00032,1,59,ood,0.5418075417284516,0.13670096771060852,0.32149149056093984,7.276845920862355,23.256518557037094,40.905058067666786,6.7,2.6352031211286686,31.787866758974697,2.764564781625811,32.62699213140117,8.926924504039565,197.6804077348153,6.669760759028544,0.7626308272483214,3.026587539895014,0.7123050474003645,0.797161535642015,0.0763232396045622,0.8987028688168457,0.7097313015032413,95.5,134.5579655254417,0.7588564522922634,synthetic,SPEC_V1,2026-10-07
OOD00032,2,59,ood,0.5418075417284516,0.13670096771060852,0.32149149056093984,7.276845920862355,23.256518557037094,40.905058067666786,6.7,2.6352031211286686,31.787866758974697,2.764564781625811,32.62699213140117,8.926924504039565,197.6804077348153,6.669760759028544,0.7626308272483214,3.026587539895014,0.7123050474003645,0.797161535642015,0.0763232396045622,0.8987028688168457,0.7334371344078122,93.60000000000001,127.61829965914394,0.7588564522922634,synthetic,SPEC_V1,2026-10-07
OOD00032,3,59,ood,0.5418075417284516,0.13670096771060852,0.32149149056093984,7.276845920862355,23.256518557037094,40.905058067666786,6.7,2.6352031211286686,31.787866758974697,2.764564781625811,32.62699213140117,8.926924504039565,197.6804077348153,6.669760759028544,0.7626308272483214,3.026587539895014,0.7123050474003645,0.797161535642015,0.0763232396045622,0.8987028688168457,0.6846984692757372,92.4,134.94991466497538,0.7588564522922634,synthetic,SPEC_V1,2026-10-07
OOD00032,4,59,ood,0.5418075417284516,0.13670096771060852,0.32149149056093984,7.276845920862355,23.256518557037094,40.905058067666786,6.7,2.6352031211286686,31.787866758974697,2.764564781625811,32.62699213140117,8.926924504039565,197.6804077348153,6.669760759028544,0.7626308272483214,3.026587539895014,0.7123050474003645,0.797161535642015,0.0763232396045622,0.8987028688168457,0.7048972077910066,93.10000000000001,132.07599486988323,0.7588564522922634,synthetic,SPEC_V1,2026-10-07
OOD00032,5,59,ood,0.5418075417284516,0.13670096771060852,0.32149149056093984,7.276845920862355,23.256518557037094,40.905058067666786,6.7,2.6352031211286686,31.787866758974697,2.764564781625811,32.62699213140117,8.926924504039565,197.6804077348153,6.669760759028544,0.7626308272483214,3.026587539895014,0.7123050474003645,0.797161535642015,0.0763232396045622,0.8987028688168457,0.7168141622598129,98.0,136.71604881667977,0.7588564522922634,synthetic,SPEC_V1,2026-10-07
OOD00032,6,59,ood,0.5418075417284516,0.13670096771060852,0.32149149056093984,7.276845920862355,23.256518557037094,40.905058067666786,6.7,2.6352031211286686,31.787866758974697,2.764564781625811,32.62699213140117,8.926924504039565,197.6804077348153,6.669760759028544,0.7626308272483214,3.026587539895014,0.7123050474003645,0.797161535642015,0.0763232396045622,0.8987028688168457,0.7073416541860313,99.4,140.52615085193008,0.7588564522922634,synthetic,SPEC_V1,2026-10-07
OOD00032,7,59,ood,0.5418075417284516,0.13670096771060852,0.32149149056093984,7.276845920862355,23.256518557037094,40.905058067666786,6.7,2.6352031211286686,31.787866758974697,2.764564781625811,32.62699213140117,8.926924504039565,197.6804077348153,6.669760759028544,0.7626308272483214,3.026587539895014,0.7123050474003645,0.797161535642015,0.0763232396045622,0.8987028688168457,0.7100338010581099,91.7,129.1487811754122,0.7588564522922634,synthetic,SPEC_V1,2026-10-07
OOD00033,0,59,ood,0.5186269371940235,0.17851399263761847,0.30285907016835806,6.669780694118692,23.345366795426493,31.310906112259136,5.9,3.7453814687810643,21.662239480899004,1.1302500211288709,33.9119795943484,10.498716437091158,198.43561776112517,5.869780694118692,0.7211763202010171,3.9674358537016863,0.7346581623623508,0.6957792661875513,0.0152166021742214,0.28080710893957317,0.6976183042285428,0.5,0.71672431323734,1.0,synthetic,SPEC_V1,2026-10-07
OOD00033,1,59,ood,0.5186269371940235,0.17851399263761847,0.30285907016835806,6.669780694118692,23.345366795426493,31.310906112259136,5.9,3.7453814687810643,21.662239480899004,1.1302500211288709,33.9119795943484,10.498716437091158,198.43561776112517,5.869780694118692,0.7211763202010171,3.9674358537016863,0.7346581623623508,0.6957792661875513,0.0152166021742214,0.28080710893957317,0.697460631993803,0.5,0.7168863403381921,1.0,synthetic,SPEC_V1,2026-10-07
OOD00033,2,59,ood,0.5186269371940235,0.17851399263761847,0.30285907016835806,6.669780694118692,23.345366795426493,31.310906112259136,5.9,3.7453814687810643,21.662239480899004,1.1302500211288709,33.9119795943484,10.498716437091158,198.43561776112517,5.869780694118692,0.7211763202010171,3.9674358537016863,0.7346581623623508,0.6957792661875513,0.0152166021742214,0.28080710893957317,0.7107131680556461,0.6000000000000001,0.8442224331391907,1.0,synthetic,SPEC_V1,2026-10-07
OOD00033,3,59,ood,0.5186269371940235,0.17851399263761847,0.30285907016835806,6.669780694118692,23.345366795426493,31.310906112259136,5.9,3.7453814687810643,21.662239480899004,1.1302500211288709,33.9119795943484,10.498716437091158,198.43561776112517,5.869780694118692,0.7211763202010171,3.9674358537016863,0.7346581623623508,0.6957792661875513,0.0152166021742214,0.28080710893957317,0.6884801712034131,0.5,0.7262373281223721,1.0,synthetic,SPEC_V1,2026-10-07
OOD00033,4,59,ood,0.5186269371940235,0.17851399263761847,0.30285907016835806,6.669780694118692,23.345366795426493,31.310906112259136,5.9,3.7453814687810643,21.662239480899004,1.1302500211288709,33.9119795943484,10.498716437091158,198.43561776112517,5.869780694118692,0.7211763202010171,3.9674358537016863,0.7346581623623508,0.6957792661875513,0.0152166021742214,0.28080710893957317,0.6968222398225894,0.5,0.7175431141912172,1.0,synthetic,SPEC_V1,2026-10-07
OOD00033,5,59,ood,0.5186269371940235,0.17851399263761847,0.30285907016835806,6.669780694118692,23.345366795426493,31.310906112259136,5.9,3.7453814687810643,21.662239480899004,1.1302500211288709,33.9119795943484,10.498716437091158,198.43561776112517,5.869780694118692,0.7211763202010171,3.9674358537016863,0.7346581623623508,0.6957792661875513,0.0152166021742214,0.28080710893957317,0.7026390341546814,0.6000000000000001,0.8539235237931772,1.0,synthetic,SPEC_V1,2026-10-07
OOD00033,6,59,ood,0.5186269371940235,0.17851399263761847,0.30285907016835806,6.669780694118692,23.345366795426493,31.310906112259136,5.9,3.7453814687810643,21.662239480899004,1.1302500211288709,33.9119795943484,10.498716437091158,198.43561776112517,5.869780694118692,0.7211763202010171,3.9674358537016863,0.7346581623623508,0.6957792661875513,0.0152166021742214,0.28080710893957317,0.6923767546883505,0.5,0.7221501828510372,1.0,synthetic,SPEC_V1,2026-10-07
OOD00033,7,59,ood,0.5186269371940235,0.17851399263761847,0.30285907016835806,6.669780694118692,23.345366795426493,31.310906112259136,5.9,3.7453814687810643,21.662239480899004,1.1302500211288709,33.9119795943484,10.498716437091158,198.43561776112517,5.869780694118692,0.7211763202010171,3.9674358537016863,0.7346581623623508,0.6957792661875513,0.0152166021742214,0.28080710893957317,0.6882631396146006,0.5,0.7264663341988352,1.0,synthetic,SPEC_V1,2026-10-07
OOD00034,0,59,ood,0.511842526384141,0.15658510525298064,0.33157236836287834,7.266265540843886,23.18243594755877,50.593659380921096,7.0,1.924392140831219,32.97090395626049,1.671348834996218,27.309802060209176,76.18434029837333,197.05070555424953,6.998960379409899,0.7840388295383844,3.4557830125712607,0.7008264786524323,0.7509005138435357,0.05953560595589352,0.8323820805477808,0.7138414701339293,90.10000000000001,126.21850056301108,0.33413145179248316,synthetic,SPEC_V1,2026-10-07
OOD00034,1,59,ood,0.511842526384141,0.15658510525298064,0.33157236836287834,7.266265540843886,23.18243594755877,50.593659380921096,7.0,1.924392140831219,32.97090395626049,1.671348834996218,27.309802060209176,76.18434029837333,197.05070555424953,6.998960379409899,0.7840388295383844,3.4557830125712607,0.7008264786524323,0.7509005138435357,0.05953560595589352,0.8323820805477808,0.7205851557172617,92.4,128.2291194411661,0.33413145179248316,synthetic,SPEC_V1,2026-10-07
OOD00034,2,59,ood,0.511842526384141,0.15658510525298064,0.33157236836287834,7.266265540843886,23.18243594755877,50.593659380921096,7.0,1.924392140831219,32.97090395626049,1.671348834996218,27.309802060209176,76.18434029837333,197.05070555424953,6.998960379409899,0.7840388295383844,3.4557830125712607,0.7008264786524323,0.7509005138435357,0.05953560595589352,0.8323820805477808,0.7018530493906378,102.7,146.32692710983605,0.33413145179248316,synthetic,SPEC_V1,2026-10-07
OOD00034,3,59,ood,0.511842526384141,0.15658510525298064,0.33157236836287834,7.266265540843886,23.18243594755877,50.593659380921096,7.0,1.924392140831219,32.97090395626049,1.671348834996218,27.309802060209176,76.18434029837333,197.05070555424953,6.998960379409899,0.7840388295383844,3.4557830125712607,0.7008264786524323,0.7509005138435357,0.05953560595589352,0.8323820805477808,0.7264137607394134,88.7,122.10671767797,0.33413145179248316,synthetic,SPEC_V1,2026-10-07
OOD00034,4,59,ood,0.511842526384141,0.15658510525298064,0.33157236836287834,7.266265540843886,23.18243594755877,50.593659380921096,7.0,1.924392140831219,32.97090395626049,1.671348834996218,27.309802060209176,76.18434029837333,197.05070555424953,6.998960379409899,0.7840388295383844,3.4557830125712607,0.7008264786524323,0.7509005138435357,0.05953560595589352,0.8323820805477808,0.700879825438734,93.30000000000001,133.11839863787839,0.33413145179248316,synthetic,SPEC_V1,2026-10-07
OOD00034,5,59,ood,0.511842526384141,0.15658510525298064,0.33157236836287834,7.266265540843886,23.18243594755877,50.593659380921096,7.0,1.924392140831219,32.97090395626049,1.671348834996218,27.309802060209176,76.18434029837333,197.05070555424953,6.998960379409899,0.7840388295383844,3.4557830125712607,0.7008264786524323,0.7509005138435357,0.05953560595589352,0.8323820805477808,0.7098089348525402,99.2,139.75591899333924,0.33413145179248316,synthetic,SPEC_V1,2026-10-07
OOD00034,6,59,ood,0.511842526384141,0.15658510525298064,0.33157236836287834,7.266265540843886,23.18243594755877,50.593659380921096,7.0,1.924392140831219,32.97090395626049,1.671348834996218,27.309802060209176,76.18434029837333,197.05070555424953,6.998960379409899,0.7840388295383844,3.4557830125712607,0.7008264786524323,0.7509005138435357,0.05953560595589352,0.8323820805477808,0.7225922473954965,89.10000000000001,123.30605583045079,0.33413145179248316,synthetic,SPEC_V1,2026-10-07
OOD00034,7,59,ood,0.511842526384141,0.15658510525298064,0.33157236836287834,7.266265540843886,23.18243594755877,50.593659380921096,7.0,1.924392140831219,32.97090395626049,1.671348834996218,27.309802060209176,76.18434029837333,197.05070555424953,6.998960379409899,0.7840388295383844,3.4557830125712607,0.7008264786524323,0.7509005138435357,0.05953560595589352,0.8323820805477808,0.7000040434470832,99.9,142.71346135095854,0.33413145179248316,synthetic,SPEC_V1,2026-10-07
OOD00035,0,59,ood,0.5909995079513317,0.08374230945449442,0.3252581825941739,7.464176757215231,22.82205694676166,30.942760940652004,6.7,3.8658455005557517,26.918478919496195,2.7684583257331745,28.926063345714176,44.19484476360694,193.98748404747408,6.664176757215231,0.7571521980875726,1.8194355109730658,0.7152509301356597,0.915789456188531,0.09300442251354162,0.9182048711657952,0.7014273569618096,40.1,57.16914175359618,1.0,synthetic,SPEC_V1,2026-10-07
OOD00035,1,59,ood,0.5909995079513317,0.08374230945449442,0.3252581825941739,7.464176757215231,22.82205694676166,30.942760940652004,6.7,3.8658455005557517,26.918478919496195,2.7684583257331745,28.926063345714176,44.19484476360694,193.98748404747408,6.664176757215231,0.7571521980875726,1.8194355109730658,0.7152509301356597,0.915789456188531,0.09300442251354162,0.9182048711657952,0.7126790848727542,39.6,55.56498126652673,1.0,synthetic,SPEC_V1,2026-10-07
OOD00035,2,59,ood,0.5909995079513317,0.08374230945449442,0.3252581825941739,7.464176757215231,22.82205694676166,30.942760940652004,6.7,3.8658455005557517,26.918478919496195,2.7684583257331745,28.926063345714176,44.19484476360694,193.98748404747408,6.664176757215231,0.7571521980875726,1.8194355109730658,0.7152509301356597,0.915789456188531,0.09300442251354162,0.9182048711657952,0.7148923531110096,38.6,53.99414307905757,1.0,synthetic,SPEC_V1,2026-10-07
OOD00035,3,59,ood,0.5909995079513317,0.08374230945449442,0.3252581825941739,7.464176757215231,22.82205694676166,30.942760940652004,6.7,3.8658455005557517,26.918478919496195,2.7684583257331745,28.926063345714176,44.19484476360694,193.98748404747408,6.664176757215231,0.7571521980875726,1.8194355109730658,0.7152509301356597,0.915789456188531,0.09300442251354162,0.9182048711657952,0.7177459063139117,41.400000000000006,57.680579764802445,1.0,synthetic,SPEC_V1,2026-10-07
OOD00035,4,59,ood,0.5909995079513317,0.08374230945449442,0.3252581825941739,7.464176757215231,22.82205694676166,30.942760940652004,6.7,3.8658455005557517,26.918478919496195,2.7684583257331745,28.926063345714176,44.19484476360694,193.98748404747408,6.664176757215231,0.7571521980875726,1.8194355109730658,0.7152509301356597,0.915789456188531,0.09300442251354162,0.9182048711657952,0.6924390379807431,39.900000000000006,57.62240112336016,1.0,synthetic,SPEC_V1,2026-10-07
OOD00035,5,59,ood,0.5909995079513317,0.08374230945449442,0.3252581825941739,7.464176757215231,22.82205694676166,30.942760940652004,6.7,3.8658455005557517,26.918478919496195,2.7684583257331745,28.926063345714176,44.19484476360694,193.98748404747408,6.664176757215231,0.7571521980875726,1.8194355109730658,0.7152509301356597,0.915789456188531,0.09300442251354162,0.9182048711657952,0.6970634571095635,38.7,55.51861829118548,1.0,synthetic,SPEC_V1,2026-10-07
OOD00035,6,59,ood,0.5909995079513317,0.08374230945449442,0.3252581825941739,7.464176757215231,22.82205694676166,30.942760940652004,6.7,3.8658455005557517,26.918478919496195,2.7684583257331745,28.926063345714176,44.19484476360694,193.98748404747408,6.664176757215231,0.7571521980875726,1.8194355109730658,0.7152509301356597,0.915789456188531,0.09300442251354162,0.9182048711657952,0.7100426585223691,43.900000000000006,61.82727118305524,1.0,synthetic,SPEC_V1,2026-10-07
OOD00035,7,59,ood,0.5909995079513317,0.08374230945449442,0.3252581825941739,7.464176757215231,22.82205694676166,30.942760940652004,6.7,3.8658455005557517,26.918478919496195,2.7684583257331745,28.926063345714176,44.19484476360694,193.98748404747408,6.664176757215231,0.7571521980875726,1.8194355109730658,0.7152509301356597,0.915789456188531,0.09300442251354162,0.9182048711657952,0.7181987695649149,43.7,60.846665090325175,1.0,synthetic,SPEC_V1,2026-10-07
OOD00036,0,59,ood,0.49898583106751837,0.18769422631207877,0.31331994262040286,6.573935572459385,25.782443972398966,30.36392703934125,5.800000000000001,3.497058348610044,22.943495412719635,2.4629955491915148,34.8129108999518,48.37463303067945,219.15077376539122,5.7739355724593855,0.8239716943366712,4.606933511889913,0.6795884902509809,0.6291084673014162,0.008329361620737536,0.17395387873405954,0.717480498747906,0.1,0.1393766104786299,1.0,synthetic,SPEC_V1,2026-10-07
OOD00036,1,59,ood,0.49898583106751837,0.18769422631207877,0.31331994262040286,6.573935572459385,25.782443972398966,30.36392703934125,5.800000000000001,3.497058348610044,22.943495412719635,2.4629955491915148,34.8129108999518,48.37463303067945,219.15077376539122,5.7739355724593855,0.8239716943366712,4.606933511889913,0.6795884902509809,0.6291084673014162,0.008329361620737536,0.17395387873405954,0.7130447558328614,0.1,0.140243651162116,1.0,synthetic,SPEC_V1,2026-10-07
OOD00036,2,59,ood,0.49898583106751837,0.18769422631207877,0.31331994262040286,6.573935572459385,25.782443972398966,30.36392703934125,5.800000000000001,3.497058348610044,22.943495412719635,2.4629955491915148,34.8129108999518,48.37463303067945,219.15077376539122,5.7739355724593855,0.8239716943366712,4.606933511889913,0.6795884902509809,0.6291084673014162,0.008329361620737536,0.17395387873405954,0.6964538361441881,0.1,0.14358453469598928,1.0,synthetic,SPEC_V1,2026-10-07
OOD00036,3,59,ood,0.49898583106751837,0.18769422631207877,0.31331994262040286,6.573935572459385,25.782443972398966,30.36392703934125,5.800000000000001,3.497058348610044,22.943495412719635,2.4629955491915148,34.8129108999518,48.37463303067945,219.15077376539122,5.7739355724593855,0.8239716943366712,4.606933511889913,0.6795884902509809,0.6291084673014162,0.008329361620737536,0.17395387873405954,0.6959865015625472,0.1,0.14368094751190108,1.0,synthetic,SPEC_V1,2026-10-07
OOD00036,4,59,ood,0.49898583106751837,0.18769422631207877,0.31331994262040286,6.573935572459385,25.782443972398966,30.36392703934125,5.800000000000001,3.497058348610044,22.943495412719635,2.4629955491915148,34.8129108999518,48.37463303067945,219.15077376539122,5.7739355724593855,0.8239716943366712,4.606933511889913,0.6795884902509809,0.6291084673014162,0.008329361620737536,0.17395387873405954,0.6909517616830639,0.1,0.14472790366206417,1.0,synthetic,SPEC_V1,2026-10-07
OOD00036,5,59,ood,0.49898583106751837,0.18769422631207877,0.31331994262040286,6.573935572459385,25.782443972398966,30.36392703934125,5.800000000000001,3.497058348610044,22.943495412719635,2.4629955491915148,34.8129108999518,48.37463303067945,219.15077376539122,5.7739355724593855,0.8239716943366712,4.606933511889913,0.6795884902509809,0.6291084673014162,0.008329361620737536,0.17395387873405954,0.6955687090207562,0.1,0.14376724930709317,1.0,synthetic,SPEC_V1,2026-10-07
OOD00036,6,59,ood,0.49898583106751837,0.18769422631207877,0.31331994262040286,6.573935572459385,25.782443972398966,30.36392703934125,5.800000000000001,3.497058348610044,22.943495412719635,2.4629955491915148,34.8129108999518,48.37463303067945,219.15077376539122,5.7739355724593855,0.8239716943366712,4.606933511889913,0.6795884902509809,0.6291084673014162,0.008329361620737536,0.17395387873405954,0.7137033746538242,0.1,0.14011423169815354,1.0,synthetic,SPEC_V1,2026-10-07
OOD00036,7,59,ood,0.49898583106751837,0.18769422631207877,0.31331994262040286,6.573935572459385,25.782443972398966,30.36392703934125,5.800000000000001,3.497058348610044,22.943495412719635,2.4629955491915148,34.8129108999518,48.37463303067945,219.15077376539122,5.7739355724593855,0.8239716943366712,4.606933511889913,0.6795884902509809,0.6291084673014162,0.008329361620737536,0.17395387873405954,0.7068583871791094,0.1,0.141471052496207,1.0,synthetic,SPEC_V1,2026-10-07
OOD00037,0,59,ood,0.558299630737191,0.08153286071221316,0.3601675085505958,7.226763936808013,24.215770440761776,53.31856292398336,6.800000000000001,2.3126609249626267,33.50731876522501,1.982989390531654,27.133513036796963,81.4106413975414,205.8340487464751,6.827413569413056,0.889616838142798,1.879610748543052,0.6453295274102592,0.9106330853986293,0.08814203340662026,0.9289421540666434,0.7351938558223616,116.80000000000001,158.86966284470876,0.49918795924369697,synthetic,SPEC_V1,2026-10-07
OOD00037,1,59,ood,0.558299630737191,0.08153286071221316,0.3601675085505958,7.226763936808013,24.215770440761776,53.31856292398336,6.800000000000001,2.3126609249626267,33.50731876522501,1.982989390531654,27.133513036796963,81.4106413975414,205.8340487464751,6.827413569413056,0.889616838142798,1.879610748543052,0.6453295274102592,0.9106330853986293,0.08814203340662026,0.9289421540666434,0.7370305680112801,118.60000000000001,160.91598523520787,0.49918795924369697,synthetic,SPEC_V1,2026-10-07
OOD00037,2,59,ood,0.558299630737191,0.08153286071221316,0.3601675085505958,7.226763936808013,24.215770440761776,53.31856292398336,6.800000000000001,2.3126609249626267,33.50731876522501,1.982989390531654,27.133513036796963,81.4106413975414,205.8340487464751,6.827413569413056,0.889616838142798,1.879610748543052,0.6453295274102592,0.9106330853986293,0.08814203340662026,0.9289421540666434,0.7367006335323307,113.9,154.60825580381615,0.49918795924369697,synthetic,SPEC_V1,2026-10-07
OOD00037,3,59,ood,0.558299630737191,0.08153286071221316,0.3601675085505958,7.226763936808013,24.215770440761776,53.31856292398336,6.800000000000001,2.3126609249626267,33.50731876522501,1.982989390531654,27.133513036796963,81.4106413975414,205.8340487464751,6.827413569413056,0.889616838142798,1.879610748543052,0.6453295274102592,0.9106330853986293,0.08814203340662026,0.9289421540666434,0.7255958228900973,118.10000000000001,162.7627892476003,0.49918795924369697,synthetic,SPEC_V1,2026-10-07
OOD00037,4,59,ood,0.558299630737191,0.08153286071221316,0.3601675085505958,7.226763936808013,24.215770440761776,53.31856292398336,6.800000000000001,2.3126609249626267,33.50731876522501,1.982989390531654,27.133513036796963,81.4106413975414,205.8340487464751,6.827413569413056,0.889616838142798,1.879610748543052,0.6453295274102592,0.9106330853986293,0.08814203340662026,0.9289421540666434,0.7195899753407905,116.0,161.20291273521923,0.49918795924369697,synthetic,SPEC_V1,2026-10-07
OOD00037,5,59,ood,0.558299630737191,0.08153286071221316,0.3601675085505958,7.226763936808013,24.215770440761776,53.31856292398336,6.800000000000001,2.3126609249626267,33.50731876522501,1.982989390531654,27.133513036796963,81.4106413975414,205.8340487464751,6.827413569413056,0.889616838142798,1.879610748543052,0.6453295274102592,0.9106330853986293,0.08814203340662026,0.9289421540666434,0.72475198071275,107.5,148.3266039428829,0.49918795924369697,synthetic,SPEC_V1,2026-10-07
OOD00037,6,59,ood,0.558299630737191,0.08153286071221316,0.3601675085505958,7.226763936808013,24.215770440761776,53.31856292398336,6.800000000000001,2.3126609249626267,33.50731876522501,1.982989390531654,27.133513036796963,81.4106413975414,205.8340487464751,6.827413569413056,0.889616838142798,1.879610748543052,0.6453295274102592,0.9106330853986293,0.08814203340662026,0.9289421540666434,0.7317089325189918,116.30000000000001,158.94298242283847,0.49918795924369697,synthetic,SPEC_V1,2026-10-07
OOD00037,7,59,ood,0.558299630737191,0.08153286071221316,0.3601675085505958,7.226763936808013,24.215770440761776,53.31856292398336,6.800000000000001,2.3126609249626267,33.50731876522501,1.982989390531654,27.133513036796963,81.4106413975414,205.8340487464751,6.827413569413056,0.889616838142798,1.879610748543052,0.6453295274102592,0.9106330853986293,0.08814203340662026,0.9289421540666434,0.7463854334949294,118.4,158.6311772532795,0.49918795924369697,synthetic,SPEC_V1,2026-10-07
OOD00038,0,59,ood,0.5744153394962352,0.08109731543032137,0.34448734507344336,7.182886535732912,25.968451285118213,45.895299463882004,6.9,2.1313526919478103,25.531999340091765,2.4070633278315947,27.980527043638343,37.52944691775739,220.7318359235048,6.898381086172355,0.912471889565701,2.0048850442210697,0.6336341036644956,0.8995600242803907,0.05289046404160633,0.7408632315142083,0.7298031605251591,91.2,124.96520285603228,0.3556318119506967,synthetic,SPEC_V1,2026-10-07
OOD00038,1,59,ood,0.5744153394962352,0.08109731543032137,0.34448734507344336,7.182886535732912,25.968451285118213,45.895299463882004,6.9,2.1313526919478103,25.531999340091765,2.4070633278315947,27.980527043638343,37.52944691775739,220.7318359235048,6.898381086172355,0.912471889565701,2.0048850442210697,0.6336341036644956,0.8995600242803907,0.05289046404160633,0.7408632315142083,0.7108777234390713,94.4,132.79358304169867,0.3556318119506967,synthetic,SPEC_V1,2026-10-07
OOD00038,2,59,ood,0.5744153394962352,0.08109731543032137,0.34448734507344336,7.182886535732912,25.968451285118213,45.895299463882004,6.9,2.1313526919478103,25.531999340091765,2.4070633278315947,27.980527043638343,37.52944691775739,220.7318359235048,6.898381086172355,0.912471889565701,2.0048850442210697,0.6336341036644956,0.8995600242803907,0.05289046404160633,0.7408632315142083,0.7329965200355598,89.60000000000001,122.23796096010558,0.3556318119506967,synthetic,SPEC_V1,2026-10-07
OOD00038,3,59,ood,0.5744153394962352,0.08109731543032137,0.34448734507344336,7.182886535732912,25.968451285118213,45.895299463882004,6.9,2.1313526919478103,25.531999340091765,2.4070633278315947,27.980527043638343,37.52944691775739,220.7318359235048,6.898381086172355,0.912471889565701,2.0048850442210697,0.6336341036644956,0.8995600242803907,0.05289046404160633,0.7408632315142083,0.7183910549171433,91.4,127.22875566781906,0.3556318119506967,synthetic,SPEC_V1,2026-10-07
OOD00038,4,59,ood,0.5744153394962352,0.08109731543032137,0.34448734507344336,7.182886535732912,25.968451285118213,45.895299463882004,6.9,2.1313526919478103,25.531999340091765,2.4070633278315947,27.980527043638343,37.52944691775739,220.7318359235048,6.898381086172355,0.912471889565701,2.0048850442210697,0.6336341036644956,0.8995600242803907,0.05289046404160633,0.7408632315142083,0.7204943942193593,99.30000000000001,137.82202997927484,0.3556318119506967,synthetic,SPEC_V1,2026-10-07
OOD00038,5,59,ood,0.5744153394962352,0.08109731543032137,0.34448734507344336,7.182886535732912,25.968451285118213,45.895299463882004,6.9,2.1313526919478103,25.531999340091765,2.4070633278315947,27.980527043638343,37.52944691775739,220.7318359235048,6.898381086172355,0.912471889565701,2.0048850442210697,0.6336341036644956,0.8995600242803907,0.05289046404160633,0.7408632315142083,0.7203956190263017,94.10000000000001,130.62267109173578,0.3556318119506967,synthetic,SPEC_V1,2026-10-07
OOD00038,6,59,ood,0.5744153394962352,0.08109731543032137,0.34448734507344336,7.182886535732912,25.968451285118213,45.895299463882004,6.9,2.1313526919478103,25.531999340091765,2.4070633278315947,27.980527043638343,37.52944691775739,220.7318359235048,6.898381086172355,0.912471889565701,2.0048850442210697,0.6336341036644956,0.8995600242803907,0.05289046404160633,0.7408632315142083,0.7278800754818332,86.30000000000001,118.56348718279202,0.3556318119506967,synthetic,SPEC_V1,2026-10-07
OOD00038,7,59,ood,0.5744153394962352,0.08109731543032137,0.34448734507344336,7.182886535732912,25.968451285118213,45.895299463882004,6.9,2.1313526919478103,25.531999340091765,2.4070633278315947,27.980527043638343,37.52944691775739,220.7318359235048,6.898381086172355,0.912471889565701,2.0048850442210697,0.6336341036644956,0.8995600242803907,0.05289046404160633,0.7408632315142083,0.7229918694383988,96.30000000000001,133.19651862033157,0.3556318119506967,synthetic,SPEC_V1,2026-10-07
OOD00039,0,59,ood,0.4246028437143194,0.1960675004953753,0.3793296557903053,6.962434422838227,26.073072545244017,46.30346480134368,6.4,2.265079663812905,31.395259274435595,2.3953077240203444,30.208270009022613,41.200809802250625,221.62111663457415,6.366924997971324,1.0088095426662733,4.866702220299919,0.5859144474100304,0.6031687419486428,0.019908202954432616,0.4496749022899177,0.741963348724619,7.9,10.647426201819167,0.7443867810836275,synthetic,SPEC_V1,2026-10-07
OOD00039,1,59,ood,0.4246028437143194,0.1960675004953753,0.3793296557903053,6.962434422838227,26.073072545244017,46.30346480134368,6.4,2.265079663812905,31.395259274435595,2.3953077240203444,30.208270009022613,41.200809802250625,221.62111663457415,6.366924997971324,1.0088095426662733,4.866702220299919,0.5859144474100304,0.6031687419486428,0.019908202954432616,0.4496749022899177,0.7461999995903575,7.9,10.586974007420094,0.7443867810836275,synthetic,SPEC_V1,2026-10-07
OOD00039,2,59,ood,0.4246028437143194,0.1960675004953753,0.3793296557903053,6.962434422838227,26.073072545244017,46.30346480134368,6.4,2.265079663812905,31.395259274435595,2.3953077240203444,30.208270009022613,41.200809802250625,221.62111663457415,6.366924997971324,1.0088095426662733,4.866702220299919,0.5859144474100304,0.6031687419486428,0.019908202954432616,0.4496749022899177,0.748120207782447,7.7,10.292463590609433,0.7443867810836275,synthetic,SPEC_V1,2026-10-07
OOD00039,3,59,ood,0.4246028437143194,0.1960675004953753,0.3793296557903053,6.962434422838227,26.073072545244017,46.30346480134368,6.4,2.265079663812905,31.395259274435595,2.3953077240203444,30.208270009022613,41.200809802250625,221.62111663457415,6.366924997971324,1.0088095426662733,4.866702220299919,0.5859144474100304,0.6031687419486428,0.019908202954432616,0.4496749022899177,0.7362930290059866,7.5,10.18616190095563,0.7443867810836275,synthetic,SPEC_V1,2026-10-07
OOD00039,4,59,ood,0.4246028437143194,0.1960675004953753,0.3793296557903053,6.962434422838227,26.073072545244017,46.30346480134368,6.4,2.265079663812905,31.395259274435595,2.3953077240203444,30.208270009022613,41.200809802250625,221.62111663457415,6.366924997971324,1.0088095426662733,4.866702220299919,0.5859144474100304,0.6031687419486428,0.019908202954432616,0.4496749022899177,0.7291216598157687,7.800000000000001,10.697803164935287,0.7443867810836275,synthetic,SPEC_V1,2026-10-07
OOD00039,5,59,ood,0.4246028437143194,0.1960675004953753,0.3793296557903053,6.962434422838227,26.073072545244017,46.30346480134368,6.4,2.265079663812905,31.395259274435595,2.3953077240203444,30.208270009022613,41.200809802250625,221.62111663457415,6.366924997971324,1.0088095426662733,4.866702220299919,0.5859144474100304,0.6031687419486428,0.019908202954432616,0.4496749022899177,0.7435332995210742,7.7,10.355958509134341,0.7443867810836275,synthetic,SPEC_V1,2026-10-07
OOD00039,6,59,ood,0.4246028437143194,0.1960675004953753,0.3793296557903053,6.962434422838227,26.073072545244017,46.30346480134368,6.4,2.265079663812905,31.395259274435595,2.3953077240203444,30.208270009022613,41.200809802250625,221.62111663457415,6.366924997971324,1.0088095426662733,4.866702220299919,0.5859144474100304,0.6031687419486428,0.019908202954432616,0.4496749022899177,0.7474766492591751,7.2,9.632407924897624,0.7443867810836275,synthetic,SPEC_V1,2026-10-07
OOD00039,7,59,ood,0.4246028437143194,0.1960675004953753,0.3793296557903053,6.962434422838227,26.073072545244017,46.30346480134368,6.4,2.265079663812905,31.395259274435595,2.3953077240203444,30.208270009022613,41.200809802250625,221.62111663457415,6.366924997971324,1.0088095426662733,4.866702220299919,0.5859144474100304,0.6031687419486428,0.019908202954432616,0.4496749022899177,0.75,7.7,10.266666666666667,0.7443867810836275,synthetic,SPEC_V1,2026-10-07
OOD00040,0,59,ood,0.5493724711755189,0.142501323592915,0.30812620523156603,6.828902175018448,27.412815967196888,49.58473105009776,6.1000000000000005,2.9711452024395033,29.287745443366525,1.7569075012807294,32.1792521891738,6.96117677990481,233.00893572117357,6.056365038835285,0.8615539097857332,3.7188571559152925,0.6598617992558222,0.7224578225198065,0.018953799434279665,0.4259932097425948,0.7068372569895874,1.2000000000000002,1.6977033795739458,0.9656714202289542,synthetic,SPEC_V1,2026-10-07
OOD00040,1,59,ood,0.5493724711755189,0.142501323592915,0.30812620523156603,6.828902175018448,27.412815967196888,49.58473105009776,6.1000000000000005,2.9711452024395033,29.287745443366525,1.7569075012807294,32.1792521891738,6.96117677990481,233.00893572117357,6.056365038835285,0.8615539097857332,3.7188571559152925,0.6598617992558222,0.7224578225198065,0.018953799434279665,0.4259932097425948,0.7055422800417459,1.2000000000000002,1.7008194036635167,0.9656714202289542,synthetic,SPEC_V1,2026-10-07
OOD00040,2,59,ood,0.5493724711755189,0.142501323592915,0.30812620523156603,6.828902175018448,27.412815967196888,49.58473105009776,6.1000000000000005,2.9711452024395033,29.287745443366525,1.7569075012807294,32.1792521891738,6.96117677990481,233.00893572117357,6.056365038835285,0.8615539097857332,3.7188571559152925,0.6598617992558222,0.7224578225198065,0.018953799434279665,0.4259932097425948,0.7169327164990976,1.3,1.8132803400967912,0.9656714202289542,synthetic,SPEC_V1,2026-10-07
OOD00040,3,59,ood,0.5493724711755189,0.142501323592915,0.30812620523156603,6.828902175018448,27.412815967196888,49.58473105009776,6.1000000000000005,2.9711452024395033,29.287745443366525,1.7569075012807294,32.1792521891738,6.96117677990481,233.00893572117357,6.056365038835285,0.8615539097857332,3.7188571559152925,0.6598617992558222,0.7224578225198065,0.018953799434279665,0.4259932097425948,0.6859948974704632,1.2000000000000002,1.7492841483586523,0.9656714202289542,synthetic,SPEC_V1,2026-10-07
OOD00040,4,59,ood,0.5493724711755189,0.142501323592915,0.30812620523156603,6.828902175018448,27.412815967196888,49.58473105009776,6.1000000000000005,2.9711452024395033,29.287745443366525,1.7569075012807294,32.1792521891738,6.96117677990481,233.00893572117357,6.056365038835285,0.8615539097857332,3.7188571559152925,0.6598617992558222,0.7224578225198065,0.018953799434279665,0.4259932097425948,0.7048937639408874,1.2000000000000002,1.7023841909043083,0.9656714202289542,synthetic,SPEC_V1,2026-10-07
OOD00040,5,59,ood,0.5493724711755189,0.142501323592915,0.30812620523156603,6.828902175018448,27.412815967196888,49.58473105009776,6.1000000000000005,2.9711452024395033,29.287745443366525,1.7569075012807294,32.1792521891738,6.96117677990481,233.00893572117357,6.056365038835285,0.8615539097857332,3.7188571559152925,0.6598617992558222,0.7224578225198065,0.018953799434279665,0.4259932097425948,0.6742668313305425,1.2000000000000002,1.7797108566530244,0.9656714202289542,synthetic,SPEC_V1,2026-10-07
OOD00040,6,59,ood,0.5493724711755189,0.142501323592915,0.30812620523156603,6.828902175018448,27.412815967196888,49.58473105009776,6.1000000000000005,2.9711452024395033,29.287745443366525,1.7569075012807294,32.1792521891738,6.96117677990481,233.00893572117357,6.056365038835285,0.8615539097857332,3.7188571559152925,0.6598617992558222,0.7224578225198065,0.018953799434279665,0.4259932097425948,0.6925488386292057,1.2000000000000002,1.7327297846245997,0.9656714202289542,synthetic,SPEC_V1,2026-10-07
OOD00040,7,59,ood,0.5493724711755189,0.142501323592915,0.30812620523156603,6.828902175018448,27.412815967196888,49.58473105009776,6.1000000000000005,2.9711452024395033,29.287745443366525,1.7569075012807294,32.1792521891738,6.96117677990481,233.00893572117357,6.056365038835285,0.8615539097857332,3.7188571559152925,0.6598617992558222,0.7224578225198065,0.018953799434279665,0.4259932097425948,0.7093231075682861,1.1,1.5507742356949845,0.9656714202289542,synthetic,SPEC_V1,2026-10-07
OOD00041,0,59,ood,0.5442069858769514,0.14431602650865222,0.31147698761439646,6.746345108254973,25.39791737671596,44.99824384789611,6.1000000000000005,2.668154980749913,23.19729265194823,2.681069300916745,29.933237847772844,64.05016111663197,215.88229770208568,6.124963306180181,0.80690841321024,3.4893908445673696,0.6886323860074833,0.7472623969517507,0.01560256745652533,0.3036739901866291,0.715196308154224,2.9000000000000004,4.054830774342656,0.7767272525934898,synthetic,SPEC_V1,2026-10-07
OOD00041,1,59,ood,0.5442069858769514,0.14431602650865222,0.31147698761439646,6.746345108254973,25.39791737671596,44.99824384789611,6.1000000000000005,2.668154980749913,23.19729265194823,2.681069300916745,29.933237847772844,64.05016111663197,215.88229770208568,6.124963306180181,0.80690841321024,3.4893908445673696,0.6886323860074833,0.7472623969517507,0.01560256745652533,0.3036739901866291,0.7043732113080196,2.8000000000000003,3.975165374049939,0.7767272525934898,synthetic,SPEC_V1,2026-10-07
OOD00041,2,59,ood,0.5442069858769514,0.14431602650865222,0.31147698761439646,6.746345108254973,25.39791737671596,44.99824384789611,6.1000000000000005,2.668154980749913,23.19729265194823,2.681069300916745,29.933237847772844,64.05016111663197,215.88229770208568,6.124963306180181,0.80690841321024,3.4893908445673696,0.6886323860074833,0.7472623969517507,0.01560256745652533,0.3036739901866291,0.7025849509471023,2.8000000000000003,3.985283197747873,0.7767272525934898,synthetic,SPEC_V1,2026-10-07
OOD00041,3,59,ood,0.5442069858769514,0.14431602650865222,0.31147698761439646,6.746345108254973,25.39791737671596,44.99824384789611,6.1000000000000005,2.668154980749913,23.19729265194823,2.681069300916745,29.933237847772844,64.05016111663197,215.88229770208568,6.124963306180181,0.80690841321024,3.4893908445673696,0.6886323860074833,0.7472623969517507,0.01560256745652533,0.3036739901866291,0.7143722916917253,2.5,3.499575822124454,0.7767272525934898,synthetic,SPEC_V1,2026-10-07
OOD00041,4,59,ood,0.5442069858769514,0.14431602650865222,0.31147698761439646,6.746345108254973,25.39791737671596,44.99824384789611,6.1000000000000005,2.668154980749913,23.19729265194823,2.681069300916745,29.933237847772844,64.05016111663197,215.88229770208568,6.124963306180181,0.80690841321024,3.4893908445673696,0.6886323860074833,0.7472623969517507,0.01560256745652533,0.3036739901866291,0.6961228699605636,2.4000000000000004,3.447667220207783,0.7767272525934898,synthetic,SPEC_V1,2026-10-07
OOD00041,5,59,ood,0.5442069858769514,0.14431602650865222,0.31147698761439646,6.746345108254973,25.39791737671596,44.99824384789611,6.1000000000000005,2.668154980749913,23.19729265194823,2.681069300916745,29.933237847772844,64.05016111663197,215.88229770208568,6.124963306180181,0.80690841321024,3.4893908445673696,0.6886323860074833,0.7472623969517507,0.01560256745652533,0.3036739901866291,0.6887346208027653,2.9000000000000004,4.2106203353330205,0.7767272525934898,synthetic,SPEC_V1,2026-10-07
OOD00041,6,59,ood,0.5442069858769514,0.14431602650865222,0.31147698761439646,6.746345108254973,25.39791737671596,44.99824384789611,6.1000000000000005,2.668154980749913,23.19729265194823,2.681069300916745,29.933237847772844,64.05016111663197,215.88229770208568,6.124963306180181,0.80690841321024,3.4893908445673696,0.6886323860074833,0.7472623969517507,0.01560256745652533,0.3036739901866291,0.7054422800248845,2.6,3.6856310907651935,0.7767272525934898,synthetic,SPEC_V1,2026-10-07
OOD00041,7,59,ood,0.5442069858769514,0.14431602650865222,0.31147698761439646,6.746345108254973,25.39791737671596,44.99824384789611,6.1000000000000005,2.668154980749913,23.19729265194823,2.681069300916745,29.933237847772844,64.05016111663197,215.88229770208568,6.124963306180181,0.80690841321024,3.4893908445673696,0.6886323860074833,0.7472623969517507,0.01560256745652533,0.3036739901866291,0.7121266965340691,2.6,3.6510357112775544,0.7767272525934898,synthetic,SPEC_V1,2026-10-07
OOD00042,0,59,ood,0.5015475486416129,0.16474224510801552,0.33371020625037157,7.145146183221087,27.997173922392165,35.978715522267564,6.300000000000001,3.2969754605810753,27.225867700165047,1.4751269606772854,30.47921819390481,4.375842164733758,237.9759783403334,6.345146183221087,0.9529801537750394,4.390926058799055,0.6132431980503085,0.651227372298808,0.04730268487945843,0.7241385798845044,0.708891493327586,4.9,6.912200310091265,1.0,synthetic,SPEC_V1,2026-10-07
OOD00042,1,59,ood,0.5015475486416129,0.16474224510801552,0.33371020625037157,7.145146183221087,27.997173922392165,35.978715522267564,6.300000000000001,3.2969754605810753,27.225867700165047,1.4751269606772854,30.47921819390481,4.375842164733758,237.9759783403334,6.345146183221087,0.9529801537750394,4.390926058799055,0.6132431980503085,0.651227372298808,0.04730268487945843,0.7241385798845044,0.7201427039209606,4.3,5.971038762994879,1.0,synthetic,SPEC_V1,2026-10-07
OOD00042,2,59,ood,0.5015475486416129,0.16474224510801552,0.33371020625037157,7.145146183221087,27.997173922392165,35.978715522267564,6.300000000000001,3.2969754605810753,27.225867700165047,1.4751269606772854,30.47921819390481,4.375842164733758,237.9759783403334,6.345146183221087,0.9529801537750394,4.390926058799055,0.6132431980503085,0.651227372298808,0.04730268487945843,0.7241385798845044,0.7258190118644621,4.800000000000001,6.6132188900231546,1.0,synthetic,SPEC_V1,2026-10-07
OOD00042,3,59,ood,0.5015475486416129,0.16474224510801552,0.33371020625037157,7.145146183221087,27.997173922392165,35.978715522267564,6.300000000000001,3.2969754605810753,27.225867700165047,1.4751269606772854,30.47921819390481,4.375842164733758,237.9759783403334,6.345146183221087,0.9529801537750394,4.390926058799055,0.6132431980503085,0.651227372298808,0.04730268487945843,0.7241385798845044,0.7170342396478139,5.0,6.97316770040975,1.0,synthetic,SPEC_V1,2026-10-07
OOD00042,4,59,ood,0.5015475486416129,0.16474224510801552,0.33371020625037157,7.145146183221087,27.997173922392165,35.978715522267564,6.300000000000001,3.2969754605810753,27.225867700165047,1.4751269606772854,30.47921819390481,4.375842164733758,237.9759783403334,6.345146183221087,0.9529801537750394,4.390926058799055,0.6132431980503085,0.651227372298808,0.04730268487945843,0.7241385798845044,0.7464585452394733,4.800000000000001,6.430363789941075,1.0,synthetic,SPEC_V1,2026-10-07
OOD00042,5,59,ood,0.5015475486416129,0.16474224510801552,0.33371020625037157,7.145146183221087,27.997173922392165,35.978715522267564,6.300000000000001,3.2969754605810753,27.225867700165047,1.4751269606772854,30.47921819390481,4.375842164733758,237.9759783403334,6.345146183221087,0.9529801537750394,4.390926058799055,0.6132431980503085,0.651227372298808,0.04730268487945843,0.7241385798845044,0.7270781871381086,4.6000000000000005,6.326692343922883,1.0,synthetic,SPEC_V1,2026-10-07
OOD00042,6,59,ood,0.5015475486416129,0.16474224510801552,0.33371020625037157,7.145146183221087,27.997173922392165,35.978715522267564,6.300000000000001,3.2969754605810753,27.225867700165047,1.4751269606772854,30.47921819390481,4.375842164733758,237.9759783403334,6.345146183221087,0.9529801537750394,4.390926058799055,0.6132431980503085,0.651227372298808,0.04730268487945843,0.7241385798845044,0.7155111072879902,4.6000000000000005,6.428970777875738,1.0,synthetic,SPEC_V1,2026-10-07
OOD00042,7,59,ood,0.5015475486416129,0.16474224510801552,0.33371020625037157,7.145146183221087,27.997173922392165,35.978715522267564,6.300000000000001,3.2969754605810753,27.225867700165047,1.4751269606772854,30.47921819390481,4.375842164733758,237.9759783403334,6.345146183221087,0.9529801537750394,4.390926058799055,0.6132431980503085,0.651227372298808,0.04730268487945843,0.7241385798845044,0.721643294212475,4.6000000000000005,6.3743403935041805,1.0,synthetic,SPEC_V1,2026-10-07
OOD00043,0,59,ood,0.4857283664466527,0.17610836477132402,0.3381632687820233,6.504108140895094,26.306789447483496,52.356627473490036,5.7,3.5212212593312127,22.20208346501648,1.3616012898871577,29.73856259429368,30.696870766566803,223.6077103036097,5.704108140895094,0.9073909708935884,4.410469079724808,0.6362227106869687,0.6492073470960835,0.005066521918549387,0.10639134212306944,0.7321752550694528,0.0,0.0,1.0,synthetic,SPEC_V1,2026-10-07
OOD00043,1,59,ood,0.4857283664466527,0.17610836477132402,0.3381632687820233,6.504108140895094,26.306789447483496,52.356627473490036,5.7,3.5212212593312127,22.20208346501648,1.3616012898871577,29.73856259429368,30.696870766566803,223.6077103036097,5.704108140895094,0.9073909708935884,4.410469079724808,0.6362227106869687,0.6492073470960835,0.005066521918549387,0.10639134212306944,0.7363168237782196,0.1,0.13581110300709393,1.0,synthetic,SPEC_V1,2026-10-07
OOD00043,2,59,ood,0.4857283664466527,0.17610836477132402,0.3381632687820233,6.504108140895094,26.306789447483496,52.356627473490036,5.7,3.5212212593312127,22.20208346501648,1.3616012898871577,29.73856259429368,30.696870766566803,223.6077103036097,5.704108140895094,0.9073909708935884,4.410469079724808,0.6362227106869687,0.6492073470960835,0.005066521918549387,0.10639134212306944,0.7301206832911052,0.0,0.0,1.0,synthetic,SPEC_V1,2026-10-07
OOD00043,3,59,ood,0.4857283664466527,0.17610836477132402,0.3381632687820233,6.504108140895094,26.306789447483496,52.356627473490036,5.7,3.5212212593312127,22.20208346501648,1.3616012898871577,29.73856259429368,30.696870766566803,223.6077103036097,5.704108140895094,0.9073909708935884,4.410469079724808,0.6362227106869687,0.6492073470960835,0.005066521918549387,0.10639134212306944,0.7307222330267849,0.1,0.13685090651447918,1.0,synthetic,SPEC_V1,2026-10-07
OOD00043,4,59,ood,0.4857283664466527,0.17610836477132402,0.3381632687820233,6.504108140895094,26.306789447483496,52.356627473490036,5.7,3.5212212593312127,22.20208346501648,1.3616012898871577,29.73856259429368,30.696870766566803,223.6077103036097,5.704108140895094,0.9073909708935884,4.410469079724808,0.6362227106869687,0.6492073470960835,0.005066521918549387,0.10639134212306944,0.7338440762074633,0.0,0.0,1.0,synthetic,SPEC_V1,2026-10-07
OOD00043,5,59,ood,0.4857283664466527,0.17610836477132402,0.3381632687820233,6.504108140895094,26.306789447483496,52.356627473490036,5.7,3.5212212593312127,22.20208346501648,1.3616012898871577,29.73856259429368,30.696870766566803,223.6077103036097,5.704108140895094,0.9073909708935884,4.410469079724808,0.6362227106869687,0.6492073470960835,0.005066521918549387,0.10639134212306944,0.7205748826545189,0.0,0.0,1.0,synthetic,SPEC_V1,2026-10-07
OOD00043,6,59,ood,0.4857283664466527,0.17610836477132402,0.3381632687820233,6.504108140895094,26.306789447483496,52.356627473490036,5.7,3.5212212593312127,22.20208346501648,1.3616012898871577,29.73856259429368,30.696870766566803,223.6077103036097,5.704108140895094,0.9073909708935884,4.410469079724808,0.6362227106869687,0.6492073470960835,0.005066521918549387,0.10639134212306944,0.7185022078137819,0.1,0.13917841714679538,1.0,synthetic,SPEC_V1,2026-10-07
OOD00043,7,59,ood,0.4857283664466527,0.17610836477132402,0.3381632687820233,6.504108140895094,26.306789447483496,52.356627473490036,5.7,3.5212212593312127,22.20208346501648,1.3616012898871577,29.73856259429368,30.696870766566803,223.6077103036097,5.704108140895094,0.9073909708935884,4.410469079724808,0.6362227106869687,0.6492073470960835,0.005066521918549387,0.10639134212306944,0.7272092935856205,0.1,0.1375119939775992,1.0,synthetic,SPEC_V1,2026-10-07
OOD00044,0,59,ood,0.4664709025213312,0.16137118871407446,0.3721579087645943,6.795725018255432,24.990791006734337,43.37856871453606,6.0,3.586961615919007,30.849100696438864,1.7021572525304898,29.11887341757469,77.29357597246394,212.42172355724185,5.995725018255432,0.9486530929828066,3.839219556381958,0.6153996871999352,0.7095049068946669,0.010389162861890618,0.26778045553511365,0.7332538093401206,0.5,0.6818921274339734,1.0,synthetic,SPEC_V1,2026-10-07
OOD00044,1,59,ood,0.4664709025213312,0.16137118871407446,0.3721579087645943,6.795725018255432,24.990791006734337,43.37856871453606,6.0,3.586961615919007,30.849100696438864,1.7021572525304898,29.11887341757469,77.29357597246394,212.42172355724185,5.995725018255432,0.9486530929828066,3.839219556381958,0.6153996871999352,0.7095049068946669,0.010389162861890618,0.26778045553511365,0.7320707469038678,0.4,0.5463952789968894,1.0,synthetic,SPEC_V1,2026-10-07
OOD00044,2,59,ood,0.4664709025213312,0.16137118871407446,0.3721579087645943,6.795725018255432,24.990791006734337,43.37856871453606,6.0,3.586961615919007,30.849100696438864,1.7021572525304898,29.11887341757469,77.29357597246394,212.42172355724185,5.995725018255432,0.9486530929828066,3.839219556381958,0.6153996871999352,0.7095049068946669,0.010389162861890618,0.26778045553511365,0.75,0.4,0.5333333333333333,1.0,synthetic,SPEC_V1,2026-10-07
OOD00044,3,59,ood,0.4664709025213312,0.16137118871407446,0.3721579087645943,6.795725018255432,24.990791006734337,43.37856871453606,6.0,3.586961615919007,30.849100696438864,1.7021572525304898,29.11887341757469,77.29357597246394,212.42172355724185,5.995725018255432,0.9486530929828066,3.839219556381958,0.6153996871999352,0.7095049068946669,0.010389162861890618,0.26778045553511365,0.7419081916017066,0.4,0.5391502675505435,1.0,synthetic,SPEC_V1,2026-10-07
OOD00044,4,59,ood,0.4664709025213312,0.16137118871407446,0.3721579087645943,6.795725018255432,24.990791006734337,43.37856871453606,6.0,3.586961615919007,30.849100696438864,1.7021572525304898,29.11887341757469,77.29357597246394,212.42172355724185,5.995725018255432,0.9486530929828066,3.839219556381958,0.6153996871999352,0.7095049068946669,0.010389162861890618,0.26778045553511365,0.7427523700987823,0.4,0.5385374939251989,1.0,synthetic,SPEC_V1,2026-10-07
OOD00044,5,59,ood,0.4664709025213312,0.16137118871407446,0.3721579087645943,6.795725018255432,24.990791006734337,43.37856871453606,6.0,3.586961615919007,30.849100696438864,1.7021572525304898,29.11887341757469,77.29357597246394,212.42172355724185,5.995725018255432,0.9486530929828066,3.839219556381958,0.6153996871999352,0.7095049068946669,0.010389162861890618,0.26778045553511365,0.7344326379826733,0.5,0.680797630907841,1.0,synthetic,SPEC_V1,2026-10-07
OOD00044,6,59,ood,0.4664709025213312,0.16137118871407446,0.3721579087645943,6.795725018255432,24.990791006734337,43.37856871453606,6.0,3.586961615919007,30.849100696438864,1.7021572525304898,29.11887341757469,77.29357597246394,212.42172355724185,5.995725018255432,0.9486530929828066,3.839219556381958,0.6153996871999352,0.7095049068946669,0.010389162861890618,0.26778045553511365,0.7459347342231395,0.5,0.6702999298199052,1.0,synthetic,SPEC_V1,2026-10-07
OOD00044,7,59,ood,0.4664709025213312,0.16137118871407446,0.3721579087645943,6.795725018255432,24.990791006734337,43.37856871453606,6.0,3.586961615919007,30.849100696438864,1.7021572525304898,29.11887341757469,77.29357597246394,212.42172355724185,5.995725018255432,0.9486530929828066,3.839219556381958,0.6153996871999352,0.7095049068946669,0.010389162861890618,0.26778045553511365,0.7454142617338326,0.4,0.5366143640310832,1.0,synthetic,SPEC_V1,2026-10-07
OOD00045,0,59,ood,0.5655101891904892,0.1250653568143838,0.309424453995127,6.837117145542083,22.6088227250158,49.37017897928783,6.300000000000001,2.5111297013488807,24.682714770247735,1.7898530394946792,34.2154414597832,72.792300851854,192.17499316263428,6.3361591228389225,0.7135637079703846,2.6918566181569017,0.7387747921075029,0.8324451595792184,0.056625183709167075,0.7528261288721714,0.693047101762513,67.0,96.67452591549677,0.6261975283789512,synthetic,SPEC_V1,2026-10-07
OOD00045,1,59,ood,0.5655101891904892,0.1250653568143838,0.309424453995127,6.837117145542083,22.6088227250158,49.37017897928783,6.300000000000001,2.5111297013488807,24.682714770247735,1.7898530394946792,34.2154414597832,72.792300851854,192.17499316263428,6.3361591228389225,0.7135637079703846,2.6918566181569017,0.7387747921075029,0.8324451595792184,0.056625183709167075,0.7528261288721714,0.6913806424818597,65.2,94.30405769815967,0.6261975283789512,synthetic,SPEC_V1,2026-10-07
OOD00045,2,59,ood,0.5655101891904892,0.1250653568143838,0.309424453995127,6.837117145542083,22.6088227250158,49.37017897928783,6.300000000000001,2.5111297013488807,24.682714770247735,1.7898530394946792,34.2154414597832,72.792300851854,192.17499316263428,6.3361591228389225,0.7135637079703846,2.6918566181569017,0.7387747921075029,0.8324451595792184,0.056625183709167075,0.7528261288721714,0.6928502448595029,57.6,83.13484829853847,0.6261975283789512,synthetic,SPEC_V1,2026-10-07
OOD00045,3,59,ood,0.5655101891904892,0.1250653568143838,0.309424453995127,6.837117145542083,22.6088227250158,49.37017897928783,6.300000000000001,2.5111297013488807,24.682714770247735,1.7898530394946792,34.2154414597832,72.792300851854,192.17499316263428,6.3361591228389225,0.7135637079703846,2.6918566181569017,0.7387747921075029,0.8324451595792184,0.056625183709167075,0.7528261288721714,0.7068565206014673,66.4,93.93702691389188,0.6261975283789512,synthetic,SPEC_V1,2026-10-07
OOD00045,4,59,ood,0.5655101891904892,0.1250653568143838,0.309424453995127,6.837117145542083,22.6088227250158,49.37017897928783,6.300000000000001,2.5111297013488807,24.682714770247735,1.7898530394946792,34.2154414597832,72.792300851854,192.17499316263428,6.3361591228389225,0.7135637079703846,2.6918566181569017,0.7387747921075029,0.8324451595792184,0.056625183709167075,0.7528261288721714,0.7007684432037662,63.400000000000006,90.47211045941013,0.6261975283789512,synthetic,SPEC_V1,2026-10-07
OOD00045,5,59,ood,0.5655101891904892,0.1250653568143838,0.309424453995127,6.837117145542083,22.6088227250158,49.37017897928783,6.300000000000001,2.5111297013488807,24.682714770247735,1.7898530394946792,34.2154414597832,72.792300851854,192.17499316263428,6.3361591228389225,0.7135637079703846,2.6918566181569017,0.7387747921075029,0.8324451595792184,0.056625183709167075,0.7528261288721714,0.7027133500109461,64.4,91.6447652502928,0.6261975283789512,synthetic,SPEC_V1,2026-10-07
OOD00045,6,59,ood,0.5655101891904892,0.1250653568143838,0.309424453995127,6.837117145542083,22.6088227250158,49.37017897928783,6.300000000000001,2.5111297013488807,24.682714770247735,1.7898530394946792,34.2154414597832,72.792300851854,192.17499316263428,6.3361591228389225,0.7135637079703846,2.6918566181569017,0.7387747921075029,0.8324451595792184,0.056625183709167075,0.7528261288721714,0.7126289086235704,66.4,93.17612462319327,0.6261975283789512,synthetic,SPEC_V1,2026-10-07
OOD00045,7,59,ood,0.5655101891904892,0.1250653568143838,0.309424453995127,6.837117145542083,22.6088227250158,49.37017897928783,6.300000000000001,2.5111297013488807,24.682714770247735,1.7898530394946792,34.2154414597832,72.792300851854,192.17499316263428,6.3361591228389225,0.7135637079703846,2.6918566181569017,0.7387747921075029,0.8324451595792184,0.056625183709167075,0.7528261288721714,0.6845114663847011,63.6,92.91297972831369,0.6261975283789512,synthetic,SPEC_V1,2026-10-07
OOD00046,0,59,ood,0.5509818499205721,0.10531358090209222,0.34370456917733566,7.051885283082532,24.880268040452858,47.3608787329064,6.4,2.7806324205526707,23.976924670981717,2.5311893543989674,29.351997356959696,28.933690080980966,211.4822783438493,6.389835803260077,0.8722491044017692,2.4944590753290607,0.6543020244128013,0.8526294816888066,0.031659382173225156,0.5319099661272766,0.7291611540429556,11.8,16.1829794889277,0.8275618497780686,synthetic,SPEC_V1,2026-10-07
OOD00046,1,59,ood,0.5509818499205721,0.10531358090209222,0.34370456917733566,7.051885283082532,24.880268040452858,47.3608787329064,6.4,2.7806324205526707,23.976924670981717,2.5311893543989674,29.351997356959696,28.933690080980966,211.4822783438493,6.389835803260077,0.8722491044017692,2.4944590753290607,0.6543020244128013,0.8526294816888066,0.031659382173225156,0.5319099661272766,0.7333432385809073,11.700000000000001,15.954329956925319,0.8275618497780686,synthetic,SPEC_V1,2026-10-07
OOD00046,2,59,ood,0.5509818499205721,0.10531358090209222,0.34370456917733566,7.051885283082532,24.880268040452858,47.3608787329064,6.4,2.7806324205526707,23.976924670981717,2.5311893543989674,29.351997356959696,28.933690080980966,211.4822783438493,6.389835803260077,0.8722491044017692,2.4944590753290607,0.6543020244128013,0.8526294816888066,0.031659382173225156,0.5319099661272766,0.7261709975738109,12.3,16.938159250500473,0.8275618497780686,synthetic,SPEC_V1,2026-10-07
OOD00046,3,59,ood,0.5509818499205721,0.10531358090209222,0.34370456917733566,7.051885283082532,24.880268040452858,47.3608787329064,6.4,2.7806324205526707,23.976924670981717,2.5311893543989674,29.351997356959696,28.933690080980966,211.4822783438493,6.389835803260077,0.8722491044017692,2.4944590753290607,0.6543020244128013,0.8526294816888066,0.031659382173225156,0.5319099661272766,0.7087232235915372,12.700000000000001,17.919548248526805,0.8275618497780686,synthetic,SPEC_V1,2026-10-07
OOD00046,4,59,ood,0.5509818499205721,0.10531358090209222,0.34370456917733566,7.051885283082532,24.880268040452858,47.3608787329064,6.4,2.7806324205526707,23.976924670981717,2.5311893543989674,29.351997356959696,28.933690080980966,211.4822783438493,6.389835803260077,0.8722491044017692,2.4944590753290607,0.6543020244128013,0.8526294816888066,0.031659382173225156,0.5319099661272766,0.7190993470671494,12.700000000000001,17.660981131184474,0.8275618497780686,synthetic,SPEC_V1,2026-10-07
OOD00046,5,59,ood,0.5509818499205721,0.10531358090209222,0.34370456917733566,7.051885283082532,24.880268040452858,47.3608787329064,6.4,2.7806324205526707,23.976924670981717,2.5311893543989674,29.351997356959696,28.933690080980966,211.4822783438493,6.389835803260077,0.8722491044017692,2.4944590753290607,0.6543020244128013,0.8526294816888066,0.031659382173225156,0.5319099661272766,0.7292530907735986,11.200000000000001,15.358179679593727,0.8275618497780686,synthetic,SPEC_V1,2026-10-07
OOD00046,6,59,ood,0.5509818499205721,0.10531358090209222,0.34370456917733566,7.051885283082532,24.880268040452858,47.3608787329064,6.4,2.7806324205526707,23.976924670981717,2.5311893543989674,29.351997356959696,28.933690080980966,211.4822783438493,6.389835803260077,0.8722491044017692,2.4944590753290607,0.6543020244128013,0.8526294816888066,0.031659382173225156,0.5319099661272766,0.7167017851138878,13.100000000000001,18.278174091499352,0.8275618497780686,synthetic,SPEC_V1,2026-10-07
OOD00046,7,59,ood,0.5509818499205721,0.10531358090209222,0.34370456917733566,7.051885283082532,24.880268040452858,47.3608787329064,6.4,2.7806324205526707,23.976924670981717,2.5311893543989674,29.351997356959696,28.933690080980966,211.4822783438493,6.389835803260077,0.8722491044017692,2.4944590753290607,0.6543020244128013,0.8526294816888066,0.031659382173225156,0.5319099661272766,0.7177851492246632,10.8,15.046285105878743,0.8275618497780686,synthetic,SPEC_V1,2026-10-07
OOD00047,0,59,ood,0.5095062832620534,0.16639232743769589,0.32410138930025073,7.211945326074579,26.97535692391258,54.01937707291505,7.0,1.8538050273231177,21.023824019256637,2.8718163341603056,34.57235789755981,65.85089585989101,229.29053385325693,6.980241008730451,0.891760566902841,4.273044785774824,0.6442270143295579,0.6634854781401665,0.08061369096456572,0.81636552615509,0.7164957232191512,62.300000000000004,86.95097260328599,0.28963039668015966,synthetic,SPEC_V1,2026-10-07
OOD00047,1,59,ood,0.5095062832620534,0.16639232743769589,0.32410138930025073,7.211945326074579,26.97535692391258,54.01937707291505,7.0,1.8538050273231177,21.023824019256637,2.8718163341603056,34.57235789755981,65.85089585989101,229.29053385325693,6.980241008730451,0.891760566902841,4.273044785774824,0.6442270143295579,0.6634854781401665,0.08061369096456572,0.81636552615509,0.7174563053246434,64.10000000000001,89.34341997453804,0.28963039668015966,synthetic,SPEC_V1,2026-10-07
OOD00047,2,59,ood,0.5095062832620534,0.16639232743769589,0.32410138930025073,7.211945326074579,26.97535692391258,54.01937707291505,7.0,1.8538050273231177,21.023824019256637,2.8718163341603056,34.57235789755981,65.85089585989101,229.29053385325693,6.980241008730451,0.891760566902841,4.273044785774824,0.6442270143295579,0.6634854781401665,0.08061369096456572,0.81636552615509,0.7120566747630597,65.0,91.28486861193889,0.28963039668015966,synthetic,SPEC_V1,2026-10-07
OOD00047,3,59,ood,0.5095062832620534,0.16639232743769589,0.32410138930025073,7.211945326074579,26.97535692391258,54.01937707291505,7.0,1.8538050273231177,21.023824019256637,2.8718163341603056,34.57235789755981,65.85089585989101,229.29053385325693,6.980241008730451,0.891760566902841,4.273044785774824,0.6442270143295579,0.6634854781401665,0.08061369096456572,0.81636552615509,0.7226418864056037,62.800000000000004,86.90334892205749,0.28963039668015966,synthetic,SPEC_V1,2026-10-07
OOD00047,4,59,ood,0.5095062832620534,0.16639232743769589,0.32410138930025073,7.211945326074579,26.97535692391258,54.01937707291505,7.0,1.8538050273231177,21.023824019256637,2.8718163341603056,34.57235789755981,65.85089585989101,229.29053385325693,6.980241008730451,0.891760566902841,4.273044785774824,0.6442270143295579,0.6634854781401665,0.08061369096456572,0.81636552615509,0.7041878680274326,67.4,95.71309455926944,0.28963039668015966,synthetic,SPEC_V1,2026-10-07
OOD00047,5,59,ood,0.5095062832620534,0.16639232743769589,0.32410138930025073,7.211945326074579,26.97535692391258,54.01937707291505,7.0,1.8538050273231177,21.023824019256637,2.8718163341603056,34.57235789755981,65.85089585989101,229.29053385325693,6.980241008730451,0.891760566902841,4.273044785774824,0.6442270143295579,0.6634854781401665,0.08061369096456572,0.81636552615509,0.710361363328485,58.7,82.63399873685975,0.28963039668015966,synthetic,SPEC_V1,2026-10-07
OOD00047,6,59,ood,0.5095062832620534,0.16639232743769589,0.32410138930025073,7.211945326074579,26.97535692391258,54.01937707291505,7.0,1.8538050273231177,21.023824019256637,2.8718163341603056,34.57235789755981,65.85089585989101,229.29053385325693,6.980241008730451,0.891760566902841,4.273044785774824,0.6442270143295579,0.6634854781401665,0.08061369096456572,0.81636552615509,0.7066535586378243,66.2,93.68098298069843,0.28963039668015966,synthetic,SPEC_V1,2026-10-07
OOD00047,7,59,ood,0.5095062832620534,0.16639232743769589,0.32410138930025073,7.211945326074579,26.97535692391258,54.01937707291505,7.0,1.8538050273231177,21.023824019256637,2.8718163341603056,34.57235789755981,65.85089585989101,229.29053385325693,6.980241008730451,0.891760566902841,4.273044785774824,0.6442270143295579,0.6634854781401665,0.08061369096456572,0.81636552615509,0.7086467932436483,57.5,81.1405633218328,0.28963039668015966,synthetic,SPEC_V1,2026-10-07
OOD00048,0,59,ood,0.5235454044242797,0.09739522629296103,0.3790593692827593,6.644970166335457,23.610161594838136,46.93596195232528,6.1000000000000005,2.449515756121655,34.055136278889606,2.9690688686688853,25.141977656675675,45.75361520373542,200.68637355612415,6.117600091172115,0.9128646022059438,2.1891402138381912,0.6334343036814077,0.8825187405812984,0.016231365560382172,0.3854966920364604,0.7467304089997702,8.700000000000001,11.650791095615713,0.6592125939541782,synthetic,SPEC_V1,2026-10-07
OOD00048,1,59,ood,0.5235454044242797,0.09739522629296103,0.3790593692827593,6.644970166335457,23.610161594838136,46.93596195232528,6.1000000000000005,2.449515756121655,34.055136278889606,2.9690688686688853,25.141977656675675,45.75361520373542,200.68637355612415,6.117600091172115,0.9128646022059438,2.1891402138381912,0.6334343036814077,0.8825187405812984,0.016231365560382172,0.3854966920364604,0.7469979033458981,8.6,11.512749850407225,0.6592125939541782,synthetic,SPEC_V1,2026-10-07
OOD00048,2,59,ood,0.5235454044242797,0.09739522629296103,0.3790593692827593,6.644970166335457,23.610161594838136,46.93596195232528,6.1000000000000005,2.449515756121655,34.055136278889606,2.9690688686688853,25.141977656675675,45.75361520373542,200.68637355612415,6.117600091172115,0.9128646022059438,2.1891402138381912,0.6334343036814077,0.8825187405812984,0.016231365560382172,0.3854966920364604,0.7331020812457598,8.6,11.730972016047241,0.6592125939541782,synthetic,SPEC_V1,2026-10-07
OOD00048,3,59,ood,0.5235454044242797,0.09739522629296103,0.3790593692827593,6.644970166335457,23.610161594838136,46.93596195232528,6.1000000000000005,2.449515756121655,34.055136278889606,2.9690688686688853,25.141977656675675,45.75361520373542,200.68637355612415,6.117600091172115,0.9128646022059438,2.1891402138381912,0.6334343036814077,0.8825187405812984,0.016231365560382172,0.3854966920364604,0.726204402988996,9.1,12.530907224667281,0.6592125939541782,synthetic,SPEC_V1,2026-10-07
OOD00048,4,59,ood,0.5235454044242797,0.09739522629296103,0.3790593692827593,6.644970166335457,23.610161594838136,46.93596195232528,6.1000000000000005,2.449515756121655,34.055136278889606,2.9690688686688853,25.141977656675675,45.75361520373542,200.68637355612415,6.117600091172115,0.9128646022059438,2.1891402138381912,0.6334343036814077,0.8825187405812984,0.016231365560382172,0.3854966920364604,0.75,8.200000000000001,10.933333333333335,0.6592125939541782,synthetic,SPEC_V1,2026-10-07
OOD00048,5,59,ood,0.5235454044242797,0.09739522629296103,0.3790593692827593,6.644970166335457,23.610161594838136,46.93596195232528,6.1000000000000005,2.449515756121655,34.055136278889606,2.9690688686688853,25.141977656675675,45.75361520373542,200.68637355612415,6.117600091172115,0.9128646022059438,2.1891402138381912,0.6334343036814077,0.8825187405812984,0.016231365560382172,0.3854966920364604,0.75,8.8,11.733333333333334,0.6592125939541782,synthetic,SPEC_V1,2026-10-07
OOD00048,6,59,ood,0.5235454044242797,0.09739522629296103,0.3790593692827593,6.644970166335457,23.610161594838136,46.93596195232528,6.1000000000000005,2.449515756121655,34.055136278889606,2.9690688686688853,25.141977656675675,45.75361520373542,200.68637355612415,6.117600091172115,0.9128646022059438,2.1891402138381912,0.6334343036814077,0.8825187405812984,0.016231365560382172,0.3854966920364604,0.7461909611007899,8.8,11.793227818008054,0.6592125939541782,synthetic,SPEC_V1,2026-10-07
OOD00048,7,59,ood,0.5235454044242797,0.09739522629296103,0.3790593692827593,6.644970166335457,23.610161594838136,46.93596195232528,6.1000000000000005,2.449515756121655,34.055136278889606,2.9690688686688853,25.141977656675675,45.75361520373542,200.68637355612415,6.117600091172115,0.9128646022059438,2.1891402138381912,0.6334343036814077,0.8825187405812984,0.016231365560382172,0.3854966920364604,0.75,9.3,12.4,0.6592125939541782,synthetic,SPEC_V1,2026-10-07
OOD00049,0,59,ood,0.5828029395017006,0.05625293321495128,0.3609441272833481,6.977281875837944,27.146618771414722,39.700766827635604,6.7,2.1709831391538748,27.4802514425962,2.1898694096989475,25.95974524890061,50.12069007126048,230.74625955702513,6.6907098637920175,0.9994380873564884,1.4537772399876483,0.5904358033846604,0.9445479941921275,0.07684770373672961,0.8789793662993189,0.7364347953263445,74.9,101.70622093814666,0.35821501505740794,synthetic,SPEC_V1,2026-10-07
OOD00049,1,59,ood,0.5828029395017006,0.05625293321495128,0.3609441272833481,6.977281875837944,27.146618771414722,39.700766827635604,6.7,2.1709831391538748,27.4802514425962,2.1898694096989475,25.95974524890061,50.12069007126048,230.74625955702513,6.6907098637920175,0.9994380873564884,1.4537772399876483,0.5904358033846604,0.9445479941921275,0.07684770373672961,0.8789793662993189,0.7278256461773553,72.7,99.88655989498423,0.35821501505740794,synthetic,SPEC_V1,2026-10-07
OOD00049,2,59,ood,0.5828029395017006,0.05625293321495128,0.3609441272833481,6.977281875837944,27.146618771414722,39.700766827635604,6.7,2.1709831391538748,27.4802514425962,2.1898694096989475,25.95974524890061,50.12069007126048,230.74625955702513,6.6907098637920175,0.9994380873564884,1.4537772399876483,0.5904358033846604,0.9445479941921275,0.07684770373672961,0.8789793662993189,0.7279877004947698,66.3,91.07296724235842,0.35821501505740794,synthetic,SPEC_V1,2026-10-07
OOD00049,3,59,ood,0.5828029395017006,0.05625293321495128,0.3609441272833481,6.977281875837944,27.146618771414722,39.700766827635604,6.7,2.1709831391538748,27.4802514425962,2.1898694096989475,25.95974524890061,50.12069007126048,230.74625955702513,6.6907098637920175,0.9994380873564884,1.4537772399876483,0.5904358033846604,0.9445479941921275,0.07684770373672961,0.8789793662993189,0.7364141129111541,71.8,97.49948940571488,0.35821501505740794,synthetic,SPEC_V1,2026-10-07
OOD00049,4,59,ood,0.5828029395017006,0.05625293321495128,0.3609441272833481,6.977281875837944,27.146618771414722,39.700766827635604,6.7,2.1709831391538748,27.4802514425962,2.1898694096989475,25.95974524890061,50.12069007126048,230.74625955702513,6.6907098637920175,0.9994380873564884,1.4537772399876483,0.5904358033846604,0.9445479941921275,0.07684770373672961,0.8789793662993189,0.7278131031295784,64.3,88.34685680088965,0.35821501505740794,synthetic,SPEC_V1,2026-10-07
OOD00049,5,59,ood,0.5828029395017006,0.05625293321495128,0.3609441272833481,6.977281875837944,27.146618771414722,39.700766827635604,6.7,2.1709831391538748,27.4802514425962,2.1898694096989475,25.95974524890061,50.12069007126048,230.74625955702513,6.6907098637920175,0.9994380873564884,1.4537772399876483,0.5904358033846604,0.9445479941921275,0.07684770373672961,0.8789793662993189,0.7479010132772181,69.5,92.92673598001802,0.35821501505740794,synthetic,SPEC_V1,2026-10-07
OOD00049,6,59,ood,0.5828029395017006,0.05625293321495128,0.3609441272833481,6.977281875837944,27.146618771414722,39.700766827635604,6.7,2.1709831391538748,27.4802514425962,2.1898694096989475,25.95974524890061,50.12069007126048,230.74625955702513,6.6907098637920175,0.9994380873564884,1.4537772399876483,0.5904358033846604,0.9445479941921275,0.07684770373672961,0.8789793662993189,0.7402166037583512,63.800000000000004,86.19098744349155,0.35821501505740794,synthetic,SPEC_V1,2026-10-07
OOD00049,7,59,ood,0.5828029395017006,0.05625293321495128,0.3609441272833481,6.977281875837944,27.146618771414722,39.700766827635604,6.7,2.1709831391538748,27.4802514425962,2.1898694096989475,25.95974524890061,50.12069007126048,230.74625955702513,6.6907098637920175,0.9994380873564884,1.4537772399876483,0.5904358033846604,0.9445479941921275,0.07684770373672961,0.8789793662993189,0.7498915531168486,73.3,97.74746721087328,0.35821501505740794,synthetic,SPEC_V1,2026-10-07
OOD00050,0,59,ood,0.49665631858142034,0.14772328757623132,0.3556203938423484,7.246664099248836,27.071028111645752,43.89544197320044,7.1000000000000005,1.5908847610965038,34.941135468830055,1.6463681334997404,26.778965677519086,55.489504592905654,230.10373894898885,7.149106019673581,0.981954987235636,3.8070682497262847,0.5989429662478255,0.7129592612462606,0.053199534590062554,0.797291448348032,0.7284067351990305,72.10000000000001,98.98315942987449,0.1219475994690693,synthetic,SPEC_V1,2026-10-07
OOD00050,1,59,ood,0.49665631858142034,0.14772328757623132,0.3556203938423484,7.246664099248836,27.071028111645752,43.89544197320044,7.1000000000000005,1.5908847610965038,34.941135468830055,1.6463681334997404,26.778965677519086,55.489504592905654,230.10373894898885,7.149106019673581,0.981954987235636,3.8070682497262847,0.5989429662478255,0.7129592612462606,0.053199534590062554,0.797291448348032,0.7165256760074863,68.60000000000001,95.73976522689645,0.1219475994690693,synthetic,SPEC_V1,2026-10-07
OOD00050,2,59,ood,0.49665631858142034,0.14772328757623132,0.3556203938423484,7.246664099248836,27.071028111645752,43.89544197320044,7.1000000000000005,1.5908847610965038,34.941135468830055,1.6463681334997404,26.778965677519086,55.489504592905654,230.10373894898885,7.149106019673581,0.981954987235636,3.8070682497262847,0.5989429662478255,0.7129592612462606,0.053199534590062554,0.797291448348032,0.7246654805760966,70.9,97.83824661226546,0.1219475994690693,synthetic,SPEC_V1,2026-10-07
OOD00050,3,59,ood,0.49665631858142034,0.14772328757623132,0.3556203938423484,7.246664099248836,27.071028111645752,43.89544197320044,7.1000000000000005,1.5908847610965038,34.941135468830055,1.6463681334997404,26.778965677519086,55.489504592905654,230.10373894898885,7.149106019673581,0.981954987235636,3.8070682497262847,0.5989429662478255,0.7129592612462606,0.053199534590062554,0.797291448348032,0.7382161761090996,66.4,89.94655244480428,0.1219475994690693,synthetic,SPEC_V1,2026-10-07
OOD00050,4,59,ood,0.49665631858142034,0.14772328757623132,0.3556203938423484,7.246664099248836,27.071028111645752,43.89544197320044,7.1000000000000005,1.5908847610965038,34.941135468830055,1.6463681334997404,26.778965677519086,55.489504592905654,230.10373894898885,7.149106019673581,0.981954987235636,3.8070682497262847,0.5989429662478255,0.7129592612462606,0.053199534590062554,0.797291448348032,0.7155997072438905,62.800000000000004,87.75856021779579,0.1219475994690693,synthetic,SPEC_V1,2026-10-07
OOD00050,5,59,ood,0.49665631858142034,0.14772328757623132,0.3556203938423484,7.246664099248836,27.071028111645752,43.89544197320044,7.1000000000000005,1.5908847610965038,34.941135468830055,1.6463681334997404,26.778965677519086,55.489504592905654,230.10373894898885,7.149106019673581,0.981954987235636,3.8070682497262847,0.5989429662478255,0.7129592612462606,0.053199534590062554,0.797291448348032,0.7335835131284495,69.5,94.74040617899034,0.1219475994690693,synthetic,SPEC_V1,2026-10-07
OOD00050,6,59,ood,0.49665631858142034,0.14772328757623132,0.3556203938423484,7.246664099248836,27.071028111645752,43.89544197320044,7.1000000000000005,1.5908847610965038,34.941135468830055,1.6463681334997404,26.778965677519086,55.489504592905654,230.10373894898885,7.149106019673581,0.981954987235636,3.8070682497262847,0.5989429662478255,0.7129592612462606,0.053199534590062554,0.797291448348032,0.7284008639438853,69.7,95.68906827294698,0.1219475994690693,synthetic,SPEC_V1,2026-10-07
OOD00050,7,59,ood,0.49665631858142034,0.14772328757623132,0.3556203938423484,7.246664099248836,27.071028111645752,43.89544197320044,7.1000000000000005,1.5908847610965038,34.941135468830055,1.6463681334997404,26.778965677519086,55.489504592905654,230.10373894898885,7.149106019673581,0.981954987235636,3.8070682497262847,0.5989429662478255,0.7129592612462606,0.053199534590062554,0.797291448348032,0.7410172723147278,69.9,94.32978502869742,0.1219475994690693,synthetic,SPEC_V1,2026-10-07
OOD00051,0,59,ood,0.47567003396490803,0.18928901612322657,0.33504094991186545,6.854652346310884,25.418231202761177,45.42171982786674,6.7,1.5693500011890404,34.262443897987424,2.716765330499936,29.50181154708751,53.63746482341894,216.05496522347002,6.744058160747523,0.8686471293797574,4.580445161117121,0.656171616213987,0.6317953331245383,0.031193276332733905,0.6077274067743088,0.7197834212562758,41.800000000000004,58.07302414251813,0.13824273195420078,synthetic,SPEC_V1,2026-10-07
OOD00051,1,59,ood,0.47567003396490803,0.18928901612322657,0.33504094991186545,6.854652346310884,25.418231202761177,45.42171982786674,6.7,1.5693500011890404,34.262443897987424,2.716765330499936,29.50181154708751,53.63746482341894,216.05496522347002,6.744058160747523,0.8686471293797574,4.580445161117121,0.656171616213987,0.6317953331245383,0.031193276332733905,0.6077274067743088,0.7282339390767643,41.800000000000004,57.39913749830575,0.13824273195420078,synthetic,SPEC_V1,2026-10-07
OOD00051,2,59,ood,0.47567003396490803,0.18928901612322657,0.33504094991186545,6.854652346310884,25.418231202761177,45.42171982786674,6.7,1.5693500011890404,34.262443897987424,2.716765330499936,29.50181154708751,53.63746482341894,216.05496522347002,6.744058160747523,0.8686471293797574,4.580445161117121,0.656171616213987,0.6317953331245383,0.031193276332733905,0.6077274067743088,0.7257617131960102,41.400000000000006,57.04351613932394,0.13824273195420078,synthetic,SPEC_V1,2026-10-07
OOD00051,3,59,ood,0.47567003396490803,0.18928901612322657,0.33504094991186545,6.854652346310884,25.418231202761177,45.42171982786674,6.7,1.5693500011890404,34.262443897987424,2.716765330499936,29.50181154708751,53.63746482341894,216.05496522347002,6.744058160747523,0.8686471293797574,4.580445161117121,0.656171616213987,0.6317953331245383,0.031193276332733905,0.6077274067743088,0.7191278362197169,44.0,61.18522713749683,0.13824273195420078,synthetic,SPEC_V1,2026-10-07
OOD00051,4,59,ood,0.47567003396490803,0.18928901612322657,0.33504094991186545,6.854652346310884,25.418231202761177,45.42171982786674,6.7,1.5693500011890404,34.262443897987424,2.716765330499936,29.50181154708751,53.63746482341894,216.05496522347002,6.744058160747523,0.8686471293797574,4.580445161117121,0.656171616213987,0.6317953331245383,0.031193276332733905,0.6077274067743088,0.6988066163130454,42.0,60.10246471562484,0.13824273195420078,synthetic,SPEC_V1,2026-10-07
OOD00051,5,59,ood,0.47567003396490803,0.18928901612322657,0.33504094991186545,6.854652346310884,25.418231202761177,45.42171982786674,6.7,1.5693500011890404,34.262443897987424,2.716765330499936,29.50181154708751,53.63746482341894,216.05496522347002,6.744058160747523,0.8686471293797574,4.580445161117121,0.656171616213987,0.6317953331245383,0.031193276332733905,0.6077274067743088,0.7272994072294162,44.5,61.18525542254857,0.13824273195420078,synthetic,SPEC_V1,2026-10-07
OOD00051,6,59,ood,0.47567003396490803,0.18928901612322657,0.33504094991186545,6.854652346310884,25.418231202761177,45.42171982786674,6.7,1.5693500011890404,34.262443897987424,2.716765330499936,29.50181154708751,53.63746482341894,216.05496522347002,6.744058160747523,0.8686471293797574,4.580445161117121,0.656171616213987,0.6317953331245383,0.031193276332733905,0.6077274067743088,0.7149780037046838,38.2,53.42821709488313,0.13824273195420078,synthetic,SPEC_V1,2026-10-07
OOD00051,7,59,ood,0.47567003396490803,0.18928901612322657,0.33504094991186545,6.854652346310884,25.418231202761177,45.42171982786674,6.7,1.5693500011890404,34.262443897987424,2.716765330499936,29.50181154708751,53.63746482341894,216.05496522347002,6.744058160747523,0.8686471293797574,4.580445161117121,0.656171616213987,0.6317953331245383,0.031193276332733905,0.6077274067743088,0.7194393188415507,40.1,55.73784883563144,0.13824273195420078,synthetic,SPEC_V1,2026-10-07
OOD00052,0,59,ood,0.5916088373888178,0.09005935965805234,0.31833180295312996,6.663845882501003,27.347378898552634,38.095129509153104,5.9,3.5725555580790136,28.265998817990916,2.918885726583429,27.34061486347685,33.192487933639015,232.45272063769738,5.863845882501003,0.8879651239435014,2.344668835197153,0.6461797584020581,0.8675227263530685,0.01763097874547918,0.392472127632596,0.7204038248226763,0.7000000000000001,0.9716772397374507,1.0,synthetic,SPEC_V1,2026-10-07
OOD00052,1,59,ood,0.5916088373888178,0.09005935965805234,0.31833180295312996,6.663845882501003,27.347378898552634,38.095129509153104,5.9,3.5725555580790136,28.265998817990916,2.918885726583429,27.34061486347685,33.192487933639015,232.45272063769738,5.863845882501003,0.8879651239435014,2.344668835197153,0.6461797584020581,0.8675227263530685,0.01763097874547918,0.392472127632596,0.7105710351904551,0.7000000000000001,0.9851231830922835,1.0,synthetic,SPEC_V1,2026-10-07
OOD00052,2,59,ood,0.5916088373888178,0.09005935965805234,0.31833180295312996,6.663845882501003,27.347378898552634,38.095129509153104,5.9,3.5725555580790136,28.265998817990916,2.918885726583429,27.34061486347685,33.192487933639015,232.45272063769738,5.863845882501003,0.8879651239435014,2.344668835197153,0.6461797584020581,0.8675227263530685,0.01763097874547918,0.392472127632596,0.7035301741167188,0.6000000000000001,0.8528418852159387,1.0,synthetic,SPEC_V1,2026-10-07
OOD00052,3,59,ood,0.5916088373888178,0.09005935965805234,0.31833180295312996,6.663845882501003,27.347378898552634,38.095129509153104,5.9,3.5725555580790136,28.265998817990916,2.918885726583429,27.34061486347685,33.192487933639015,232.45272063769738,5.863845882501003,0.8879651239435014,2.344668835197153,0.6461797584020581,0.8675227263530685,0.01763097874547918,0.392472127632596,0.7029617307682374,0.7000000000000001,0.9957867823544241,1.0,synthetic,SPEC_V1,2026-10-07
OOD00052,4,59,ood,0.5916088373888178,0.09005935965805234,0.31833180295312996,6.663845882501003,27.347378898552634,38.095129509153104,5.9,3.5725555580790136,28.265998817990916,2.918885726583429,27.34061486347685,33.192487933639015,232.45272063769738,5.863845882501003,0.8879651239435014,2.344668835197153,0.6461797584020581,0.8675227263530685,0.01763097874547918,0.392472127632596,0.7024929531820043,0.7000000000000001,0.9964512765989862,1.0,synthetic,SPEC_V1,2026-10-07
OOD00052,5,59,ood,0.5916088373888178,0.09005935965805234,0.31833180295312996,6.663845882501003,27.347378898552634,38.095129509153104,5.9,3.5725555580790136,28.265998817990916,2.918885726583429,27.34061486347685,33.192487933639015,232.45272063769738,5.863845882501003,0.8879651239435014,2.344668835197153,0.6461797584020581,0.8675227263530685,0.01763097874547918,0.392472127632596,0.7261481575256553,0.7000000000000001,0.9639906026688068,1.0,synthetic,SPEC_V1,2026-10-07
OOD00052,6,59,ood,0.5916088373888178,0.09005935965805234,0.31833180295312996,6.663845882501003,27.347378898552634,38.095129509153104,5.9,3.5725555580790136,28.265998817990916,2.918885726583429,27.34061486347685,33.192487933639015,232.45272063769738,5.863845882501003,0.8879651239435014,2.344668835197153,0.6461797584020581,0.8675227263530685,0.01763097874547918,0.392472127632596,0.7158104401485045,0.7000000000000001,0.977912532059152,1.0,synthetic,SPEC_V1,2026-10-07
OOD00052,7,59,ood,0.5916088373888178,0.09005935965805234,0.31833180295312996,6.663845882501003,27.347378898552634,38.095129509153104,5.9,3.5725555580790136,28.265998817990916,2.918885726583429,27.34061486347685,33.192487933639015,232.45272063769738,5.863845882501003,0.8879651239435014,2.344668835197153,0.6461797584020581,0.8675227263530685,0.01763097874547918,0.392472127632596,0.701965228470303,0.7000000000000001,0.9972003905740667,1.0,synthetic,SPEC_V1,2026-10-07
OOD00053,0,59,ood,0.5598185375701104,0.13979699029829454,0.3003844721315951,7.4681071114924595,22.49051718297796,34.670406419300086,6.800000000000001,2.8333902927903907,34.68023434724047,2.351279020809451,30.977882602545336,60.8768379608684,191.16939605531266,6.78807909352054,0.6890918174614911,2.993189495035641,0.7520180981850169,0.800726288046429,0.08842349402696151,0.9295396275995822,0.6929057989860855,83.2,120.07404198629138,0.8500350224648983,synthetic,SPEC_V1,2026-10-07
OOD00053,1,59,ood,0.5598185375701104,0.13979699029829454,0.3003844721315951,7.4681071114924595,22.49051718297796,34.670406419300086,6.800000000000001,2.8333902927903907,34.68023434724047,2.351279020809451,30.977882602545336,60.8768379608684,191.16939605531266,6.78807909352054,0.6890918174614911,2.993189495035641,0.7520180981850169,0.800726288046429,0.08842349402696151,0.9295396275995822,0.702167378297279,81.80000000000001,116.4964402054122,0.8500350224648983,synthetic,SPEC_V1,2026-10-07
OOD00053,2,59,ood,0.5598185375701104,0.13979699029829454,0.3003844721315951,7.4681071114924595,22.49051718297796,34.670406419300086,6.800000000000001,2.8333902927903907,34.68023434724047,2.351279020809451,30.977882602545336,60.8768379608684,191.16939605531266,6.78807909352054,0.6890918174614911,2.993189495035641,0.7520180981850169,0.800726288046429,0.08842349402696151,0.9295396275995822,0.6929873091911248,83.4,120.34852427145735,0.8500350224648983,synthetic,SPEC_V1,2026-10-07
OOD00053,3,59,ood,0.5598185375701104,0.13979699029829454,0.3003844721315951,7.4681071114924595,22.49051718297796,34.670406419300086,6.800000000000001,2.8333902927903907,34.68023434724047,2.351279020809451,30.977882602545336,60.8768379608684,191.16939605531266,6.78807909352054,0.6890918174614911,2.993189495035641,0.7520180981850169,0.800726288046429,0.08842349402696151,0.9295396275995822,0.7024394923341312,80.0,113.88881301956496,0.8500350224648983,synthetic,SPEC_V1,2026-10-07
OOD00053,4,59,ood,0.5598185375701104,0.13979699029829454,0.3003844721315951,7.4681071114924595,22.49051718297796,34.670406419300086,6.800000000000001,2.8333902927903907,34.68023434724047,2.351279020809451,30.977882602545336,60.8768379608684,191.16939605531266,6.78807909352054,0.6890918174614911,2.993189495035641,0.7520180981850169,0.800726288046429,0.08842349402696151,0.9295396275995822,0.6896139265182681,81.4,118.03705938911848,0.8500350224648983,synthetic,SPEC_V1,2026-10-07
OOD00053,5,59,ood,0.5598185375701104,0.13979699029829454,0.3003844721315951,7.4681071114924595,22.49051718297796,34.670406419300086,6.800000000000001,2.8333902927903907,34.68023434724047,2.351279020809451,30.977882602545336,60.8768379608684,191.16939605531266,6.78807909352054,0.6890918174614911,2.993189495035641,0.7520180981850169,0.800726288046429,0.08842349402696151,0.9295396275995822,0.7094295447120578,77.9,109.80653481469811,0.8500350224648983,synthetic,SPEC_V1,2026-10-07
OOD00053,6,59,ood,0.5598185375701104,0.13979699029829454,0.3003844721315951,7.4681071114924595,22.49051718297796,34.670406419300086,6.800000000000001,2.8333902927903907,34.68023434724047,2.351279020809451,30.977882602545336,60.8768379608684,191.16939605531266,6.78807909352054,0.6890918174614911,2.993189495035641,0.7520180981850169,0.800726288046429,0.08842349402696151,0.9295396275995822,0.6933302660046152,76.2,109.90433237410808,0.8500350224648983,synthetic,SPEC_V1,2026-10-07
OOD00053,7,59,ood,0.5598185375701104,0.13979699029829454,0.3003844721315951,7.4681071114924595,22.49051718297796,34.670406419300086,6.800000000000001,2.8333902927903907,34.68023434724047,2.351279020809451,30.977882602545336,60.8768379608684,191.16939605531266,6.78807909352054,0.6890918174614911,2.993189495035641,0.7520180981850169,0.800726288046429,0.08842349402696151,0.9295396275995822,0.7095744817331463,76.60000000000001,107.95202191164395,0.8500350224648983,synthetic,SPEC_V1,2026-10-07
OOD00054,0,59,ood,0.5686705571815166,0.06961854914562213,0.3617108936728612,6.701140148880682,22.058723820120488,53.743071040751104,6.7,1.6552968259143457,33.92978241746684,1.279322196404784,25.68631341132553,5.343925898420083,187.49915247102413,6.655661679066067,0.8138458320383783,1.4619829236394468,0.6849494130356645,0.9439554242970687,0.10993205154553949,0.9630415712898611,0.7415587560118175,203.20000000000002,274.01739693942983,0.05684808726826818,synthetic,SPEC_V1,2026-10-07
OOD00054,1,59,ood,0.5686705571815166,0.06961854914562213,0.3617108936728612,6.701140148880682,22.058723820120488,53.743071040751104,6.7,1.6552968259143457,33.92978241746684,1.279322196404784,25.68631341132553,5.343925898420083,187.49915247102413,6.655661679066067,0.8138458320383783,1.4619829236394468,0.6849494130356645,0.9439554242970687,0.10993205154553949,0.9630415712898611,0.7390620826618699,219.60000000000002,297.13336017600807,0.05684808726826818,synthetic,SPEC_V1,2026-10-07
OOD00054,2,59,ood,0.5686705571815166,0.06961854914562213,0.3617108936728612,6.701140148880682,22.058723820120488,53.743071040751104,6.7,1.6552968259143457,33.92978241746684,1.279322196404784,25.68631341132553,5.343925898420083,187.49915247102413,6.655661679066067,0.8138458320383783,1.4619829236394468,0.6849494130356645,0.9439554242970687,0.10993205154553949,0.9630415712898611,0.7162172137939176,234.70000000000002,327.6938831960718,0.05684808726826818,synthetic,SPEC_V1,2026-10-07
OOD00054,3,59,ood,0.5686705571815166,0.06961854914562213,0.3617108936728612,6.701140148880682,22.058723820120488,53.743071040751104,6.7,1.6552968259143457,33.92978241746684,1.279322196404784,25.68631341132553,5.343925898420083,187.49915247102413,6.655661679066067,0.8138458320383783,1.4619829236394468,0.6849494130356645,0.9439554242970687,0.10993205154553949,0.9630415712898611,0.7490510471911352,230.3,307.45568124308943,0.05684808726826818,synthetic,SPEC_V1,2026-10-07
OOD00054,4,59,ood,0.5686705571815166,0.06961854914562213,0.3617108936728612,6.701140148880682,22.058723820120488,53.743071040751104,6.7,1.6552968259143457,33.92978241746684,1.279322196404784,25.68631341132553,5.343925898420083,187.49915247102413,6.655661679066067,0.8138458320383783,1.4619829236394468,0.6849494130356645,0.9439554242970687,0.10993205154553949,0.9630415712898611,0.7194429193252722,206.8,287.44462478544773,0.05684808726826818,synthetic,SPEC_V1,2026-10-07
OOD00054,5,59,ood,0.5686705571815166,0.06961854914562213,0.3617108936728612,6.701140148880682,22.058723820120488,53.743071040751104,6.7,1.6552968259143457,33.92978241746684,1.279322196404784,25.68631341132553,5.343925898420083,187.49915247102413,6.655661679066067,0.8138458320383783,1.4619829236394468,0.6849494130356645,0.9439554242970687,0.10993205154553949,0.9630415712898611,0.7254890258666938,193.20000000000002,266.3031322482056,0.05684808726826818,synthetic,SPEC_V1,2026-10-07
OOD00054,6,59,ood,0.5686705571815166,0.06961854914562213,0.3617108936728612,6.701140148880682,22.058723820120488,53.743071040751104,6.7,1.6552968259143457,33.92978241746684,1.279322196404784,25.68631341132553,5.343925898420083,187.49915247102413,6.655661679066067,0.8138458320383783,1.4619829236394468,0.6849494130356645,0.9439554242970687,0.10993205154553949,0.9630415712898611,0.7337242084239901,203.8,277.76104108348034,0.05684808726826818,synthetic,SPEC_V1,2026-10-07
OOD00054,7,59,ood,0.5686705571815166,0.06961854914562213,0.3617108936728612,6.701140148880682,22.058723820120488,53.743071040751104,6.7,1.6552968259143457,33.92978241746684,1.279322196404784,25.68631341132553,5.343925898420083,187.49915247102413,6.655661679066067,0.8138458320383783,1.4619829236394468,0.6849494130356645,0.9439554242970687,0.10993205154553949,0.9630415712898611,0.7369635115013434,195.4,265.1420279980087,0.05684808726826818,synthetic,SPEC_V1,2026-10-07
OOD00055,0,59,ood,0.4736852990831292,0.18659135951747274,0.3397233413993981,7.163968109572169,23.87546969599807,33.049719584045505,6.4,3.964209416790602,32.737785715972976,1.095341568683249,34.36547578501132,14.377279931200706,202.9414924159836,6.363968109572169,0.8273275429456626,4.241118444909165,0.6778158386940732,0.6668261410556802,0.05402653033816602,0.8022587478335536,0.7106925359730136,9.9,13.930074538416036,1.0,synthetic,SPEC_V1,2026-10-07
OOD00055,1,59,ood,0.4736852990831292,0.18659135951747274,0.3397233413993981,7.163968109572169,23.87546969599807,33.049719584045505,6.4,3.964209416790602,32.737785715972976,1.095341568683249,34.36547578501132,14.377279931200706,202.9414924159836,6.363968109572169,0.8273275429456626,4.241118444909165,0.6778158386940732,0.6668261410556802,0.05402653033816602,0.8022587478335536,0.7303215875110383,9.5,13.007968219009292,1.0,synthetic,SPEC_V1,2026-10-07
OOD00055,2,59,ood,0.4736852990831292,0.18659135951747274,0.3397233413993981,7.163968109572169,23.87546969599807,33.049719584045505,6.4,3.964209416790602,32.737785715972976,1.095341568683249,34.36547578501132,14.377279931200706,202.9414924159836,6.363968109572169,0.8273275429456626,4.241118444909165,0.6778158386940732,0.6668261410556802,0.05402653033816602,0.8022587478335536,0.7339928745310355,9.1,12.397940519264841,1.0,synthetic,SPEC_V1,2026-10-07
OOD00055,3,59,ood,0.4736852990831292,0.18659135951747274,0.3397233413993981,7.163968109572169,23.87546969599807,33.049719584045505,6.4,3.964209416790602,32.737785715972976,1.095341568683249,34.36547578501132,14.377279931200706,202.9414924159836,6.363968109572169,0.8273275429456626,4.241118444909165,0.6778158386940732,0.6668261410556802,0.05402653033816602,0.8022587478335536,0.7316728003165655,9.1,12.437253367984699,1.0,synthetic,SPEC_V1,2026-10-07
OOD00055,4,59,ood,0.4736852990831292,0.18659135951747274,0.3397233413993981,7.163968109572169,23.87546969599807,33.049719584045505,6.4,3.964209416790602,32.737785715972976,1.095341568683249,34.36547578501132,14.377279931200706,202.9414924159836,6.363968109572169,0.8273275429456626,4.241118444909165,0.6778158386940732,0.6668261410556802,0.05402653033816602,0.8022587478335536,0.7033212374273352,8.6,12.227698443257264,1.0,synthetic,SPEC_V1,2026-10-07
OOD00055,5,59,ood,0.4736852990831292,0.18659135951747274,0.3397233413993981,7.163968109572169,23.87546969599807,33.049719584045505,6.4,3.964209416790602,32.737785715972976,1.095341568683249,34.36547578501132,14.377279931200706,202.9414924159836,6.363968109572169,0.8273275429456626,4.241118444909165,0.6778158386940732,0.6668261410556802,0.05402653033816602,0.8022587478335536,0.7254349400671934,9.600000000000001,13.233440340095559,1.0,synthetic,SPEC_V1,2026-10-07
OOD00055,6,59,ood,0.4736852990831292,0.18659135951747274,0.3397233413993981,7.163968109572169,23.87546969599807,33.049719584045505,6.4,3.964209416790602,32.737785715972976,1.095341568683249,34.36547578501132,14.377279931200706,202.9414924159836,6.363968109572169,0.8273275429456626,4.241118444909165,0.6778158386940732,0.6668261410556802,0.05402653033816602,0.8022587478335536,0.7119879394242035,9.200000000000001,12.921567193174923,1.0,synthetic,SPEC_V1,2026-10-07
OOD00055,7,59,ood,0.4736852990831292,0.18659135951747274,0.3397233413993981,7.163968109572169,23.87546969599807,33.049719584045505,6.4,3.964209416790602,32.737785715972976,1.095341568683249,34.36547578501132,14.377279931200706,202.9414924159836,6.363968109572169,0.8273275429456626,4.241118444909165,0.6778158386940732,0.6668261410556802,0.05402653033816602,0.8022587478335536,0.7198541820316265,8.700000000000001,12.085781005600618,1.0,synthetic,SPEC_V1,2026-10-07
OOD00056,0,59,ood,0.525933123666476,0.12740552792578352,0.34666134840774043,6.8154897893484545,25.2600682170764,52.74251381130202,6.0,3.1708649022563193,27.927539753410677,1.2254495838922828,33.77945529433452,62.9306057374676,214.71057984514943,6.015489789348455,0.8931823095183278,3.0637952549593037,0.6434964341465185,0.7931814358050423,0.02428162981545398,0.4924328095979278,0.7437892699324415,1.5,2.0167002410995325,1.0,synthetic,SPEC_V1,2026-10-07
OOD00056,1,59,ood,0.525933123666476,0.12740552792578352,0.34666134840774043,6.8154897893484545,25.2600682170764,52.74251381130202,6.0,3.1708649022563193,27.927539753410677,1.2254495838922828,33.77945529433452,62.9306057374676,214.71057984514943,6.015489789348455,0.8931823095183278,3.0637952549593037,0.6434964341465185,0.7931814358050423,0.02428162981545398,0.4924328095979278,0.714099615118782,1.6,2.2405837590794095,1.0,synthetic,SPEC_V1,2026-10-07
OOD00056,2,59,ood,0.525933123666476,0.12740552792578352,0.34666134840774043,6.8154897893484545,25.2600682170764,52.74251381130202,6.0,3.1708649022563193,27.927539753410677,1.2254495838922828,33.77945529433452,62.9306057374676,214.71057984514943,6.015489789348455,0.8931823095183278,3.0637952549593037,0.6434964341465185,0.7931814358050423,0.02428162981545398,0.4924328095979278,0.7382801731308507,1.3,1.7608491292500033,1.0,synthetic,SPEC_V1,2026-10-07
OOD00056,3,59,ood,0.525933123666476,0.12740552792578352,0.34666134840774043,6.8154897893484545,25.2600682170764,52.74251381130202,6.0,3.1708649022563193,27.927539753410677,1.2254495838922828,33.77945529433452,62.9306057374676,214.71057984514943,6.015489789348455,0.8931823095183278,3.0637952549593037,0.6434964341465185,0.7931814358050423,0.02428162981545398,0.4924328095979278,0.7252737644903506,1.4000000000000001,1.930305587413298,1.0,synthetic,SPEC_V1,2026-10-07
OOD00056,4,59,ood,0.525933123666476,0.12740552792578352,0.34666134840774043,6.8154897893484545,25.2600682170764,52.74251381130202,6.0,3.1708649022563193,27.927539753410677,1.2254495838922828,33.77945529433452,62.9306057374676,214.71057984514943,6.015489789348455,0.8931823095183278,3.0637952549593037,0.6434964341465185,0.7931814358050423,0.02428162981545398,0.4924328095979278,0.7231804826079108,1.5,2.074171021030251,1.0,synthetic,SPEC_V1,2026-10-07
OOD00056,5,59,ood,0.525933123666476,0.12740552792578352,0.34666134840774043,6.8154897893484545,25.2600682170764,52.74251381130202,6.0,3.1708649022563193,27.927539753410677,1.2254495838922828,33.77945529433452,62.9306057374676,214.71057984514943,6.015489789348455,0.8931823095183278,3.0637952549593037,0.6434964341465185,0.7931814358050423,0.02428162981545398,0.4924328095979278,0.7281543477869016,1.3,1.7853357656259607,1.0,synthetic,SPEC_V1,2026-10-07
OOD00056,6,59,ood,0.525933123666476,0.12740552792578352,0.34666134840774043,6.8154897893484545,25.2600682170764,52.74251381130202,6.0,3.1708649022563193,27.927539753410677,1.2254495838922828,33.77945529433452,62.9306057374676,214.71057984514943,6.015489789348455,0.8931823095183278,3.0637952549593037,0.6434964341465185,0.7931814358050423,0.02428162981545398,0.4924328095979278,0.7391199897913473,1.5,2.029440443659829,1.0,synthetic,SPEC_V1,2026-10-07
OOD00056,7,59,ood,0.525933123666476,0.12740552792578352,0.34666134840774043,6.8154897893484545,25.2600682170764,52.74251381130202,6.0,3.1708649022563193,27.927539753410677,1.2254495838922828,33.77945529433452,62.9306057374676,214.71057984514943,6.015489789348455,0.8931823095183278,3.0637952549593037,0.6434964341465185,0.7931814358050423,0.02428162981545398,0.4924328095979278,0.7300221429340662,1.5,2.0547321947951875,1.0,synthetic,SPEC_V1,2026-10-07
OOD00057,0,59,ood,0.501153979762726,0.13317992311906302,0.36566609711821096,7.3118379246874765,25.895544521569718,36.807902216273874,6.5,3.0511364874891402,20.913805143959856,1.5363725584416843,28.172435206490583,0.40678787079330403,220.1121284333426,6.511837924687477,0.9658505151912333,3.2832258303405,0.6068607586895276,0.7695666842166642,0.06718883444994565,0.7546756806891741,0.7328904322992615,13.4,18.283769864426844,1.0,synthetic,SPEC_V1,2026-10-07
OOD00057,1,59,ood,0.501153979762726,0.13317992311906302,0.36566609711821096,7.3118379246874765,25.895544521569718,36.807902216273874,6.5,3.0511364874891402,20.913805143959856,1.5363725584416843,28.172435206490583,0.40678787079330403,220.1121284333426,6.511837924687477,0.9658505151912333,3.2832258303405,0.6068607586895276,0.7695666842166642,0.06718883444994565,0.7546756806891741,0.7390317103798771,14.5,19.620267704814328,1.0,synthetic,SPEC_V1,2026-10-07
OOD00057,2,59,ood,0.501153979762726,0.13317992311906302,0.36566609711821096,7.3118379246874765,25.895544521569718,36.807902216273874,6.5,3.0511364874891402,20.913805143959856,1.5363725584416843,28.172435206490583,0.40678787079330403,220.1121284333426,6.511837924687477,0.9658505151912333,3.2832258303405,0.6068607586895276,0.7695666842166642,0.06718883444994565,0.7546756806891741,0.7379598738249309,14.9,20.190799701305693,1.0,synthetic,SPEC_V1,2026-10-07
OOD00057,3,59,ood,0.501153979762726,0.13317992311906302,0.36566609711821096,7.3118379246874765,25.895544521569718,36.807902216273874,6.5,3.0511364874891402,20.913805143959856,1.5363725584416843,28.172435206490583,0.40678787079330403,220.1121284333426,6.511837924687477,0.9658505151912333,3.2832258303405,0.6068607586895276,0.7695666842166642,0.06718883444994565,0.7546756806891741,0.75,14.4,19.2,1.0,synthetic,SPEC_V1,2026-10-07
OOD00057,4,59,ood,0.501153979762726,0.13317992311906302,0.36566609711821096,7.3118379246874765,25.895544521569718,36.807902216273874,6.5,3.0511364874891402,20.913805143959856,1.5363725584416843,28.172435206490583,0.40678787079330403,220.1121284333426,6.511837924687477,0.9658505151912333,3.2832258303405,0.6068607586895276,0.7695666842166642,0.06718883444994565,0.7546756806891741,0.7333761750511154,14.100000000000001,19.226149525538172,1.0,synthetic,SPEC_V1,2026-10-07
OOD00057,5,59,ood,0.501153979762726,0.13317992311906302,0.36566609711821096,7.3118379246874765,25.895544521569718,36.807902216273874,6.5,3.0511364874891402,20.913805143959856,1.5363725584416843,28.172435206490583,0.40678787079330403,220.1121284333426,6.511837924687477,0.9658505151912333,3.2832258303405,0.6068607586895276,0.7695666842166642,0.06718883444994565,0.7546756806891741,0.7430805067439054,14.0,18.840488847361122,1.0,synthetic,SPEC_V1,2026-10-07
OOD00057,6,59,ood,0.501153979762726,0.13317992311906302,0.36566609711821096,7.3118379246874765,25.895544521569718,36.807902216273874,6.5,3.0511364874891402,20.913805143959856,1.5363725584416843,28.172435206490583,0.40678787079330403,220.1121284333426,6.511837924687477,0.9658505151912333,3.2832258303405,0.6068607586895276,0.7695666842166642,0.06718883444994565,0.7546756806891741,0.7406257990175203,13.700000000000001,18.49787033907512,1.0,synthetic,SPEC_V1,2026-10-07
OOD00057,7,59,ood,0.501153979762726,0.13317992311906302,0.36566609711821096,7.3118379246874765,25.895544521569718,36.807902216273874,6.5,3.0511364874891402,20.913805143959856,1.5363725584416843,28.172435206490583,0.40678787079330403,220.1121284333426,6.511837924687477,0.9658505151912333,3.2832258303405,0.6068607586895276,0.7695666842166642,0.06718883444994565,0.7546756806891741,0.7359740795469483,13.5,18.343037309561698,1.0,synthetic,SPEC_V1,2026-10-07
OOD00058,0,59,ood,0.5162252856901144,0.13558890992335498,0.34818580438653063,7.357839681035659,22.383964915612523,32.285243641770194,7.0,2.0329952106983873,20.01573663099932,1.3325041950979246,27.657849959272603,82.93254377814404,190.26370178270645,7.038669695581426,0.7949654406092476,2.8893365673423395,0.6949907402255612,0.8117566572468314,0.10657895905973024,0.8815490555432471,0.7326265512335458,178.4,243.50741820593652,0.39896248181779215,synthetic,SPEC_V1,2026-10-07
OOD00058,1,59,ood,0.5162252856901144,0.13558890992335498,0.34818580438653063,7.357839681035659,22.383964915612523,32.285243641770194,7.0,2.0329952106983873,20.01573663099932,1.3325041950979246,27.657849959272603,82.93254377814404,190.26370178270645,7.038669695581426,0.7949654406092476,2.8893365673423395,0.6949907402255612,0.8117566572468314,0.10657895905973024,0.8815490555432471,0.7173432450322373,163.10000000000002,227.3667468530638,0.39896248181779215,synthetic,SPEC_V1,2026-10-07
OOD00058,2,59,ood,0.5162252856901144,0.13558890992335498,0.34818580438653063,7.357839681035659,22.383964915612523,32.285243641770194,7.0,2.0329952106983873,20.01573663099932,1.3325041950979246,27.657849959272603,82.93254377814404,190.26370178270645,7.038669695581426,0.7949654406092476,2.8893365673423395,0.6949907402255612,0.8117566572468314,0.10657895905973024,0.8815490555432471,0.7110584127955746,170.5,239.78339462951803,0.39896248181779215,synthetic,SPEC_V1,2026-10-07
OOD00058,3,59,ood,0.5162252856901144,0.13558890992335498,0.34818580438653063,7.357839681035659,22.383964915612523,32.285243641770194,7.0,2.0329952106983873,20.01573663099932,1.3325041950979246,27.657849959272603,82.93254377814404,190.26370178270645,7.038669695581426,0.7949654406092476,2.8893365673423395,0.6949907402255612,0.8117566572468314,0.10657895905973024,0.8815490555432471,0.7480630741106115,171.9,229.7934571952715,0.39896248181779215,synthetic,SPEC_V1,2026-10-07
OOD00058,4,59,ood,0.5162252856901144,0.13558890992335498,0.34818580438653063,7.357839681035659,22.383964915612523,32.285243641770194,7.0,2.0329952106983873,20.01573663099932,1.3325041950979246,27.657849959272603,82.93254377814404,190.26370178270645,7.038669695581426,0.7949654406092476,2.8893365673423395,0.6949907402255612,0.8117566572468314,0.10657895905973024,0.8815490555432471,0.7318266951932387,170.9,233.5252336687088,0.39896248181779215,synthetic,SPEC_V1,2026-10-07
OOD00058,5,59,ood,0.5162252856901144,0.13558890992335498,0.34818580438653063,7.357839681035659,22.383964915612523,32.285243641770194,7.0,2.0329952106983873,20.01573663099932,1.3325041950979246,27.657849959272603,82.93254377814404,190.26370178270645,7.038669695581426,0.7949654406092476,2.8893365673423395,0.6949907402255612,0.8117566572468314,0.10657895905973024,0.8815490555432471,0.7275601597252744,187.3,257.435756337626,0.39896248181779215,synthetic,SPEC_V1,2026-10-07
OOD00058,6,59,ood,0.5162252856901144,0.13558890992335498,0.34818580438653063,7.357839681035659,22.383964915612523,32.285243641770194,7.0,2.0329952106983873,20.01573663099932,1.3325041950979246,27.657849959272603,82.93254377814404,190.26370178270645,7.038669695581426,0.7949654406092476,2.8893365673423395,0.6949907402255612,0.8117566572468314,0.10657895905973024,0.8815490555432471,0.7188145824368536,168.4,234.27460170480558,0.39896248181779215,synthetic,SPEC_V1,2026-10-07
OOD00058,7,59,ood,0.5162252856901144,0.13558890992335498,0.34818580438653063,7.357839681035659,22.383964915612523,32.285243641770194,7.0,2.0329952106983873,20.01573663099932,1.3325041950979246,27.657849959272603,82.93254377814404,190.26370178270645,7.038669695581426,0.7949654406092476,2.8893365673423395,0.6949907402255612,0.8117566572468314,0.10657895905973024,0.8815490555432471,0.7269746898303149,156.8,215.68838942191937,0.39896248181779215,synthetic,SPEC_V1,2026-10-07
OOD00059,0,59,ood,0.5710351015670101,0.05602138502941253,0.37294351340357734,6.75315405157706,26.821760237542357,33.49177857455179,6.4,2.366707084777181,29.227081998839868,2.488541644721598,28.10175663140953,19.550761304561707,227.98496201911004,6.352521501522799,1.0203061528630564,1.4304677338771183,0.5804053589596836,0.9462170756273938,0.05979700014280093,0.8258244928699954,0.7382033569723303,42.0,56.894891635631325,0.5007906875678274,synthetic,SPEC_V1,2026-10-07
OOD00059,1,59,ood,0.5710351015670101,0.05602138502941253,0.37294351340357734,6.75315405157706,26.821760237542357,33.49177857455179,6.4,2.366707084777181,29.227081998839868,2.488541644721598,28.10175663140953,19.550761304561707,227.98496201911004,6.352521501522799,1.0203061528630564,1.4304677338771183,0.5804053589596836,0.9462170756273938,0.05979700014280093,0.8258244928699954,0.7377954618476775,41.0,55.570957155690266,0.5007906875678274,synthetic,SPEC_V1,2026-10-07
OOD00059,2,59,ood,0.5710351015670101,0.05602138502941253,0.37294351340357734,6.75315405157706,26.821760237542357,33.49177857455179,6.4,2.366707084777181,29.227081998839868,2.488541644721598,28.10175663140953,19.550761304561707,227.98496201911004,6.352521501522799,1.0203061528630564,1.4304677338771183,0.5804053589596836,0.9462170756273938,0.05979700014280093,0.8258244928699954,0.7412749939108677,40.400000000000006,54.50069182403552,0.5007906875678274,synthetic,SPEC_V1,2026-10-07
OOD00059,3,59,ood,0.5710351015670101,0.05602138502941253,0.37294351340357734,6.75315405157706,26.821760237542357,33.49177857455179,6.4,2.366707084777181,29.227081998839868,2.488541644721598,28.10175663140953,19.550761304561707,227.98496201911004,6.352521501522799,1.0203061528630564,1.4304677338771183,0.5804053589596836,0.9462170756273938,0.05979700014280093,0.8258244928699954,0.75,40.7,54.26666666666667,0.5007906875678274,synthetic,SPEC_V1,2026-10-07
OOD00059,4,59,ood,0.5710351015670101,0.05602138502941253,0.37294351340357734,6.75315405157706,26.821760237542357,33.49177857455179,6.4,2.366707084777181,29.227081998839868,2.488541644721598,28.10175663140953,19.550761304561707,227.98496201911004,6.352521501522799,1.0203061528630564,1.4304677338771183,0.5804053589596836,0.9462170756273938,0.05979700014280093,0.8258244928699954,0.7395342286758748,43.2,58.4151460809988,0.5007906875678274,synthetic,SPEC_V1,2026-10-07
OOD00059,5,59,ood,0.5710351015670101,0.05602138502941253,0.37294351340357734,6.75315405157706,26.821760237542357,33.49177857455179,6.4,2.366707084777181,29.227081998839868,2.488541644721598,28.10175663140953,19.550761304561707,227.98496201911004,6.352521501522799,1.0203061528630564,1.4304677338771183,0.5804053589596836,0.9462170756273938,0.05979700014280093,0.8258244928699954,0.75,41.300000000000004,55.06666666666667,0.5007906875678274,synthetic,SPEC_V1,2026-10-07
OOD00059,6,59,ood,0.5710351015670101,0.05602138502941253,0.37294351340357734,6.75315405157706,26.821760237542357,33.49177857455179,6.4,2.366707084777181,29.227081998839868,2.488541644721598,28.10175663140953,19.550761304561707,227.98496201911004,6.352521501522799,1.0203061528630564,1.4304677338771183,0.5804053589596836,0.9462170756273938,0.05979700014280093,0.8258244928699954,0.7497469794980363,41.900000000000006,55.88552024317925,0.5007906875678274,synthetic,SPEC_V1,2026-10-07
OOD00059,7,59,ood,0.5710351015670101,0.05602138502941253,0.37294351340357734,6.75315405157706,26.821760237542357,33.49177857455179,6.4,2.366707084777181,29.227081998839868,2.488541644721598,28.10175663140953,19.550761304561707,227.98496201911004,6.352521501522799,1.0203061528630564,1.4304677338771183,0.5804053589596836,0.9462170756273938,0.05979700014280093,0.8258244928699954,0.739997703371654,39.800000000000004,53.78395070506183,0.5007906875678274,synthetic,SPEC_V1,2026-10-07
